local_id	sha256	ext	format	origin_url	warc_url	bytes	evidence
CC-MAIN-2026-34-cdx-00032-1	279acd9998c8bf6f166ff60e637e1f0e4d5dc3892f25791206bef37ff45ec635	pages	pages	https://aleksandrajhannah.com/wp-content/uploads/2023/08/Brief-Questions.pages	https://data.commoncrawl.org/crawl-data/CC-MAIN-2026-34/segments/1786091385444.26/warc/CC-MAIN-20260812014208-20260812044208-00640.warc.gz	1547416	cc payload verified; Document.iwa root type 10000=TP.DocumentArchive; mime=
CC-MAIN-2026-34-cdx-00016-1	3acb0451369bc958af6572fd157be6336122ff927867544c2db2a6cb7b6dd2e6	pages	pages	https://caloriesrestaurant.ca/wp-content/uploads/2023/06/Essence.pages	https://data.commoncrawl.org/crawl-data/CC-MAIN-2026-34/segments/1786091385961.45/warc/CC-MAIN-20260816093115-20260816123115-00604.warc.gz	238583	cc payload verified; Document.iwa root type 10000=TP.DocumentArchive; mime=
CC-MAIN-2026-34-cdx-00000-1	ab4e2f3ca83f92119b2f50a4d54f571efd26fa1d8af4acc2a938b43a9b491795	legacy	legacy-unknown	https://tom.ai/presentations/icml2012_malisiewicz.key	https://data.commoncrawl.org/crawl-data/CC-MAIN-2026-34/segments/1786091677910.78/warc/CC-MAIN-20260818132700-20260818162700-00746.warc.gz	47192754	origin refetch (cc incomplete: truncated=True digest_ok=True zip_ok=False); legacy bundle: members=['icml2012_malisiewicz.key/index.apxl.gz'] (pre-iWork-13); mime=
CC-MAIN-2026-34-cdx-00048-1	539dd47d0cdb61a725e4528f1adaabb4414fcaabc49ec073a7aaeed260f04f88	pages	pages	https://www.bushel-and-a-peck.com/uploads/5/6/2/2/5622888/bushel___a_peck_privacy_policy.pages	https://data.commoncrawl.org/crawl-data/CC-MAIN-2026-34/segments/1786091385928.59/warc/CC-MAIN-20260816002236-20260816032236-00387.warc.gz	297273	cc payload verified; Document.iwa root type 10000=TP.DocumentArchive; mime=
CC-MAIN-2026-34-cdx-00032-2	1698f312dd93a8bedb998c132d3d138af90a3fe068a582cc5f424d591b5f3657	pages	pages	https://alenaettea.com/wp-content/uploads/2024/04/Lettera-tipo-Modulo-standard-di-recesso_EN.pages	https://data.commoncrawl.org/crawl-data/CC-MAIN-2026-34/segments/1786091680254.99/warc/CC-MAIN-20260819013647-20260819043647-00255.warc.gz	741977	cc payload verified; Document.iwa root type 10000=TP.DocumentArchive; mime=
CC-MAIN-2026-34-cdx-00000-2	c64f4256cee288f7be3767236483f542c6e26e194c448fa82701a112013c8230	legacy	legacy-unknown	https://tom.ai/presentations/kernels-and-distances-workshop.key	https://data.commoncrawl.org/crawl-data/CC-MAIN-2026-34/segments/1786091677910.78/warc/CC-MAIN-20260818132700-20260818162700-00549.warc.gz	33916703	origin refetch (cc incomplete: truncated=True digest_ok=True zip_ok=False); legacy bundle: members=['kernels-and-distances-workshop.key/index.apxl.gz'] (pre-iWork-13); mime=
CC-MAIN-2026-34-cdx-00096-1	0f826b856b29e42137fdfdde7e5e51401fad061aa6056f3b3b56edfe5965bf12	pages	pages	http://lubapetrusha.com/Recipes/Borshch_files/Luba%27s%20Quick-and-Easy%20Ukrainian%20Borshch%202020.pages	https://data.commoncrawl.org/crawl-data/CC-MAIN-2026-34/segments/1786091385751.81/warc/CC-MAIN-20260814175232-20260814205232-00785.warc.gz	229767	cc payload verified; Document.iwa root type 10000=TP.DocumentArchive; mime=
CC-MAIN-2026-34-cdx-00048-2	af6119acf94beed4d1adea1a038eb9cc94b3f8f381e1039d44171c426584746e	numbers	numbers	https://californiaglobe.com/wp-content/uploads/2021/08/ECP_CA_Aug_1-1.numbers	https://data.commoncrawl.org/crawl-data/CC-MAIN-2026-34/segments/1786091674763.85/warc/CC-MAIN-20260817221418-20260818011418-00574.warc.gz	1145551	cc payload verified; Document.iwa root type 1=TN.DocumentArchive; mime=
CC-MAIN-2026-34-cdx-00096-2	6b8460d2240a2fdf7a7c3fb2b9ce5ddfee064439faad05f21a5b041d3ca528b3	key	keynote	https://img.lucensoftware.com/uploads/assets/apple_keynote_gantt_chart_template_ea88e3a2f5.key	https://data.commoncrawl.org/crawl-data/CC-MAIN-2026-34/segments/1786091387097.89/warc/CC-MAIN-20260817004738-20260817034738-00695.warc.gz	473829	cc payload verified; slide iwa present (Index/Slide-15766.iwa); root type 1; mime=
CC-MAIN-2026-34-cdx-00096-3	d88d9139e2f50456961955ea0a16e4cf2fa8e476571771c8392dbcbaba39288a	pages	pages	https://img.lucensoftware.com/uploads/assets/apple_pages_gantt_chart_template_5ced89c62e.pages	https://data.commoncrawl.org/crawl-data/CC-MAIN-2026-34/segments/1786091387097.89/warc/CC-MAIN-20260817004738-20260817034738-00017.warc.gz	232045	cc payload verified; Document.iwa root type 10000=TP.DocumentArchive; mime=
CC-MAIN-2026-34-cdx-00064-1	b9c74bda92703ea2a339d495b0cc944e0f60d482d0d87e42187ef4dc5510178d	pages	pages	https://www.emeraldcityartcollective.com/uploads/7/1/4/3/71432049/mac_wall_label_template.1.pages	https://data.commoncrawl.org/crawl-data/CC-MAIN-2026-34/segments/1786091385295.50/warc/CC-MAIN-20260809214541-20260810004541-00949.warc.gz	479130	cc payload verified; Document.iwa root type 10000=TP.DocumentArchive; mime=
CC-MAIN-2026-34-cdx-00112-1	60d0aadff9ac73063473668c634ba5080b2acd6318a03fa8fa3971ec86fa3262	legacy	legacy-unknown	https://pari-productions.com/wp-content/pari-downloads/kurse-und-ausbildung/Kurs%20Preise-Beschreibungen.pages	https://data.commoncrawl.org/crawl-data/CC-MAIN-2026-34/segments/1786091680284.93/warc/CC-MAIN-20260819043921-20260819073921-00133.warc.gz	92642	cc payload verified; legacy bundle: members=['index.xml'] (pre-iWork-13); mime=
CC-MAIN-2026-34-cdx-00096-5	112880533d04daff11d82e211d9f1e36ea993244431c3a3fb9c3ccb655ac42f3	pages	pages	https://www.lutiesplace.com/wp-content/uploads/2026/06/Minutes-41326.pages	https://data.commoncrawl.org/crawl-data/CC-MAIN-2026-34/segments/1786091680716.98/warc/CC-MAIN-20260819074055-20260819104055-00519.warc.gz	1722596	cc payload verified; Document.iwa root type 10000=TP.DocumentArchive; mime=
CC-MAIN-2026-34-cdx-00096-4	6eeb7066caf95a5ef3295a173376ee817b409149a43dfe576657cfad5d4f1e7a	legacy	legacy-unknown	https://www.lutheranlogomaniac.com/wp-content/uploads/2010/09/Joy3-2010.key	https://data.commoncrawl.org/crawl-data/CC-MAIN-2026-34/segments/1786091680254.99/warc/CC-MAIN-20260819013647-20260819043647-00731.warc.gz	8686219	origin refetch (cc incomplete: truncated=True digest_ok=True zip_ok=False); legacy bundle: members=['index.apxl'] (pre-iWork-13); mime=
CC-MAIN-2026-34-cdx-00112-4	e08c1edd24613eedf277c6d059f4251ee8ce39a0c9018d489b6906b294e326ff	legacy	legacy-unknown	http://pearlpirie.com/wp-content/uploads/2019/11/3-sheets-linkedpages-template.pages	https://data.commoncrawl.org/crawl-data/CC-MAIN-2026-34/segments/1786091385189.22/warc/CC-MAIN-20260809002508-20260809032508-00104.warc.gz	132479	cc payload verified; legacy bundle: members=['index.xml'] (pre-iWork-13); mime=
CC-MAIN-2026-34-cdx-00112-2	0c08d4145668ce93c06c7d136acc9b135f4cd8e4fa80127b93b456d7d91ca4b0	pages	pages	https://www.paroissestnomchavenay.com/accueil_files/aumonerie_inscription2627.pages	https://data.commoncrawl.org/crawl-data/CC-MAIN-2026-34/segments/1786091672082.57/warc/CC-MAIN-20260817130242-20260817160242-00423.warc.gz	817025	cc payload verified; Document.iwa root type 10000=TP.DocumentArchive; mime=
CC-MAIN-2026-34-cdx-00112-5	904cec1c66516e32cfb1499736647af5073c62d878350868a1fce02c9fe86923	pages	pages	https://pearlpirie.com/wp-content/uploads/2024/12/template-24-pages.pages	https://data.commoncrawl.org/crawl-data/CC-MAIN-2026-34/segments/1786091385689.11/warc/CC-MAIN-20260814053915-20260814083915-00137.warc.gz	2121565	cc payload verified; Document.iwa root type 10000=TP.DocumentArchive; mime=
CC-MAIN-2026-34-cdx-00112-7	78c723a52685987a7fcd02b5b5fc16f7f75618f99daf554611df8e27489634d9	pages	pages	http://www.penningtonwellnessllc.com/uploads/2/5/0/1/25017331/application_for_care_.pages	https://data.commoncrawl.org/crawl-data/CC-MAIN-2026-34/segments/1786091385328.36/warc/CC-MAIN-20260810095832-20260810125832-00131.warc.gz	870179	cc payload verified; Document.iwa root type 10000=TP.DocumentArchive; mime=
CC-MAIN-2026-34-cdx-00112-6	f39fd5840dd109317eb79002951a4842e6ae252dcdf4d258216caf377156d0d7	pages	pages	https://pearlpirie.com/wp-content/uploads/2024/12/template-36-pages.pages	https://data.commoncrawl.org/crawl-data/CC-MAIN-2026-34/segments/1786091385515.44/warc/CC-MAIN-20260812135259-20260812165259-00498.warc.gz	2132649	cc payload verified; Document.iwa root type 10000=TP.DocumentArchive; mime=
CC-MAIN-2026-34-cdx-00144-1	55d37c2bbb934ef0ec4e318325504087d39fcfdd68f624e67d6206877e94fbfe	pages	pages	https://veloceplanes.com/wp-content/uploads/2025/12/POH_PIlot_Operating_Handbook_Veloce-Ang-01.POH-2.pages	https://data.commoncrawl.org/crawl-data/CC-MAIN-2026-34/segments/1786091677317.76/warc/CC-MAIN-20260818072149-20260818102149-00669.warc.gz	3366134	cc payload verified; Document.iwa root type 10000=TP.DocumentArchive; mime=
CC-MAIN-2026-34-cdx-00160-1	5690f08ee1cec499ee98d534e401c88647bd172d562e0b0d3af38dbd4c7009ac	pages	pages	https://www.f-h-e.de/wp-content/uploads/2024/06/Anmeldung-zum-Repair-Cafe-4-1.pages	https://data.commoncrawl.org/crawl-data/CC-MAIN-2026-34/segments/1786091385823.62/warc/CC-MAIN-20260815090613-20260815120613-00128.warc.gz	781739	cc payload verified; Document.iwa root type 10000=TP.DocumentArchive; mime=
CC-MAIN-2026-34-cdx-00144-2	50189d245b32ac8e60c2abf7b998f11d2f97d0a78d4540e37fada5e18c63e527	key	keynote	https://nij4ii3viecfytid.public.blob.vercel-storage.com/presentations/ankawa.key	https://data.commoncrawl.org/crawl-data/CC-MAIN-2026-34/segments/1786091674238.48/warc/CC-MAIN-20260817191046-20260817221046-00846.warc.gz	17895441	origin refetch (cc incomplete: truncated=True digest_ok=True zip_ok=False); slide iwa present (Index/Slide-757-2.iwa); root type 1; mime=
CC-MAIN-2026-34-cdx-00160-2	a895cf0f56ef919a9ec0a3f3c3a676c56b427f48db61495a7eb51e98d43c0cfe	pages	pages	https://www.fewo-schluttenhofer.de/wp-content/uploads/2017/08/Stunden-Plan.pages	https://data.commoncrawl.org/crawl-data/CC-MAIN-2026-34/segments/1786091385166.7/warc/CC-MAIN-20260808151638-20260808181638-00771.warc.gz	97657	cc payload verified; Document.iwa root type 10000=TP.DocumentArchive; mime=
CC-MAIN-2026-34-cdx-00160-3	7adcd82bd62434a113ceeb107f2f28ebb7cd2c623750b2b5794051061888f227	numbers	numbers	https://fs-fussballtalente.de/wp-content/uploads/2021/06/Sommerferien-Herrsching-2021-.key	https://data.commoncrawl.org/crawl-data/CC-MAIN-2026-34/segments/1786091385582.55/warc/CC-MAIN-20260813142326-20260813172326-00213.warc.gz	2643721	cc payload verified; Document.iwa root type 1=TN.DocumentArchive; mime=
CC-MAIN-2026-34-cdx-00144-3	3dfb386cea463f794cad0dc3e33a7108968d73a37623ba4c2dc333e0491c27f4	key	keynote	https://nij4ii3viecfytid.public.blob.vercel-storage.com/presentations/dream-city.key	https://data.commoncrawl.org/crawl-data/CC-MAIN-2026-34/segments/1786091674238.48/warc/CC-MAIN-20260817191046-20260817221046-00166.warc.gz	20014940	origin refetch (cc incomplete: truncated=True digest_ok=True zip_ok=False); slide iwa present (Index/Slide-757-2.iwa); root type 1; mime=
CC-MAIN-2026-34-cdx-00224-2	4ccaddd3f0b51d6c8ae0ea2735e91e44a02eddb98465971a5308c1c2502802f5	pages	pages	https://www.internetgeography.net/wp-content/uploads/2017/12/Geog-Your-Memory-Mixed.pages	https://data.commoncrawl.org/crawl-data/CC-MAIN-2026-34/segments/1786091385525.56/warc/CC-MAIN-20260812165636-20260812195636-00574.warc.gz	1047477	cc payload verified; Document.iwa root type 10000=TP.DocumentArchive; mime=
CC-MAIN-2026-34-cdx-00224-1	91be3ce46e4d7652230f95968e17171f0df094a570afc92db466847b93f19f2f	pages	pages	https://www.internetgeography.net/wp-content/uploads/2017/12/Geog-Your-Memory-Mixed-2.pages	https://data.commoncrawl.org/crawl-data/CC-MAIN-2026-34/segments/1786091385415.17/warc/CC-MAIN-20260811072451-20260811102451-00763.warc.gz	825843	cc payload verified; Document.iwa root type 10000=TP.DocumentArchive; mime=
CC-MAIN-2026-34-cdx-00224-6	4bdf4c061e02d6e849b552661b65d8da1a89493fe72b8f2658b098ab185f55f6	key	keynote	https://archive.jonbell.net/wp-content/uploads/2019/02/Lecture-4-Concurrency-and-Correctness.key	https://data.commoncrawl.org/crawl-data/CC-MAIN-2026-34/segments/1786091385438.28/warc/CC-MAIN-20260811193657-20260811223657-00343.warc.gz	1114751	cc payload verified; slide iwa present (Index/MasterSlide-3637.iwa); root type 1; mime=
CC-MAIN-2026-34-cdx-00224-7	441130d2a359d845c1bbcbc6be173be9e19e1ea3a00b2f289330882065086453	key	keynote	https://archive.jonbell.net/wp-content/uploads/2019/03/Lecture-17-3PC.key	https://data.commoncrawl.org/crawl-data/CC-MAIN-2026-34/segments/1786091385438.28/warc/CC-MAIN-20260811193657-20260811223657-00833.warc.gz	7906329	origin refetch (cc incomplete: truncated=True digest_ok=True zip_ok=False); slide iwa present (Index/MasterSlide-3637.iwa); root type 1; mime=
CC-MAIN-2026-34-cdx-00224-8	4ecab480ce51e39a482dee24f149f363ca2cbca7477fc0a699e82e138a3517fe	pages	pages	https://blog.kakaocdn.net/dna/bBFwAL/btqwGjo9tvn/AAAAAAAAAAAAAAAAAAAAAJEawaYpS1QngsB3lDTjcsctG4Ie9Hl9Q1OmR4Nnp7Eq/%E1%84%8C%E1%85%B5%E1%84%8B%E1%85%AF%E1%86%AB%E1%84%89%E1%85%A5%E1%84%85%E1%85%B2_%E1%84%89%E1%85%A5%E1%86%BC%E1%84%92%E1%85%A1%E1%86%B7.pages?credential=yqXZFxpELC7KVnFOS48ylbz2pIh7yKj8&expires=1788188399&allow_ip=&allow_referer=&signature=gYjpVy7nPZzEgecU8eG40Ls%2BEBM%3D&attach=1&knm=tfile.pages	https://data.commoncrawl.org/crawl-data/CC-MAIN-2026-34/segments/1786091385543.75/warc/CC-MAIN-20260812230232-20260813020232-00698.warc.gz	85794	cc payload verified; Document.iwa root type 10000=TP.DocumentArchive; mime=
CC-MAIN-2026-34-cdx-00224-9	8f3c1b9ef5f65a3eb4640559540f02127d1ea8a9073a4dee7baa828f7cde1eaf	pages	pages	https://kristinaolsen.net/wp-content/uploads/2026/05/Bio-2026-varying-lengths.pages	https://data.commoncrawl.org/crawl-data/CC-MAIN-2026-34/segments/1786091677317.76/warc/CC-MAIN-20260818072149-20260818102149-00250.warc.gz	374323	cc payload verified; Document.iwa root type 10000=TP.DocumentArchive; mime=
CC-MAIN-2026-34-cdx-00224-11	a8c00fb990494a84e613b4c01262b4eae13a22697ac76d4f016c5338ad0dcd5d	key	keynote	https://kuwapyon.net/200510_nanaco/2020nanaco.key	https://data.commoncrawl.org/crawl-data/CC-MAIN-2026-34/segments/1786091385982.61/warc/CC-MAIN-20260816153610-20260816183610-00579.warc.gz	916752	cc payload verified; slide iwa present (Index/MasterSlide-1.iwa); root type 1; mime=
CC-MAIN-2026-34-cdx-00224-10	515bac3de88142ed5c7feca2e8b2254ade1ec7c313c71a7472c1b4cbc97fcbc7	pages	pages	https://kristinaolsen.net/wp-content/uploads/2026/05/Kristina-Olsen-EPK-7-no-phone-with-choir.pages	https://data.commoncrawl.org/crawl-data/CC-MAIN-2026-34/segments/1786091677317.76/warc/CC-MAIN-20260818072149-20260818102149-00330.warc.gz	3865067	cc payload verified; Document.iwa root type 10000=TP.DocumentArchive; mime=
CC-MAIN-2026-34-cdx-00224-12	08ce9d41bc77ce824032b937424469c70660132fd88675d9bcbb7163805af3b5	legacy	legacy-unknown	https://kuwapyon.net/ic.key	https://data.commoncrawl.org/crawl-data/CC-MAIN-2026-34/segments/1786091385982.61/warc/CC-MAIN-20260816153610-20260816183610-00247.warc.gz	948320	cc payload verified; legacy bundle: members=['index.apxl'] (pre-iWork-13); mime=
CC-MAIN-2026-34-cdx-00224-13	c376245e38d1212ba7971ef6f75a05de669f960ae258963f3cc97bb5ac308d77	legacy	legacy-unknown	https://kuwapyon.net/suica.key	https://data.commoncrawl.org/crawl-data/CC-MAIN-2026-34/segments/1786091385982.61/warc/CC-MAIN-20260816153610-20260816183610-00346.warc.gz	855074	cc payload verified; legacy bundle: members=['index.apxl'] (pre-iWork-13); mime=
CC-MAIN-2026-34-cdx-00224-3	ff030adc37fb3c39d6273e8b4704cd5de627596cf8d880022df552fa12a454a6	key	keynote	http://jick.net/musr/ppt/History4CSNS.key	https://data.commoncrawl.org/crawl-data/CC-MAIN-2026-34/segments/1786091385515.44/warc/CC-MAIN-20260812135259-20260812165259-00481.warc.gz	48572086	origin refetch (cc incomplete: truncated=True digest_ok=True zip_ok=False); slide iwa present (Index/MasterSlide.iwa); root type 1; mime=
CC-MAIN-2026-34-cdx-00240-4	d8cd3be0c4893afaca5ef07db70781357ab0ef0606d5d60419710795c654a7a1	legacy	legacy-unknown	https://www.enog.org/presentations/enog-8/311-Paul_Rendek-ENOG8-RIPE_NCC_Mission_and_Services.key	https://data.commoncrawl.org/crawl-data/CC-MAIN-2026-34/segments/1786091387114.72/warc/CC-MAIN-20260817035111-20260817065111-00891.warc.gz	4359620	cc payload verified; legacy bundle: members=['index.apxl'] (pre-iWork-13); mime=
CC-MAIN-2026-34-cdx-00240-1	9fdab1311053c391b387e1a4cf2632543e3244360c755e244bf6551fe3e6d979	pages	pages	https://www.echohillsouth.org/wp-content/uploads/2025/03/EHSA-Board-Meeting-Minutes-3-29-25.pages	https://data.commoncrawl.org/crawl-data/CC-MAIN-2026-34/segments/1786091385381.39/warc/CC-MAIN-20260810190756-20260810220756-00670.warc.gz	783470	cc payload verified; Document.iwa root type 10000=TP.DocumentArchive; mime=
CC-MAIN-2026-34-cdx-00240-2	de1bed95e3d3bf0844e82ae0684c21115beaff4f557ac0d98aff769b40db2806	key	keynote	https://www.efp.org/fileadmin/uploads/euro_perio/EFP_Perio_Master_Clinic_2023/Downloads/EFP_PMC_23_Breakslide_RZ.key	https://data.commoncrawl.org/crawl-data/CC-MAIN-2026-34/segments/1786091385751.81/warc/CC-MAIN-20260814175232-20260814205232-00275.warc.gz	3019167	cc payload verified; slide iwa present (Index/Slide-2641820.iwa); root type 1; mime=
CC-MAIN-2026-34-cdx-00240-6	0f9df553f4a7afb8147288b9ffb4352624edea6448e946b859516768ed99d573	key	keynote	https://enog.org/wp-content/uploads/presentations/enog-13/21-Collision-ENOG13.key	https://data.commoncrawl.org/crawl-data/CC-MAIN-2026-34/segments/1786091385582.55/warc/CC-MAIN-20260813142326-20260813172326-00599.warc.gz	2703173	cc payload verified; slide iwa present (Index/Slide-69.iwa); root type 1; mime=
CC-MAIN-2026-34-cdx-00240-5	85c3a6f17ca8e64ae24fb95c64af6c47e87f27237bfc19386bd09088da998007	key	keynote	https://www.enog.org/presentations/enog-9/36-Netnod_update_ENOG9_150610.key	https://data.commoncrawl.org/crawl-data/CC-MAIN-2026-34/segments/1786091387114.72/warc/CC-MAIN-20260817035111-20260817065111-00781.warc.gz	4804486	cc payload verified; slide iwa present (Index/MasterSlide-8.iwa); root type 1; mime=
CC-MAIN-2026-34-cdx-00240-7	30009da630855289baca54e865f1e434c669856c7ef6d8017c834b5f4b0de546	pages	pages	https://eopacodeblue.org/wp-content/uploads/2026/05/Resolution-of-the-Alameda-Unified-School-District-Board-of-Education.pages	https://data.commoncrawl.org/crawl-data/CC-MAIN-2026-34/segments/1786091677910.78/warc/CC-MAIN-20260818132700-20260818162700-00360.warc.gz	869563	cc payload verified; Document.iwa root type 10000=TP.DocumentArchive; mime=
CC-MAIN-2026-34-cdx-00240-8	3b2f7e554743c1766c32df3d0b9988d15688bd2a1c7e86d5e95aac26c9c77a10	key	keynote	https://www.esup-portail.org/wiki/download/attachments/1170014211/ED34--template.key?version=1&modificationDate=1663082198000&api=v2	https://data.commoncrawl.org/crawl-data/CC-MAIN-2026-34/segments/1786091385223.27/warc/CC-MAIN-20260809093337-20260809123337-00631.warc.gz	5236534	cc payload verified; slide iwa present (Index/Slide-224788.iwa); root type 1; mime=
CC-MAIN-2026-34-cdx-00240-10	464a9554a5875ec6094d9a588aae9921c9b88f9ffe60dc7526349e0b7bbf70d7	legacy	legacy-unknown	https://fiche.org/wp-content/uploads/2022/05/blank_transcript.numbers	https://data.commoncrawl.org/crawl-data/CC-MAIN-2026-34/segments/1786091676506.70/warc/CC-MAIN-20260818042017-20260818072017-00577.warc.gz	97789	cc payload verified; legacy bundle: members=['index.xml'] (pre-iWork-13); mime=
CC-MAIN-2026-34-cdx-00240-11	1b2f6c52ebac59eb023caf6516abed58684071c97884429e80dfa917bb9789e6	pages	pages	https://www.firstuccgaylord.org/wp-content/uploads/3_16_26_REACHING_IN_MINUTES.01.pages	https://data.commoncrawl.org/crawl-data/CC-MAIN-2026-34/segments/1786091387120.69/warc/CC-MAIN-20260817065350-20260817095350-00179.warc.gz	829914	cc payload verified; Document.iwa root type 10000=TP.DocumentArchive; mime=
CC-MAIN-2026-34-cdx-00240-12	75e6174464ca82dfe14447f31877efb88075decf3c7001d0b5037e8ce345597a	key	keynote	https://indico.flatironinstitute.org/event/3388/contributions/2964/attachments/762/1136/QingyangLi.key	https://data.commoncrawl.org/crawl-data/CC-MAIN-2026-34/segments/1786091384964.66/warc/CC-MAIN-20260807103001-20260807133001-00408.warc.gz	8463435	origin refetch (cc incomplete: truncated=True digest_ok=True zip_ok=False); slide iwa present (Index/Slide-2644420.iwa); root type 1; mime=
CC-MAIN-2026-34-cdx-00017-1	4b675634ee18cff20665eabe3f936cc4422081b8c782d5916427f419c4c3ce9d	pages	pages	https://www.littlemunchkinspreschoolcenter.ca/wp-content/uploads/2021/11/December-Menu.pages	https://data.commoncrawl.org/crawl-data/CC-MAIN-2026-34/segments/1786091385801.49/warc/CC-MAIN-20260815030115-20260815060115-00359.warc.gz	153350	cc payload verified; Document.iwa root type 10000=TP.DocumentArchive; mime=
CC-MAIN-2026-34-cdx-00256-1	2496c03762b40caef317cac2b2b0c7824b039ba2b0ec64606a36fb367ef07c9e	pages	pages	https://www.murowana-goslina.pl/plik,3835,urzad-murowana-goslina-teskt-do-odczytu-maszynowego-pages.pages	https://data.commoncrawl.org/crawl-data/CC-MAIN-2026-34/segments/1786091385582.55/warc/CC-MAIN-20260813142326-20260813172326-00368.warc.gz	737957	cc payload verified; Document.iwa root type 10000=TP.DocumentArchive; mime=
CC-MAIN-2026-34-cdx-00224-5	b96467360694ff26902c028ea62c67e163008884afbc5ea14ddb1a31719c11c9	legacy	legacy-unknown	http://jick.net/musr/ppt/muSRatTRIUMF-BIG.key	https://data.commoncrawl.org/crawl-data/CC-MAIN-2026-34/segments/1786091385515.44/warc/CC-MAIN-20260812135259-20260812165259-00340.warc.gz	55456874	origin refetch (cc incomplete: truncated=True digest_ok=True zip_ok=False); legacy bundle: members=['index.apxl'] (pre-iWork-13); mime=
CC-MAIN-2026-34-cdx-00017-3	0e4ad34c28238df8c664f64119d976459a6b9ff7bcaaf2201107803a76375a84	key	keynote	https://events.perimeterinstitute.ca/event/1924/contributions/2334/attachments/210/327/Perimeter_Talk_Lilie_Upload.key	https://data.commoncrawl.org/crawl-data/CC-MAIN-2026-34/segments/1786091385416.52/warc/CC-MAIN-20260811102717-20260811132717-00738.warc.gz	15047101	origin refetch (cc incomplete: truncated=True digest_ok=True zip_ok=False); slide iwa present (Index/Slide-4204573.iwa); root type 1; mime=
CC-MAIN-2026-34-cdx-00049-1	5aeab1ce6990875e1adc3c5a9f5c3c097e842819d68e1cecf28b2a4749333513	pages	pages	https://www.canningmg.com/wp-content/uploads/2019/07/New-Canonchet-Cliffs_-Background-Information.pages	https://data.commoncrawl.org/crawl-data/CC-MAIN-2026-34/segments/1786091385582.55/warc/CC-MAIN-20260813142326-20260813172326-00196.warc.gz	821995	cc payload verified; Document.iwa root type 10000=TP.DocumentArchive; mime=
CC-MAIN-2026-34-cdx-00049-2	6dc8463a3ef1faa033a591c4c6f36c50c7ca17e0474dfe0135697bee597d532a	pages	pages	https://www.cardinaleacupuncture.com/uploads/6/9/0/2/69026941/gluten.pages	https://data.commoncrawl.org/crawl-data/CC-MAIN-2026-34/segments/1786091385953.65/warc/CC-MAIN-20260816062741-20260816092741-00012.warc.gz	365238	cc payload verified; Document.iwa root type 10000=TP.DocumentArchive; mime=
CC-MAIN-2026-34-cdx-00017-2	e525ca919ab773aac94ef700da3c9df26a16fe18d004fe21423032c3a171b85b	key	keynote	https://michaelbrooks.ca/deck/2016-01-29-pgday-us/2016-01-29-phonegap-day-us.key	https://data.commoncrawl.org/crawl-data/CC-MAIN-2026-34/segments/1786091680806.87/warc/CC-MAIN-20260819134558-20260819164558-00226.warc.gz	44720952	origin refetch (cc incomplete: truncated=True digest_ok=True zip_ok=False); slide iwa present (Index/Slide-32.iwa); root type 1; mime=
CC-MAIN-2026-34-cdx-00065-1	ee7036ce02c55c331b6cbc984e9650977a4fab1e725ea32a89ed39b1f79321c5	pages	pages	https://www.erickimphotography.com/Downloads/Books/ZenInTheArtofStreetPhotography/Zen%20in%20the%20Art%20of%20Street%20Photography.pages	https://data.commoncrawl.org/crawl-data/CC-MAIN-2026-34/segments/1786091385438.28/warc/CC-MAIN-20260811193657-20260811223657-00524.warc.gz	886062	cc payload verified; Document.iwa root type 10000=TP.DocumentArchive; mime=
CC-MAIN-2026-34-cdx-00049-4	e0ab4fc82ca47c62fb565330f63ac0893791d66539f36487b4489961f42befc2	key	keynote	https://www.casaelitegroup.com/uploads/1/4/2/7/142749201/exp_presentation_2026key.key	https://data.commoncrawl.org/crawl-data/CC-MAIN-2026-34/segments/1786091385444.26/warc/CC-MAIN-20260812014208-20260812044208-00284.warc.gz	17996960	origin refetch (cc incomplete: truncated=True digest_ok=True zip_ok=False); slide iwa present (Index/Slide-892-2.iwa); root type 1; mime=
CC-MAIN-2026-34-cdx-00081-1	3be463ba1c6f48207a0647bcbc6d0bddf77caac8c1730c4aa7ff8e5a040392e2	legacy	legacy-unknown	https://hyper-db.com/nedb2014_keynote09.key	https://data.commoncrawl.org/crawl-data/CC-MAIN-2026-34/segments/1786091385258.30/warc/CC-MAIN-20260809184318-20260809214318-00391.warc.gz	3925656	cc payload verified; legacy bundle: members=['index.apxl'] (pre-iWork-13); mime=
CC-MAIN-2026-34-cdx-00065-2	98c2e721b2d528b3dfecbe1c2dfc13ce4ec097ffa40876fcd74c6449952aeb82	pages	pages	https://www.estelasplayhouse.com/wp-content/uploads/2024/02/ENROLLMENT-PAPERS-ENROLLMENT_-CON-SEMAFORO-3.pages	https://data.commoncrawl.org/crawl-data/CC-MAIN-2026-34/segments/1786091680254.99/warc/CC-MAIN-20260819013647-20260819043647-00551.warc.gz	890005	cc payload verified; Document.iwa root type 10000=TP.DocumentArchive; mime=
CC-MAIN-2026-34-cdx-00161-2	619804f0a94c2d699baa681ba9f0813dbc196eb1b9141b522c6c887195d33192	pages	pages	https://greenside-kitchen.de/wp-content/uploads/2026/07/22.07.26-Speisekarte.pages	https://data.commoncrawl.org/crawl-data/CC-MAIN-2026-34/segments/1786091385151.2/warc/CC-MAIN-20260808090928-20260808120928-00809.warc.gz	1534831	cc payload verified; Document.iwa root type 10000=TP.DocumentArchive; mime=
CC-MAIN-2026-34-cdx-00161-4	fedc639ba4a3118d97a99542b1c7fa08f66ee4c0b9d851fa1bfdfd821397c003	key	keynote	https://uni.heiko-etzold.de/stoffdidaktik/2025-26/files/Stoffdidaktik2025-11-DidaktikDerStochastik.key	https://data.commoncrawl.org/crawl-data/CC-MAIN-2026-34/segments/1786091385428.43/warc/CC-MAIN-20260811132950-20260811162950-00596.warc.gz	2777262	cc payload verified; slide iwa present (Index/Slide-3900721.iwa); root type 1; mime=
CC-MAIN-2026-34-cdx-00161-3	562bea06a7d4ae978cd42ae38c919fa9568c7e2d6816009cbdf4b844bec665a5	key	keynote	https://www.gym-nw.de/wp-content/uploads/2025/06/Anmeldung-am-GNW-1.key	https://data.commoncrawl.org/crawl-data/CC-MAIN-2026-34/segments/1786091385401.5/warc/CC-MAIN-20260811011751-20260811041751-00672.warc.gz	5898556	origin refetch (cc incomplete: truncated=True digest_ok=True zip_ok=False); slide iwa present (Index/Slide-2473280.iwa); root type 1; mime=
CC-MAIN-2026-34-cdx-00081-2	d345acfcf1b496264bba73e9548d7e875131e270c286adb1be318ae4dc2ad98f	key	keynote	https://www.iangoodfellow.com/slides/2017-12-09-bridging.key	https://data.commoncrawl.org/crawl-data/CC-MAIN-2026-34/segments/1786091385858.80/warc/CC-MAIN-20260815181639-20260815211639-00140.warc.gz	41962633	origin refetch (cc incomplete: truncated=True digest_ok=True zip_ok=False); slide iwa present (Index/MasterSlide-9.iwa); root type 1; mime=
CC-MAIN-2026-34-cdx-00177-1	3588dfa5180478a01782c27cfe343f17e98906c7c2ec2cf3b8710a0e066da23e	pages	pages	http://www.tapiceriasdelgado.es/1/upload/aviso_legal_y_pola_tica_de_privacidad_tapicerias_delgado_3_.pages	https://data.commoncrawl.org/crawl-data/CC-MAIN-2026-34/segments/1786091385415.17/warc/CC-MAIN-20260811072451-20260811102451-00987.warc.gz	804187	cc payload verified; Document.iwa root type 10000=TP.DocumentArchive; mime=
CC-MAIN-2026-34-cdx-00225-1	5c152beb2a3ba8536a8111092b30dc0ca4c3c5ffde793aecd48849430b9388c5	numbers	numbers	https://mic3.net/wp-content/uploads/2026/06/Expense-Reimbursement-Form-Employee-and-Non-Employee-Numbers.numbers	https://data.commoncrawl.org/crawl-data/CC-MAIN-2026-34/segments/1786091678506.74/warc/CC-MAIN-20260818162855-20260818192855-00332.warc.gz	825117	cc payload verified; Document.iwa root type 1=TN.DocumentArchive; mime=
CC-MAIN-2026-34-cdx-00225-2	3b35988a74582c0815b973d63bb6a5c5fef18d7568ca97fdb991039cf00de888	pages	pages	https://mvpplumbingpro.net/wp-content/uploads/2024/04/Employment-App.pages	https://data.commoncrawl.org/crawl-data/CC-MAIN-2026-34/segments/1786091385301.19/warc/CC-MAIN-20260810004910-20260810034910-00675.warc.gz	1065788	cc payload verified; Document.iwa root type 10000=TP.DocumentArchive; mime=
CC-MAIN-2026-34-cdx-00241-1	9709e35a9f15e9d35e9541affe5f29352413d0e7e048d461d2c6848cabc1b36b	pages	pages	https://www.gfwcws.org/events/ewExternalFiles/PD%20Fall%20Board%204%20web.pages	https://data.commoncrawl.org/crawl-data/CC-MAIN-2026-34/segments/1786091385116.40/warc/CC-MAIN-20260808030320-20260808060320-00781.warc.gz	259207	cc payload verified; Document.iwa root type 10000=TP.DocumentArchive; mime=
CC-MAIN-2026-34-cdx-00241-2	47dcf42f58c2d828516822169b102e5dadee170f39e8c55fd31d43114ae3f5b5	pages	pages	https://www.globalreporters.org/documents/enquete/Ma_region_mo_pays.pages	https://data.commoncrawl.org/crawl-data/CC-MAIN-2026-34/segments/1786091385574.53/warc/CC-MAIN-20260813111745-20260813141745-00832.warc.gz	257946	cc payload verified; Document.iwa root type 10000=TP.DocumentArchive; mime=
CC-MAIN-2026-34-cdx-00241-5	cde51bf0ee51bd3b176d6a998c026cd6f761a9ad178d3fd953c4870bb00a6213	pages	pages	https://grandislevt.org/wp-content/uploads/2020/01/agenda01082020.pages	https://data.commoncrawl.org/crawl-data/CC-MAIN-2026-34/segments/1786091677910.78/warc/CC-MAIN-20260818132700-20260818162700-00141.warc.gz	118221	cc payload verified; Document.iwa root type 10000=TP.DocumentArchive; mime=
CC-MAIN-2026-34-cdx-00241-3	c74d48ff9ce765c08addad6616d3e009d33c8fde4e39ef2c5b0bbf950d140efc	legacy	legacy-unknown	https://gloriousopportunity.org/resources/Meltdown_Leaflet_v1.pages	https://data.commoncrawl.org/crawl-data/CC-MAIN-2026-34/segments/1786091385254.10/warc/CC-MAIN-20260809154047-20260809184047-00844.warc.gz	520722	cc payload verified; legacy bundle: members=['index.xml'] (pre-iWork-13); mime=
CC-MAIN-2026-34-cdx-00177-2	ab2df30e54b135dfea3e4e227610371406823e0efa5ff1ccbf5e025b27431f6c	key	keynote	https://indico.fis.ucm.es/event/32/contributions/638/attachments/420/734/Alcala2025_ClaraDehman.key	https://data.commoncrawl.org/crawl-data/CC-MAIN-2026-34/segments/1786091385738.18/warc/CC-MAIN-20260814144954-20260814174954-00301.warc.gz	50487189	origin refetch (cc incomplete: truncated=True digest_ok=True zip_ok=False); slide iwa present (Index/Slide-1265630.iwa); root type 1; mime=
CC-MAIN-2026-34-cdx-00241-7	164608afc17b65bb046460cdca6fe1e59cb467f5b7188ef2e623caac52339fe2	legacy	legacy-unknown	https://greensonabudget.org/ewExternalFiles/Gr%20Oats-%20Avena%20X%202.pages	https://data.commoncrawl.org/crawl-data/CC-MAIN-2026-34/segments/1786091385431.4/warc/CC-MAIN-20260811163319-20260811193319-00469.warc.gz	115653	cc payload verified; legacy bundle: members=['index.xml'] (pre-iWork-13); mime=
CC-MAIN-2026-34-cdx-00241-6	70b0cb763b055c87bfdcf7b4784f64142870c9fcb10b80bbef53505dc43734d4	pages	pages	https://grandislevt.org/wp-content/uploads/2020/08/10-14-2020MtgMinutes.pages	https://data.commoncrawl.org/crawl-data/CC-MAIN-2026-34/segments/1786091385460.47/warc/CC-MAIN-20260812074805-20260812104805-00404.warc.gz	268996	cc payload verified; Document.iwa root type 10000=TP.DocumentArchive; mime=
CC-MAIN-2026-34-cdx-00241-10	901655623a7ad4c0bff9fd1a7a475ab1627e8effd828924be9aea8dc75d6a8df	key	keynote	https://www.gstss.org/2015_Norfolk_3rd/presentations/plag_opening.key	https://data.commoncrawl.org/crawl-data/CC-MAIN-2026-34/segments/1786091385444.26/warc/CC-MAIN-20260812014208-20260812044208-00095.warc.gz	2955675	cc payload verified; slide iwa present (Index/MasterSlide-13.iwa); root type 1; mime=
CC-MAIN-2026-34-cdx-00241-12	d7177cefaf6b19ae8e54d47122496c7c5d6610559e061dda41786ee817bad32b	key	keynote	https://www.hamradioworks.org/uploads/1/2/3/5/12353778/repeaters_1.key	https://data.commoncrawl.org/crawl-data/CC-MAIN-2026-34/segments/1786091385515.44/warc/CC-MAIN-20260812135259-20260812165259-00538.warc.gz	5201121	cc payload verified; slide iwa present (Index/Slide-468-2.iwa); root type 1; mime=
CC-MAIN-2026-34-cdx-00241-9	4a7a4ae91bbe21ba9710eb104c59b624034735f9c979d61434b6f94f4ddf6030	key	keynote	https://www.gstss.org/2015_Norfolk_3rd/presentations/20150324_Plag.key	https://data.commoncrawl.org/crawl-data/CC-MAIN-2026-34/segments/1786091385444.26/warc/CC-MAIN-20260812014208-20260812044208-00088.warc.gz	45015261	origin refetch (cc incomplete: truncated=True digest_ok=True zip_ok=False); slide iwa present (Index/MasterSlide-14.iwa); root type 1; mime=
CC-MAIN-2026-34-cdx-00257-1	e45bda3fb90ff1019408058f6a8b7babf1c5d08d7d4899230b2bf1af3d04fa7e	pages	pages	https://tatrafoot.pl/wp-content/uploads/2025/10/Formularz-rezygnacji-z-uczestnictwa.pages	https://data.commoncrawl.org/crawl-data/CC-MAIN-2026-34/segments/1786091385751.81/warc/CC-MAIN-20260814175232-20260814205232-00021.warc.gz	687115	cc payload verified; Document.iwa root type 10000=TP.DocumentArchive; mime=
CC-MAIN-2026-34-cdx-00241-11	1c6f15171283d05e3c0c97742334e05ac0e9258f2a221a0a1700e8f9f4e6fa53	legacy	legacy-unknown	https://www.gstss.org/2015_Norfolk_3rd/presentations/sdgs_boundaries.key	https://data.commoncrawl.org/crawl-data/CC-MAIN-2026-34/segments/1786091385444.26/warc/CC-MAIN-20260812014208-20260812044208-00416.warc.gz	8081908	origin refetch (cc incomplete: truncated=True digest_ok=True zip_ok=False); legacy bundle: members=['index.apxl'] (pre-iWork-13); mime=
CC-MAIN-2026-34-cdx-00241-13	39186fc9c6246d11159bf665bfe064264e20aa5f8748a9677a9ba78ef5ba4b97	key	keynote	https://hawksley.org/talks/2023-accessible-by-default/slides.key	https://data.commoncrawl.org/crawl-data/CC-MAIN-2026-34/segments/1786091386141.90/warc/CC-MAIN-20260816214409-20260817004409-00271.warc.gz	34186604	origin refetch (cc incomplete: truncated=True digest_ok=True zip_ok=False); slide iwa present (Index/Slide-2641820.iwa); root type 1; mime=
CC-MAIN-2026-34-cdx-00289-2	9ad6cfab0ac11e5d4abd1ca8942b4a9645890363461ee578f93076448af60239	key	keynote	https://conference.ippp.dur.ac.uk/event/937/contributions/5025/attachments/4114/4821/YTF_2020_Morales.key	https://data.commoncrawl.org/crawl-data/CC-MAIN-2026-34/segments/1786091674763.85/warc/CC-MAIN-20260817221418-20260818011418-00406.warc.gz	10516877	origin refetch (cc incomplete: truncated=True digest_ok=True zip_ok=False); slide iwa present (Index/MasterSlide-14430.iwa); root type 1; mime=
CC-MAIN-2026-34-cdx-00289-1	9dd4ecd276dfd1d7c0445ed043cc4f9a53e6b76edfc345afa7a36e85f1cb2f03	key	keynote	https://conference.ippp.dur.ac.uk/event/660/contributions/4052/attachments/3392/3702/IPPP_WhatIsTheMachineLearning_Ostdiek.key	https://data.commoncrawl.org/crawl-data/CC-MAIN-2026-34/segments/1786091387263.73/warc/CC-MAIN-20260817095816-20260817125816-00246.warc.gz	18959193	origin refetch (cc incomplete: truncated=True digest_ok=True zip_ok=False); slide iwa present (Index/MasterSlide-11.iwa); root type 1; mime=
CC-MAIN-2026-34-cdx-00289-5	cf4be2cf96a49ad9f823043f9c5260a4a265ab8cf228a6b944b11b8241653bc7	key	keynote	https://indico.ph.ed.ac.uk/event/26/contributions/362/attachments/320/356/Amplitudes2017_Boels.key	https://data.commoncrawl.org/crawl-data/CC-MAIN-2026-34/segments/1786091385982.61/warc/CC-MAIN-20260816153610-20260816183610-00433.warc.gz	3759802	cc payload verified; slide iwa present (Index/Slide-990957.iwa); root type 1; mime=
CC-MAIN-2026-34-cdx-00289-6	74f309969a32346085c47637ae8e99d1efa639244d8a33bbd63c77067bab0fe4	key	keynote	https://mssl.ucl.ac.uk/~dml/Solar_Missions_Forum_2019/opportunities.key	https://data.commoncrawl.org/crawl-data/CC-MAIN-2026-34/segments/1786091683786.95/warc/CC-MAIN-20260819225241-20260820015241-00339.warc.gz	1084004	cc payload verified; slide iwa present (Index/MasterSlide.iwa); root type 1; mime=
CC-MAIN-2026-34-cdx-00289-3	33e6c12222166e3dc91d20a7fa439b540799881bd50d4dfb8f4354b7a930f295	key	keynote	https://homepages.inf.ed.ac.uk/wadler/papers/categories/qcon-sf.key	https://data.commoncrawl.org/crawl-data/CC-MAIN-2026-34/segments/1786091680284.93/warc/CC-MAIN-20260819043921-20260819073921-00811.warc.gz	33917331	origin refetch (cc incomplete: truncated=True digest_ok=True zip_ok=False); slide iwa present (Index/MasterSlide-9.iwa); root type 1; mime=
CC-MAIN-2026-34-cdx-00289-4	d5744db2dab0a66dd97768879def6b9e20df7368b2ac6a079c740402a77b0839	key	keynote	https://homepages.inf.ed.ac.uk/wadler/papers/hudak-memorial/hudak-memorial.key	https://data.commoncrawl.org/crawl-data/CC-MAIN-2026-34/segments/1786091385438.28/warc/CC-MAIN-20260811193657-20260811223657-00450.warc.gz	9411086	origin refetch (cc incomplete: truncated=True digest_ok=True zip_ok=False); slide iwa present (Index/MasterSlide-11.iwa); root type 1; mime=
CC-MAIN-2026-34-cdx-00018-1	dc4de3c0223558bacbf50a4e29e3960dc1324a29d48760d6a650be38ade61537	pages	pages	https://strongroots.ca/wp-content/uploads/2019/10/Paytons-story.pages	https://data.commoncrawl.org/crawl-data/CC-MAIN-2026-34/segments/1786091385184.15/warc/CC-MAIN-20260808182008-20260808212008-00837.warc.gz	5956317	origin refetch (cc incomplete: truncated=True digest_ok=True zip_ok=False); Document.iwa root type 10000=TP.DocumentArchive; mime=
CC-MAIN-2026-34-cdx-00050-1	5b1517433fbf0e8115f21fd5e7ff999adc2b8150d30a1d403e210c46055b0a1f	pages	pages	https://help.essentials.cdmplus.com/__attachments/a_e78f7de0f6cf4b9686d93523a4ad7ef319d663bfaf158ef697139e050aa7c7e2/Moving%20to%20CDM+%20letter.pages?cb=782ec41d536b678a71360ea81667be43	https://data.commoncrawl.org/crawl-data/CC-MAIN-2026-34/segments/1786091672082.57/warc/CC-MAIN-20260817130242-20260817160242-00624.warc.gz	1131424	cc payload verified; Document.iwa root type 10000=TP.DocumentArchive; mime=
CC-MAIN-2026-34-cdx-00050-2	c78828761bdbc1c02b66038f0a74f8819b7bf53969af128f4c1a385fcf8016a1	key	keynote	https://help.cdmplus.com/__attachments/a_b2f382f47bee8fca350e46cb94d10eb4a1ddcde336e23be4424dd85d966ae0c0/New%20Plans%20and%20Prices.key?cb=5be2b81e15671f3ddbc7863bb9fac92a	https://data.commoncrawl.org/crawl-data/CC-MAIN-2026-34/segments/1786091673393.86/warc/CC-MAIN-20260817160715-20260817190715-00501.warc.gz	2617780	cc payload verified; slide iwa present (Index/MasterSlide.iwa); root type 1; mime=
CC-MAIN-2026-34-cdx-00050-3	efc90aab4d84dcf0899593adee1f5349092c1d76580fa331891002da84e0e1c9	key	keynote	https://help.cdmplus.com/__attachments/a_c72dfdeb51b06283f0fc417e057628162b340f5a6ce934d162c20219c36fff36/New%20Plans%20and%20Prices%20Pre%20Show%20Slides.key?cb=a74a86cf53649e553eae7876a605e90c	https://data.commoncrawl.org/crawl-data/CC-MAIN-2026-34/segments/1786091673393.86/warc/CC-MAIN-20260817160715-20260817190715-00140.warc.gz	4897100	cc payload verified; slide iwa present (Index/MasterSlide.iwa); root type 1; mime=
CC-MAIN-2026-34-cdx-00050-4	425ea8ce687d0d6449b16fdefcb3d714a506d1f81f70c671131c9a6d8dd51123	pages	pages	https://cecforlife.com/wp-content/uploads/2026/07/Abbreviated-Litany-copy-1.pages	https://data.commoncrawl.org/crawl-data/CC-MAIN-2026-34/segments/1786091384984.23/warc/CC-MAIN-20260807145234-20260807175234-00121.warc.gz	186801	cc payload verified; Document.iwa root type 10000=TP.DocumentArchive; mime=
CC-MAIN-2026-34-cdx-00050-5	ce2028bf83d6bb3db87c734e0a97b85051e6a655531fcd17f86bb8e32175bf6d	pages	pages	https://centrocomerciallasierra.com/wp-content/uploads/Sorteo-cajas-clicks-La-Sierra.pages	https://data.commoncrawl.org/crawl-data/CC-MAIN-2026-34/segments/1786091385322.54/warc/CC-MAIN-20260810065506-20260810095506-00334.warc.gz	826924	cc payload verified; Document.iwa root type 10000=TP.DocumentArchive; mime=
CC-MAIN-2026-34-cdx-00098-2	6f7f868b5efc432c83cb25af733b8e8a57c51bb576d72775ff411b6038e67077	pages	pages	https://marionurch.com/wp/wp-content/uploads/2026/05/Urch-McNultyTHE-RINGS-2023.pages	https://data.commoncrawl.org/crawl-data/CC-MAIN-2026-34/segments/1786091385295.50/warc/CC-MAIN-20260809214541-20260810004541-00258.warc.gz	754905	cc payload verified; Document.iwa root type 10000=TP.DocumentArchive; mime=
CC-MAIN-2026-34-cdx-00098-3	29f8e599edf4101ba028082475cad44f55243d6070ae34c779670c9982c9411d	key	keynote	https://mariusebertsblog.com/wp-content/uploads/2017/11/Wahn-lang.key	https://data.commoncrawl.org/crawl-data/CC-MAIN-2026-34/segments/1786091385415.17/warc/CC-MAIN-20260811072451-20260811102451-00553.warc.gz	719156	cc payload verified; slide iwa present (Index/MasterSlide-3637.iwa); root type 1; mime=
CC-MAIN-2026-34-cdx-00098-4	ee805c92fc38a3eb147f11097d1ba45a44dc903537cb0d597b50fd667244b546	numbers	numbers	https://mariusebertsblog.com/wp-content/uploads/2018/04/2010-Umwelt-negatives-Eigenkapital.numbers	https://data.commoncrawl.org/crawl-data/CC-MAIN-2026-34/segments/1786091385415.17/warc/CC-MAIN-20260811072451-20260811102451-00934.warc.gz	590724	cc payload verified; Document.iwa root type 1=TN.DocumentArchive; mime=
CC-MAIN-2026-34-cdx-00098-5	58df3ee1d26b08949b958f34e5a3b77eeb96b5e0a5facd319e2b4c507b0f4834	pages	pages	https://maryjoecoach.com/wp-content/uploads/2023/10/Lead-Magnet-Que-Es-DP.pages	https://data.commoncrawl.org/crawl-data/CC-MAIN-2026-34/segments/1786091680284.93/warc/CC-MAIN-20260819043921-20260819073921-00371.warc.gz	327412	cc payload verified; Document.iwa root type 10000=TP.DocumentArchive; mime=
CC-MAIN-2026-34-cdx-00146-1	eb299192a219f684d2ba56f2c5f7b06e2c055eb9815b73e82cd5ecc2c57b6bf6	numbers	numbers	https://media.voog.com/0000/0051/9194/files/v1.1-SCM-Charge-Calculator-CUBO2-Plus-Protected.numbers	https://data.commoncrawl.org/crawl-data/CC-MAIN-2026-34/segments/1786091385439.63/warc/CC-MAIN-20260811223931-20260812013931-00731.warc.gz	772474	cc payload verified; Document.iwa root type 1=TN.DocumentArchive; mime=
CC-MAIN-2026-34-cdx-00146-2	e886b6eec13acbb5db54fcb9ab0e6371af736c2fcca422781e7251b1c92a074e	numbers	numbers	https://media.voog.com/0000/0051/9194/files/v4.0-SCM-Charge-Calculator-CUBO2Smart-Protected%20(3).numbers	https://data.commoncrawl.org/crawl-data/CC-MAIN-2026-34/segments/1786091385439.63/warc/CC-MAIN-20260811223931-20260812013931-00206.warc.gz	771041	cc payload verified; Document.iwa root type 1=TN.DocumentArchive; mime=
CC-MAIN-2026-34-cdx-00146-3	10a06959a8c73e92d10198721879a6426ca0d91ebf02fdca59c6d62b6e7a8b19	pages	pages	https://voordeklas.com/wp-content/uploads/2020/05/werkboek_timecapture.pages	https://data.commoncrawl.org/crawl-data/CC-MAIN-2026-34/segments/1786091385233.34/warc/CC-MAIN-20260809123713-20260809153713-00404.warc.gz	1455415	cc payload verified; Document.iwa root type 10000=TP.DocumentArchive; mime=
CC-MAIN-2026-34-cdx-00018-3	49f8b595fd2c67ed85ace257bba37e2c1c82425055492c9498334169e9eaaf07	key	keynote	http://vision.gel.ulaval.ca/~jflalonde/publications/projects/xhourPS/talk/holdgeoffroy-3dvtalk-15.key	https://data.commoncrawl.org/crawl-data/CC-MAIN-2026-34/segments/1786091385148.14/warc/CC-MAIN-20260808060658-20260808090658-00209.warc.gz	91769006	origin refetch (cc incomplete: truncated=True digest_ok=True zip_ok=False); slide iwa present (Index/MasterSlide-9.iwa); root type 1; mime=
CC-MAIN-2026-34-cdx-00018-2	98ba3dbf0a4b4d00b25de085619e7a1fb44319817e1c5f27a0a7210e63848057	key	keynote	https://www.cs.ubc.ca/~tmm/talks/vad/fullday-vis21.key	https://data.commoncrawl.org/crawl-data/CC-MAIN-2026-34/segments/1786091385801.49/warc/CC-MAIN-20260815030115-20260815060115-00459.warc.gz	173853593	origin refetch (cc incomplete: truncated=True digest_ok=True zip_ok=False); slide iwa present (Index/Slide-15.iwa); root type 1; mime=
CC-MAIN-2026-34-cdx-00146-5	c550db157d467a79003d5a07be40b62b7b03db16e359eca79c0077e7627d8330	key	keynote	https://www.w65stchurchofchrist.com/2016_Sermons/At_The_Last_Trump_03_Signs.key	https://data.commoncrawl.org/crawl-data/CC-MAIN-2026-34/segments/1786091385546.31/warc/CC-MAIN-20260813020609-20260813050609-00178.warc.gz	25038430	origin refetch (cc incomplete: truncated=True digest_ok=True zip_ok=False); slide iwa present (Index/Slide-232.iwa); root type 1; mime=
CC-MAIN-2026-34-cdx-00146-4	3081e26264051204026db8373032209cdb2e073ef2bc3ca7498953a7c9e9b0bf	legacy	legacy-unknown	https://www.w65stchurchofchrist.com/2014_Sermons/11_Look_At_The_Fields09.key	https://data.commoncrawl.org/crawl-data/CC-MAIN-2026-34/segments/1786091385546.31/warc/CC-MAIN-20260813020609-20260813050609-00679.warc.gz	26955862	origin refetch (cc incomplete: truncated=True digest_ok=True zip_ok=False); legacy bundle: members=['index.apxl'] (pre-iWork-13); mime=
CC-MAIN-2026-34-cdx-00146-7	7f9830d5cac99127d681ba8ea9e1c45778652d0b6c454e823b5bb786b75605d3	key	keynote	https://www.w65stchurchofchrist.com/2017_Sermons/70_AD_Doctrine_Reviewed.key	https://data.commoncrawl.org/crawl-data/CC-MAIN-2026-34/segments/1786091385546.31/warc/CC-MAIN-20260813020609-20260813050609-00909.warc.gz	15810518	origin refetch (cc incomplete: truncated=True digest_ok=True zip_ok=False); slide iwa present (Index/Slide-42441.iwa); root type 1; mime=
CC-MAIN-2026-34-cdx-00146-6	a97a24b66b994074c33d0234483faca85323d301aacfd70e840456c29e5ecf25	key	keynote	https://www.w65stchurchofchrist.com/2016_Sermons/Being_United_In_A_Divisive_World_2.key	https://data.commoncrawl.org/crawl-data/CC-MAIN-2026-34/segments/1786091385546.31/warc/CC-MAIN-20260813020609-20260813050609-00547.warc.gz	29152830	origin refetch (cc incomplete: truncated=True digest_ok=True zip_ok=False); slide iwa present (Index/MasterSlide-4.iwa); root type 1; mime=
CC-MAIN-2026-34-cdx-00146-8	d7ca1097abb4c300fed0ea5ead331da78a30e1ba84832042fc8ffecc40d11b80	key	keynote	https://www.w65stchurchofchrist.com/2018_Sermons/01_Daniel_IOntroduction.key	https://data.commoncrawl.org/crawl-data/CC-MAIN-2026-34/segments/1786091385546.31/warc/CC-MAIN-20260813020609-20260813050609-00539.warc.gz	24584398	origin refetch (cc incomplete: truncated=True digest_ok=True zip_ok=False); slide iwa present (Index/MasterSlide-8552.iwa); root type 1; mime=
CC-MAIN-2026-34-cdx-00146-9	4b60a87f143d4565a064ea995775c4ec45db94af0e580ffc52a0bc8468e7273b	key	keynote	https://www.w65stchurchofchrist.com/2018_Sermons/03_Making_The_Most_of_Our_Circumstances.key	https://data.commoncrawl.org/crawl-data/CC-MAIN-2026-34/segments/1786091385546.31/warc/CC-MAIN-20260813020609-20260813050609-00015.warc.gz	16199609	origin refetch (cc incomplete: truncated=True digest_ok=True zip_ok=False); slide iwa present (Index/MasterSlide-4352.iwa); root type 1; mime=
CC-MAIN-2026-34-cdx-00146-10	7e9e7e2c4a7593fe87ac4fa12c9c8338e7bfab404202cdc4257d738473d1ce82	key	keynote	https://www.w65stchurchofchrist.com/2018_Sermons/05_Joyful_Unity_In_Christ.key	https://data.commoncrawl.org/crawl-data/CC-MAIN-2026-34/segments/1786091385546.31/warc/CC-MAIN-20260813020609-20260813050609-00825.warc.gz	16816198	origin refetch (cc incomplete: truncated=True digest_ok=True zip_ok=False); slide iwa present (Index/MasterSlide-4352.iwa); root type 1; mime=
CC-MAIN-2026-34-cdx-00146-11	0ac0be0669cfe40cfe20093888bb6a0ace106a11e9a3d5c379e4a7c1d9432d0e	key	keynote	https://www.w65stchurchofchrist.com/2018_Sermons/07_Working_Out_Our_Own_Salvayion.key	https://data.commoncrawl.org/crawl-data/CC-MAIN-2026-34/segments/1786091385546.31/warc/CC-MAIN-20260813020609-20260813050609-00943.warc.gz	16759568	origin refetch (cc incomplete: truncated=True digest_ok=True zip_ok=False); slide iwa present (Index/MasterSlide-4352.iwa); root type 1; mime=
CC-MAIN-2026-34-cdx-00146-14	33ca653ac92777ee6cb7e04d8410df6a0c96ba06b9289f64e46e37392e0584a4	key	keynote	https://www.w65stchurchofchrist.com/2018_Sermons/14_Learning_To_Be_Content_4_8_23.key	https://data.commoncrawl.org/crawl-data/CC-MAIN-2026-34/segments/1786091385546.31/warc/CC-MAIN-20260813020609-20260813050609-00360.warc.gz	17981203	origin refetch (cc incomplete: truncated=True digest_ok=True zip_ok=False); slide iwa present (Index/MasterSlide-10131.iwa); root type 1; mime=
CC-MAIN-2026-34-cdx-00146-13	50c8d4be38a51a9a83220071deded63bfa1cdfca69106abbdeb953b79edce3c2	key	keynote	https://www.w65stchurchofchrist.com/2018_Sermons/14_Chapter_12_Future_Events_and_Israel_Part3.key	https://data.commoncrawl.org/crawl-data/CC-MAIN-2026-34/segments/1786091385546.31/warc/CC-MAIN-20260813020609-20260813050609-00133.warc.gz	31438808	origin refetch (cc incomplete: truncated=True digest_ok=True zip_ok=False); slide iwa present (Index/MasterSlide-8307.iwa); root type 1; mime=
CC-MAIN-2026-34-cdx-00146-15	4bfb38dc1bed940893eaafef599f51946a3100bea8995cc92b0d6b3efe000bb5	key	keynote	https://www.w65stchurchofchrist.com/2018_Sermons/Questions_About_Your_Baptism_2018.key	https://data.commoncrawl.org/crawl-data/CC-MAIN-2026-34/segments/1786091385546.31/warc/CC-MAIN-20260813020609-20260813050609-00804.warc.gz	22218132	origin refetch (cc incomplete: truncated=True digest_ok=True zip_ok=False); slide iwa present (Index/MasterSlide-4352.iwa); root type 1; mime=
CC-MAIN-2026-34-cdx-00146-16	6e58b205d245bdccf5d914a914b7fff9d634efd90fc86becf919671e5af58b2b	key	keynote	https://www.w65stchurchofchrist.com/2019_Sermons/02_First_Peter_Our_Living_Hope.key	https://data.commoncrawl.org/crawl-data/CC-MAIN-2026-34/segments/1786091385546.31/warc/CC-MAIN-20260813020609-20260813050609-00201.warc.gz	17250016	origin refetch (cc incomplete: truncated=True digest_ok=True zip_ok=False); slide iwa present (Index/MasterSlide-4.iwa); root type 1; mime=
CC-MAIN-2026-34-cdx-00146-17	f520b6f369216c1ce0f4cedff8fa1fb5d4dfdde87633d5a0708e008788189ffa	key	keynote	https://www.w65stchurchofchrist.com/2019_Sermons/Jesus_Is_Coming_Again_Ready_or_Not.key	https://data.commoncrawl.org/crawl-data/CC-MAIN-2026-34/segments/1786091385546.31/warc/CC-MAIN-20260813020609-20260813050609-00229.warc.gz	16655286	origin refetch (cc incomplete: truncated=True digest_ok=True zip_ok=False); slide iwa present (Index/MasterSlide-8307.iwa); root type 1; mime=
CC-MAIN-2026-34-cdx-00146-18	886f4072e9c092a89e896d84384391cb0fd7cfcb579b7ab453563a3a1592eee6	key	keynote	https://www.w65stchurchofchrist.com/2019_Sermons/Reformed_Theology_07_Reasons_Calvinism_Cannot_Be_True.key	https://data.commoncrawl.org/crawl-data/CC-MAIN-2026-34/segments/1786091385546.31/warc/CC-MAIN-20260813020609-20260813050609-00213.warc.gz	12284113	origin refetch (cc incomplete: truncated=True digest_ok=True zip_ok=False); slide iwa present (Index/MasterSlide-8307.iwa); root type 1; mime=
CC-MAIN-2026-34-cdx-00146-19	728ace7bc8cc8e81f491f4ab34be7b92eb1d6a4cd567f414792919d8c5ca69ff	key	keynote	https://www.w65stchurchofchrist.com/2020_Sermons/05_Our_Need_For_Redemption.key	https://data.commoncrawl.org/crawl-data/CC-MAIN-2026-34/segments/1786091385546.31/warc/CC-MAIN-20260813020609-20260813050609-00960.warc.gz	21229412	origin refetch (cc incomplete: truncated=True digest_ok=True zip_ok=False); slide iwa present (Index/MasterSlide-9527.iwa); root type 1; mime=
CC-MAIN-2026-34-cdx-00146-20	b2bbbe9af128c96c63a689875be6c3bf187503a5a097d0ea3cbdd93c06b9f55b	key	keynote	https://www.w65stchurchofchrist.com/2020_Sermons/17_Shepherd_The_Flock_of_God.key	https://data.commoncrawl.org/crawl-data/CC-MAIN-2026-34/segments/1786091385546.31/warc/CC-MAIN-20260813020609-20260813050609-00426.warc.gz	27472817	origin refetch (cc incomplete: truncated=True digest_ok=True zip_ok=False); slide iwa present (Index/MasterSlide-11212.iwa); root type 1; mime=
CC-MAIN-2026-34-cdx-00146-21	3e7634d52bff3995f72e6d7b6cd6cef0818434c422023e6031281a4a1d31eadd	key	keynote	https://www.w65stchurchofchrist.com/2020_Sermons/Certainty_of_The_Day_of_The_Lord.key	https://data.commoncrawl.org/crawl-data/CC-MAIN-2026-34/segments/1786091385546.31/warc/CC-MAIN-20260813020609-20260813050609-00109.warc.gz	21367541	origin refetch (cc incomplete: truncated=True digest_ok=True zip_ok=False); slide iwa present (Index/MasterSlide-9527.iwa); root type 1; mime=
CC-MAIN-2026-34-cdx-00146-22	b52c89c132c720acec6ef5b9cc1b249d4f1f19f0f33f2223e7423d5bbdf6fdba	key	keynote	https://www.w65stchurchofchrist.com/2021_Sermons/Wisdom_From_Above_2021.key	https://data.commoncrawl.org/crawl-data/CC-MAIN-2026-34/segments/1786091385546.31/warc/CC-MAIN-20260813020609-20260813050609-00728.warc.gz	94098407	origin refetch (cc incomplete: truncated=True digest_ok=True zip_ok=False); slide iwa present (Index/MasterSlide-11212.iwa); root type 1; mime=
CC-MAIN-2026-34-cdx-00146-12	4ee2babfc92ecbd04acf9e500f61d7f4e0cf4e4e11cba7da9431cb706563c158	key	keynote	https://www.w65stchurchofchrist.com/2018_Sermons/13_Chapter_11_Future_Events_and_Israel_Part2.key	https://data.commoncrawl.org/crawl-data/CC-MAIN-2026-34/segments/1786091385546.31/warc/CC-MAIN-20260813020609-20260813050609-00196.warc.gz	31844937	origin refetch (cc incomplete: truncated=True digest_ok=True zip_ok=False); slide iwa present (Index/MasterSlide-10131.iwa); root type 1; mime=
CC-MAIN-2026-34-cdx-00146-23	6b0be152a5594e1b6431fb21034da731018e6a85092133b9fd713bb9a41f8e4a	key	keynote	https://www.w65stchurchofchrist.com/2022_Sermons/05_SIN_OF_PARTIALITY_2_1_13_WIDE.key	https://data.commoncrawl.org/crawl-data/CC-MAIN-2026-34/segments/1786091385546.31/warc/CC-MAIN-20260813020609-20260813050609-00307.warc.gz	74967727	origin refetch (cc incomplete: truncated=True digest_ok=True zip_ok=False); slide iwa present (Index/Slide-16284-2.iwa); root type 1; mime=
CC-MAIN-2026-34-cdx-00146-24	d15356ef9a422e1218d9c53f351d6fd53f833053f22d9650718bb0a99ad2be26	key	keynote	https://www.w65stchurchofchrist.com/2022_Sermons/07_POWER_OF_THE_TONGUE_WIDE_2023.key	https://data.commoncrawl.org/crawl-data/CC-MAIN-2026-34/segments/1786091385546.31/warc/CC-MAIN-20260813020609-20260813050609-00045.warc.gz	65728984	origin refetch (cc incomplete: truncated=True digest_ok=True zip_ok=False); slide iwa present (Index/Slide-16273-2.iwa); root type 1; mime=
CC-MAIN-2026-34-cdx-00146-25	859cbc6814f7bef5d341b7352f43262799318a3f1bc2c768bc9005b647436be6	key	keynote	https://www.w65stchurchofchrist.com/2022_Sermons/12_THEREFORE_BE_PATIENT_WIDE.key	https://data.commoncrawl.org/crawl-data/CC-MAIN-2026-34/segments/1786091385546.31/warc/CC-MAIN-20260813020609-20260813050609-00733.warc.gz	23226263	origin refetch (cc incomplete: truncated=True digest_ok=True zip_ok=False); slide iwa present (Index/Slide-27333-2.iwa); root type 1; mime=
CC-MAIN-2026-34-cdx-00146-26	5cee34210dc5ebfeb940e1d0a19d440db26a0e6bd32970acf182c78f9ca9a340	key	keynote	https://www.w65stchurchofchrist.com/2022_Sermons/13_PRAYER_AND_EXAMPLE_OF_ELIJAH.key	https://data.commoncrawl.org/crawl-data/CC-MAIN-2026-34/segments/1786091385546.31/warc/CC-MAIN-20260813020609-20260813050609-00448.warc.gz	26845214	origin refetch (cc incomplete: truncated=True digest_ok=True zip_ok=False); slide iwa present (Index/Slide-27861.iwa); root type 1; mime=
CC-MAIN-2026-34-cdx-00146-27	aabdb217b357b9c0e8e3647f1b890a716dbf538157ed61c04c226ca0894229a3	key	keynote	https://www.w65stchurchofchrist.com/2025_SERMONS/002_EPH_HOPE_OF_HIS_CALLING_2025.key	https://data.commoncrawl.org/crawl-data/CC-MAIN-2026-34/segments/1786091385546.31/warc/CC-MAIN-20260813020609-20260813050609-00291.warc.gz	18512590	origin refetch (cc incomplete: truncated=True digest_ok=True zip_ok=False); slide iwa present (Index/Slide-30213.iwa); root type 1; mime=
CC-MAIN-2026-34-cdx-00146-31	ff8ce0790c0faf144ff648317f3336fdcd8df12fef4bd41a6c0ae1e941524fb8	key	keynote	https://www.w65stchurchofchrist.com/2025_SERMONS/HOSEA_3_GODS_STEADFAST_LOVE%20_FOR_HIS_CHILDREN_JH.key	https://data.commoncrawl.org/crawl-data/CC-MAIN-2026-34/segments/1786091385546.31/warc/CC-MAIN-20260813020609-20260813050609-00250.warc.gz	2451799	cc payload verified; slide iwa present (Index/Slide-27317-2.iwa); root type 1; mime=
CC-MAIN-2026-34-cdx-00146-29	c21040417fcf140f712d78959737fb5da97b529999b28ff25e235d74dd98b854	key	keynote	https://www.w65stchurchofchrist.com/2025_SERMONS/005_THE_PROBLEM_WITH_PROBLEMS_2025.key	https://data.commoncrawl.org/crawl-data/CC-MAIN-2026-34/segments/1786091385546.31/warc/CC-MAIN-20260813020609-20260813050609-00041.warc.gz	7661234	origin refetch (cc incomplete: truncated=True digest_ok=True zip_ok=False); slide iwa present (Index/Slide-27316-2.iwa); root type 1; mime=
CC-MAIN-2026-34-cdx-00146-28	f4d3214e0ea35fe55eaa080a7af5d7918da45bcc3d5e8cc7d547a059cb0f47b2	key	keynote	https://www.w65stchurchofchrist.com/2025_SERMONS/003_SAVED_FROM_WRATH_BY_GRACE_2025.key	https://data.commoncrawl.org/crawl-data/CC-MAIN-2026-34/segments/1786091385546.31/warc/CC-MAIN-20260813020609-20260813050609-00648.warc.gz	99478287	origin refetch (cc incomplete: truncated=True digest_ok=True zip_ok=False); slide iwa present (Index/Slide-27343-2.iwa); root type 1; mime=
CC-MAIN-2026-34-cdx-00146-32	a02263889f3414ee5c7d60327160a1e4b18b2cca54440a8daa1c681ccae723e8	key	keynote	https://www.w65stchurchofchrist.com/2025_SERMONS/HOW_TO_TEACH_A_CHILD_TO_WALK_IN_GODLINESS_JH.key	https://data.commoncrawl.org/crawl-data/CC-MAIN-2026-34/segments/1786091385546.31/warc/CC-MAIN-20260813020609-20260813050609-00059.warc.gz	2585040	cc payload verified; slide iwa present (Index/Slide-28971.iwa); root type 1; mime=
CC-MAIN-2026-34-cdx-00162-1	7b8e38edb184c04164ad1f9493d8b64830f747a0c554126652579dd672aeefad	pages	pages	https://www.immobilienundleben.de/.cm4all/uproc.php/0/Expose%CC%81%201187%20.pages?cdp=a&_=19ed05f0e18	https://data.commoncrawl.org/crawl-data/CC-MAIN-2026-34/segments/1786091385574.53/warc/CC-MAIN-20260813111745-20260813141745-00510.warc.gz	778336	cc payload verified; Document.iwa root type 10000=TP.DocumentArchive; mime=
CC-MAIN-2026-34-cdx-00162-4	87dfb2b6341c91d208a484a3832e29731dd4c4eed2367c56f10e1280289d5dd1	key	keynote	https://ipadlernen.de/wp-content/uploads/2021/04/Quiz-Was-passt-nicht-in-die-Reihe.key	https://data.commoncrawl.org/crawl-data/CC-MAIN-2026-34/segments/1786091385431.4/warc/CC-MAIN-20260811163319-20260811193319-00966.warc.gz	1332176	cc payload verified; slide iwa present (Index/MasterSlide.iwa); root type 1; mime=
CC-MAIN-2026-34-cdx-00146-33	b93869667f01763847f602329370e00a798f8955c1de176c919e555606e5920e	key	keynote	https://www.w65stchurchofchrist.com/2025_SERMONS/WHY_ME_LORD_2025_WIDE.key	https://data.commoncrawl.org/crawl-data/CC-MAIN-2026-34/segments/1786091385546.31/warc/CC-MAIN-20260813020609-20260813050609-00227.warc.gz	85513227	origin refetch (cc incomplete: truncated=True digest_ok=True zip_ok=False); slide iwa present (Index/Slide-31991.iwa); root type 1; mime=
CC-MAIN-2026-34-cdx-00162-5	7a86fa49bfef8630d796bc9795b618569915ade4d4ff8462a153973c37fddc21	pages	pages	https://ipadlernen.de/wp-content/uploads/2021/04/Quiz-Was-passt-nicht-in-die-Reihe.pages	https://data.commoncrawl.org/crawl-data/CC-MAIN-2026-34/segments/1786091385431.4/warc/CC-MAIN-20260811163319-20260811193319-00907.warc.gz	867994	cc payload verified; Document.iwa root type 10000=TP.DocumentArchive; mime=
CC-MAIN-2026-34-cdx-00178-1	2bf304c480eb8194c84a733d093d9b5af35ba834f2d2535e35fe772e6e00fae5	key	keynote	https://ecanja.eu/downloads/eCAN_Keynote_Template.key	https://data.commoncrawl.org/crawl-data/CC-MAIN-2026-34/segments/1786091678506.74/warc/CC-MAIN-20260818162855-20260818192855-00294.warc.gz	5156095	cc payload verified; slide iwa present (Index/Slide-882-2.iwa); root type 1; mime=
CC-MAIN-2026-34-cdx-00146-30	c395c96ffe322a98a67f24a157f304be9d1f7a570968ce07407b9f4c15f75d4f	key	keynote	https://www.w65stchurchofchrist.com/2025_SERMONS/BUILDING_A_LIFE_THAT_WILL_ENDURE_2025.key	https://data.commoncrawl.org/crawl-data/CC-MAIN-2026-34/segments/1786091385546.31/warc/CC-MAIN-20260813020609-20260813050609-00520.warc.gz	188596623	origin refetch (cc incomplete: truncated=True digest_ok=True zip_ok=False); slide iwa present (Index/Slide-4204573.iwa); root type 1; mime=
CC-MAIN-2026-34-cdx-00146-34	88dde363a829e47ac768145dfe724b2ad3046c124fb1cc92398bcc35fc498ea4	key	keynote	https://www.w65stchurchofchrist.com/2026_SERMONS/012_RAISING_GODLY_CHILDREN_EPH_6_1_4.key	https://data.commoncrawl.org/crawl-data/CC-MAIN-2026-34/segments/1786091385546.31/warc/CC-MAIN-20260813020609-20260813050609-00890.warc.gz	17224246	origin refetch (cc incomplete: truncated=True digest_ok=True zip_ok=False); slide iwa present (Index/Slide-29729-2.iwa); root type 1; mime=
CC-MAIN-2026-34-cdx-00178-3	901b43822fa1792fd673bd47d29ea100bbc15b2bf259f4676b889cb208cb0262	numbers	numbers	https://gotoportugal.eu/wp-content/uploads/2024/02/mac-francais-portugais-go-to-portugal.numbers	https://data.commoncrawl.org/crawl-data/CC-MAIN-2026-34/segments/1786091385801.49/warc/CC-MAIN-20260815030115-20260815060115-00295.warc.gz	317928	cc payload verified; Document.iwa root type 1=TN.DocumentArchive; mime=
CC-MAIN-2026-34-cdx-00194-1	7629eb7b791fbd521fb8cd606d3baabefd7f03e0399db50ad13ab31035065f4a	pages	pages	https://www.castlecomerparish.ie/wp-content/uploads/2026/08/Newsletter-15th-OT.pages	https://data.commoncrawl.org/crawl-data/CC-MAIN-2026-34/segments/1786091385254.10/warc/CC-MAIN-20260809154047-20260809184047-00452.warc.gz	396610	cc payload verified; Document.iwa root type 10000=TP.DocumentArchive; mime=
CC-MAIN-2026-34-cdx-00194-2	b7501e761bc1b8b078fa3e3585e0ff75490bf2398926d1d6120f99ad6f041371	pages	pages	https://tracker.rowingireland.ie/documents/_Kenmare%20Regatta.pages	https://data.commoncrawl.org/crawl-data/CC-MAIN-2026-34/segments/1786091385438.28/warc/CC-MAIN-20260811193657-20260811223657-00600.warc.gz	222543	cc payload verified; Document.iwa root type 10000=TP.DocumentArchive; mime=
CC-MAIN-2026-34-cdx-00162-6	a72a174eabc2dcc76cfaecfd81e49dcdd4776116983716acbebce5e870a52416	key	keynote	https://www.kab-bayern.de/fileadmin/user_upload/kab_de/Downloads_pdf/leitantrag/Krefelder_Beschluss_2017_09_22.key	https://data.commoncrawl.org/crawl-data/CC-MAIN-2026-34/segments/1786091385311.32/warc/CC-MAIN-20260810035143-20260810065143-00829.warc.gz	22724089	origin refetch (cc incomplete: truncated=True digest_ok=True zip_ok=False); slide iwa present (Index/MasterSlide.iwa); root type 1; mime=
CC-MAIN-2026-34-cdx-00226-5	7a5e3ee94e4f2d516d1a37115c5acac47e138259ff5b1af2d02d95381be3047e	legacy	legacy-unknown	https://meetings.ripe.net/almaty2014/files/Practical-IPv6-Almaty.key	https://data.commoncrawl.org/crawl-data/CC-MAIN-2026-34/segments/1786091387114.72/warc/CC-MAIN-20260817035111-20260817065111-00847.warc.gz	798316	cc payload verified; legacy bundle: members=['index.apxl'] (pre-iWork-13); mime=
CC-MAIN-2026-34-cdx-00226-3	b53b41243f193c9f6a3bbe84bdadb2f8ce96f6b55f025bace3b9a29e10d04399	legacy	legacy-unknown	https://book.prototools.net/wp-content/uploads/2014/06/IGDPD%20C19-Variables%20and%20Components.key	https://data.commoncrawl.org/crawl-data/CC-MAIN-2026-34/segments/1786091385151.2/warc/CC-MAIN-20260808090928-20260808120928-00748.warc.gz	3906223	cc payload verified; legacy bundle: members=['index.apxl'] (pre-iWork-13); mime=
CC-MAIN-2026-34-cdx-00226-2	7b16ee91ea9d819e428af4b6f4a47f7c579f067d3e3d750af7927861cd5ece46	legacy	legacy-unknown	https://book.prototools.net/wp-content/uploads/2014/06/IGDPD%20C03-The%20Layered%20Tetrad.key	https://data.commoncrawl.org/crawl-data/CC-MAIN-2026-34/segments/1786091385151.2/warc/CC-MAIN-20260808090928-20260808120928-00786.warc.gz	8823155	origin refetch (cc incomplete: truncated=True digest_ok=True zip_ok=False); legacy bundle: members=['index.apxl'] (pre-iWork-13); mime=
CC-MAIN-2026-34-cdx-00226-8	f1146a59c28e2d5bc72cd348c97ee268e3229663b89b87975a2375995da55191	legacy	legacy-unknown	https://ripe63.ripe.net/presentations/59-MH-RIPE63-Capacity-LT.key	https://data.commoncrawl.org/crawl-data/CC-MAIN-2026-34/segments/1786091385594.25/warc/CC-MAIN-20260813172703-20260813202703-00822.warc.gz	3925723	cc payload verified; legacy bundle: members=['index.apxl'] (pre-iWork-13); mime=
CC-MAIN-2026-34-cdx-00226-6	dc4c89ce02573b3f75ceb2f2380dc7562add15893bf7c9e5ddca9d8a002be36c	legacy	legacy-unknown	https://ripe62.ripe.net/presentations/158-AGGREGATED-BY-LIR-20110304.key	https://data.commoncrawl.org/crawl-data/CC-MAIN-2026-34/segments/1786091385254.10/warc/CC-MAIN-20260809154047-20260809184047-00281.warc.gz	3994668	cc payload verified; legacy bundle: members=['index.apxl'] (pre-iWork-13); mime=
CC-MAIN-2026-34-cdx-00226-4	710bf68ce0b9deee6eaedcb700f1fefda9336a8013a475305bbcc133656e2dde	legacy	legacy-unknown	https://meetings.ripe.net/almaty2014/files/Andrew-Almaty-2014%20Final.key	https://data.commoncrawl.org/crawl-data/CC-MAIN-2026-34/segments/1786091387114.72/warc/CC-MAIN-20260817035111-20260817065111-00970.warc.gz	7058584	origin refetch (cc incomplete: truncated=True digest_ok=True zip_ok=False); legacy bundle: members=['index.apxl'] (pre-iWork-13); mime=
CC-MAIN-2026-34-cdx-00226-10	7cd536829113f152668595561e7c737b75de07fbd4f8e1ae50b7416e66a3d713	legacy	legacy-unknown	https://ripe64.ripe.net/presentations/184-RIPE64-IPv6-steering.key	https://data.commoncrawl.org/crawl-data/CC-MAIN-2026-34/segments/1786091385574.53/warc/CC-MAIN-20260813111745-20260813141745-00427.warc.gz	3975475	cc payload verified; legacy bundle: members=['index.apxl'] (pre-iWork-13); mime=
CC-MAIN-2026-34-cdx-00226-12	2d98027accee2f06f0b15194e3575171dbbce1d24872243bb3f168ebdb451060	legacy	legacy-unknown	https://ripe65.ripe.net/presentations/281-inex-ripe-routingwg-amsterdam-2012-09-27.key	https://data.commoncrawl.org/crawl-data/CC-MAIN-2026-34/segments/1786091384964.66/warc/CC-MAIN-20260807103001-20260807133001-00743.warc.gz	1518825	cc payload verified; legacy bundle: members=['index.apxl'] (pre-iWork-13); mime=
CC-MAIN-2026-34-cdx-00226-13	999e2d8d7e070fddb1e08367f0b91858423f37e9275878186ba629760b04de35	legacy	legacy-unknown	https://ripe66.ripe.net/presentations/228-ER-RIPE66-Services-_Paul_Rendek.key	https://data.commoncrawl.org/crawl-data/CC-MAIN-2026-34/segments/1786091385295.50/warc/CC-MAIN-20260809214541-20260810004541-00889.warc.gz	4064864	cc payload verified; legacy bundle: members=['index.apxl'] (pre-iWork-13); mime=
CC-MAIN-2026-34-cdx-00226-7	24e03ddb383ed59d1d673854f516444664c89abebfa09f1defd92fa559bfd18d	legacy	legacy-unknown	https://ripe63.ripe.net/presentations/11-newcomers_RIPE_NCC_copy.key	https://data.commoncrawl.org/crawl-data/CC-MAIN-2026-34/segments/1786091385594.25/warc/CC-MAIN-20260813172703-20260813202703-00112.warc.gz	10153158	origin refetch (cc incomplete: truncated=True digest_ok=True zip_ok=False); legacy bundle: members=['index.apxl'] (pre-iWork-13); mime=
CC-MAIN-2026-34-cdx-00226-15	d0c05cc30833ffc54ab1d698d46622bf69fca9af1c8c6863711532c5abd03d20	legacy	legacy-unknown	https://ripe67.ripe.net/presentations/258-COO-Update-Final-RIPE67.key	https://data.commoncrawl.org/crawl-data/CC-MAIN-2026-34/segments/1786091385801.49/warc/CC-MAIN-20260815030115-20260815060115-00990.warc.gz	4862325	cc payload verified; legacy bundle: members=['index.apxl'] (pre-iWork-13); mime=
CC-MAIN-2026-34-cdx-00226-14	a9105cdbfbc9c22d4325241e9272e694671bb8bd66207a42ef812d56ee0a6b82	legacy	legacy-unknown	https://ripe66.ripe.net/presentations/290-RIPE-NCC-LEA-AA-final.key	https://data.commoncrawl.org/crawl-data/CC-MAIN-2026-34/segments/1786091385295.50/warc/CC-MAIN-20260809214541-20260810004541-00059.warc.gz	4502075	cc payload verified; legacy bundle: members=['index.apxl'] (pre-iWork-13); mime=
CC-MAIN-2026-34-cdx-00226-9	c3d192c6847f299c18ac2c3228c6914b6f72f70130e71ec407f2f08782199527	legacy	legacy-unknown	https://ripe63.ripe.net/presentations/88-th-ipv6-ripe63-20111101.key	https://data.commoncrawl.org/crawl-data/CC-MAIN-2026-34/segments/1786091385594.25/warc/CC-MAIN-20260813172703-20260813202703-00783.warc.gz	6323142	origin refetch (cc incomplete: truncated=True digest_ok=True zip_ok=False); legacy bundle: members=['index.apxl'] (pre-iWork-13); mime=
CC-MAIN-2026-34-cdx-00226-17	5927ac1146731438da7ceb153f4633ae50c71c55fd2f867e03687ecdc1eb7eff	legacy	legacy-unknown	https://ripe70.ripe.net/presentations/33-RIPE-70-Opening-Slides_HPH_final4.key	https://data.commoncrawl.org/crawl-data/CC-MAIN-2026-34/segments/1786091385328.58/warc/CC-MAIN-20260810130157-20260810160157-00719.warc.gz	4210847	cc payload verified; legacy bundle: members=['index.apxl'] (pre-iWork-13); mime=
CC-MAIN-2026-34-cdx-00226-18	0b6981ba1fcbfb1d1eef0067a21f57dcaaa3834ef85d331c1ba2af8e8cd18731	key	keynote	https://ripe70.ripe.net/presentations/92-ncc-services-agenda.key	https://data.commoncrawl.org/crawl-data/CC-MAIN-2026-34/segments/1786091385328.58/warc/CC-MAIN-20260810130157-20260810160157-00570.warc.gz	521804	cc payload verified; slide iwa present (Index/MasterSlide-9.iwa); root type 1; mime=
CC-MAIN-2026-34-cdx-00226-16	10733ace862466d26c417fb5d80f4754833a4566ff64f381392f1979a40ddf72	legacy	legacy-unknown	https://ripe69.ripe.net/presentations/89-ncc-services_new-activities9.key	https://data.commoncrawl.org/crawl-data/CC-MAIN-2026-34/segments/1786091385699.0/warc/CC-MAIN-20260814084149-20260814114149-00247.warc.gz	860786	cc payload verified; legacy bundle: members=['index.apxl'] (pre-iWork-13); mime=
CC-MAIN-2026-34-cdx-00226-11	5494f90a8d970ddd5d65e3a025b55c529c382d7cb5bbeb79ba1373203ac3d096	legacy	legacy-unknown	https://ripe64.ripe.net/presentations/222-atlas-ripestat-mat-v8.key	https://data.commoncrawl.org/crawl-data/CC-MAIN-2026-34/segments/1786091385574.53/warc/CC-MAIN-20260813111745-20260813141745-00034.warc.gz	7321673	origin refetch (cc incomplete: truncated=True digest_ok=True zip_ok=False); legacy bundle: members=['index.apxl'] (pre-iWork-13); mime=
CC-MAIN-2026-34-cdx-00226-22	3ff4be5a3663c87dea68c0d70abd896c1347995af3a5df485c37f3afe7ec3cc8	key	keynote	https://ripe71.ripe.net/wp-content/uploads/presentations/45-BCOP-Enterprises.key	https://data.commoncrawl.org/crawl-data/CC-MAIN-2026-34/segments/1786091385460.47/warc/CC-MAIN-20260812074805-20260812104805-00659.warc.gz	4122622	cc payload verified; slide iwa present (Index/Slide-1.iwa); root type 1; mime=
CC-MAIN-2026-34-cdx-00226-19	a0b113282047d961fe7cbd337bf637da1ca56f1d9498d45ab210c3b02ef44f86	legacy	legacy-unknown	https://ripe71.ripe.net/wp-content/uploads/presentations/14-LPR_RIPE.key	https://data.commoncrawl.org/crawl-data/CC-MAIN-2026-34/segments/1786091385460.47/warc/CC-MAIN-20260812074805-20260812104805-00743.warc.gz	5288030	origin refetch (cc incomplete: truncated=True digest_ok=True zip_ok=False); legacy bundle: members=['index.apxl'] (pre-iWork-13); mime=
CC-MAIN-2026-34-cdx-00226-21	a2e2f292061247aea155addc16f985d712720d516e4ea54b77e1a87f5f0aa9bf	key	keynote	https://ripe71.ripe.net/wp-content/uploads/presentations/31-Opening-Slides-RIPE-71.key	https://data.commoncrawl.org/crawl-data/CC-MAIN-2026-34/segments/1786091385460.47/warc/CC-MAIN-20260812074805-20260812104805-00180.warc.gz	7176705	origin refetch (cc incomplete: truncated=True digest_ok=True zip_ok=False); slide iwa present (Index/MasterSlide-1.iwa); root type 1; mime=
CC-MAIN-2026-34-cdx-00226-20	99852bc943991d30cec8c4a28f280b0072b18f52f98cdf47833ba9489a44d95f	key	keynote	https://ripe71.ripe.net/wp-content/uploads/presentations/188-RIPE-71-Report-real.key	https://data.commoncrawl.org/crawl-data/CC-MAIN-2026-34/segments/1786091385460.47/warc/CC-MAIN-20260812074805-20260812104805-00705.warc.gz	39321153	origin refetch (cc incomplete: truncated=True digest_ok=True zip_ok=False); slide iwa present (Index/Slide-17.iwa); root type 1; mime=
CC-MAIN-2026-34-cdx-00226-25	7666b78dc0c362782185d87d18171f114ca2810b7d1993a82559bf4eee3655c7	key	keynote	https://ripe72.ripe.net/presentations/154-Coop-72-Buckridge.key	https://data.commoncrawl.org/crawl-data/CC-MAIN-2026-34/segments/1786091680785.94/warc/CC-MAIN-20260819104324-20260819134324-00919.warc.gz	4177775	cc payload verified; slide iwa present (Index/Slide-1.iwa); root type 1; mime=
CC-MAIN-2026-34-cdx-00226-27	fe7dbc693341f15fcd86b68c1cf4eb8a24e1199468373d41392c4bb0e52495e0	key	keynote	https://ripe73.ripe.net/presentations/109-ER-activites-final.key	https://data.commoncrawl.org/crawl-data/CC-MAIN-2026-34/segments/1786091674763.85/warc/CC-MAIN-20260817221418-20260818011418-00881.warc.gz	2889036	cc payload verified; slide iwa present (Index/Slide-11.iwa); root type 1; mime=
CC-MAIN-2026-34-cdx-00226-23	c98b59e0f5efb4aec9630559004d78146610223be1fadeb68d713b6ba3ca0075	key	keynote	https://ripe71.ripe.net/wp-content/uploads/presentations/81-Current_Policy_Topics-RIPE71.key	https://data.commoncrawl.org/crawl-data/CC-MAIN-2026-34/segments/1786091385460.47/warc/CC-MAIN-20260812074805-20260812104805-00996.warc.gz	6603195	origin refetch (cc incomplete: truncated=True digest_ok=True zip_ok=False); slide iwa present (Index/Slide-1.iwa); root type 1; mime=
CC-MAIN-2026-34-cdx-00226-29	05425efb8c5f1ea1d2e64345773f2ddec0d0440cd4f6b995e5561c8d08041c5e	key	keynote	https://ripe73.ripe.net/presentations/132-RIPE-NCC-Outlook-2016-2017-Axel.key	https://data.commoncrawl.org/crawl-data/CC-MAIN-2026-34/segments/1786091674763.85/warc/CC-MAIN-20260817221418-20260818011418-00789.warc.gz	5162362	cc payload verified; slide iwa present (Index/Slide-16.iwa); root type 1; mime=
CC-MAIN-2026-34-cdx-00226-24	47a5e4fdf342dcfcbd2858190795781178adcbbf500e55a9c5bd7ff2ce6dfaa2	key	keynote	https://ripe72.ripe.net/presentations/131-RIPE-NCC-Survey2016-SERGE.key	https://data.commoncrawl.org/crawl-data/CC-MAIN-2026-34/segments/1786091680785.94/warc/CC-MAIN-20260819104324-20260819134324-00822.warc.gz	12130821	origin refetch (cc incomplete: truncated=True digest_ok=True zip_ok=False); slide iwa present (Index/Slide-17.iwa); root type 1; mime=
CC-MAIN-2026-34-cdx-00226-30	84af6177bc40b6e0373b88bc6eaa965cf4942d0b896bfa6ba00e791b009f51a6	key	keynote	https://ripe73.ripe.net/presentations/87-MAT-RIPE73.key	https://data.commoncrawl.org/crawl-data/CC-MAIN-2026-34/segments/1786091674763.85/warc/CC-MAIN-20260817221418-20260818011418-00960.warc.gz	508048	cc payload verified; slide iwa present (Index/Slide-6.iwa); root type 1; mime=
CC-MAIN-2026-34-cdx-00226-26	da7d48775e01ca2b014fbdfb47e7d2bf43b5ff9f5ea5c7bda69ed90f26e434ff	key	keynote	https://ripe72.ripe.net/presentations/96-Current_Policy_Topics-RIPE72.key	https://data.commoncrawl.org/crawl-data/CC-MAIN-2026-34/segments/1786091680785.94/warc/CC-MAIN-20260819104324-20260819134324-00687.warc.gz	5268292	origin refetch (cc incomplete: truncated=True digest_ok=True zip_ok=False); slide iwa present (Index/MasterSlide-9.iwa); root type 1; mime=
CC-MAIN-2026-34-cdx-00226-28	60c06682d97f4dcdf77e678a7ce28fa7a17031bbdc77505b1122d2fbaf935132	key	keynote	https://ripe73.ripe.net/presentations/111-Good-of-the-Internet_RIPE-73-final.key	https://data.commoncrawl.org/crawl-data/CC-MAIN-2026-34/segments/1786091674763.85/warc/CC-MAIN-20260817221418-20260818011418-00307.warc.gz	7000928	origin refetch (cc incomplete: truncated=True digest_ok=True zip_ok=False); slide iwa present (Index/Slide-35.iwa); root type 1; mime=
CC-MAIN-2026-34-cdx-00226-34	b0ad4d164f53c68a206611e26a1fd3561415af6c0964294aa53b423a1bde15ff	key	keynote	https://ripe74.ripe.net/presentations/81-Current_Policy_Topics-RIPE74.key	https://data.commoncrawl.org/crawl-data/CC-MAIN-2026-34/segments/1786091680254.99/warc/CC-MAIN-20260819013647-20260819043647-00715.warc.gz	5242795	cc payload verified; slide iwa present (Index/MasterSlide-11.iwa); root type 1; mime=
CC-MAIN-2026-34-cdx-00226-35	75ba1df9be8352dce6536eba77f52a55017dfc101b2cf833923f87c99335ad61	key	keynote	https://ripe74.ripe.net/presentations/85-FeedbackRS-RIPE74_final.key	https://data.commoncrawl.org/crawl-data/CC-MAIN-2026-34/segments/1786091680254.99/warc/CC-MAIN-20260819013647-20260819043647-00629.warc.gz	4854129	cc payload verified; slide iwa present (Index/Slide-71.iwa); root type 1; mime=
CC-MAIN-2026-34-cdx-00226-31	9e2699c4064dfb2fe292ff6f64befa1421c0e2bcbcb5816c47771c7f0ff59a19	key	keynote	https://ripe74.ripe.net/presentations/35-RIPE-74Opening-Slides_HPH_final.key	https://data.commoncrawl.org/crawl-data/CC-MAIN-2026-34/segments/1786091680254.99/warc/CC-MAIN-20260819013647-20260819043647-00328.warc.gz	15491679	origin refetch (cc incomplete: truncated=True digest_ok=True zip_ok=False); slide iwa present (Index/Slide-14.iwa); root type 1; mime=
CC-MAIN-2026-34-cdx-00226-32	49ebe0bfe3aafaf6da032b2f5777196e0ccc8d85401d84b185c777877dd1ef34	key	keynote	https://ripe74.ripe.net/presentations/37-20170509-IPv4-Transfers-5-years-after-runout-RIPE74.key	https://data.commoncrawl.org/crawl-data/CC-MAIN-2026-34/segments/1786091680254.99/warc/CC-MAIN-20260819013647-20260819043647-00502.warc.gz	26853065	origin refetch (cc incomplete: truncated=True digest_ok=True zip_ok=False); slide iwa present (Index/Slide-1704820.iwa); root type 1; mime=
CC-MAIN-2026-34-cdx-00226-33	a3a01ecf12895e88dd33d41a69edb6bcdf91cc252ce6ee7798bac54223d027a3	key	keynote	https://ripe74.ripe.net/presentations/71-joao-ripe2017.key	https://data.commoncrawl.org/crawl-data/CC-MAIN-2026-34/segments/1786091680254.99/warc/CC-MAIN-20260819013647-20260819043647-00773.warc.gz	41632616	origin refetch (cc incomplete: truncated=True digest_ok=True zip_ok=False); slide iwa present (Index/Slide-1653444.iwa); root type 1; mime=
CC-MAIN-2026-34-cdx-00226-36	f50a71b9795df4c4326bf479dc33f474245a4c407cb7e75c1d7a38c445132634	key	keynote	https://ripe74.ripe.net/wp-content/uploads/presentations/145-report-from-DNS-Measurements-hackathon-DNS-WG-RIPE74-v2.key	https://data.commoncrawl.org/crawl-data/CC-MAIN-2026-34/segments/1786091680254.99/warc/CC-MAIN-20260819013647-20260819043647-00889.warc.gz	26794531	origin refetch (cc incomplete: truncated=True digest_ok=True zip_ok=False); slide iwa present (Index/MasterSlide-50.iwa); root type 1; mime=
CC-MAIN-2026-34-cdx-00226-39	fa721e90473c75ab589f4e8c3472ad84a7d3345e4780953e811d7fbb42436e66	key	keynote	https://ripe74.ripe.net/wp-content/uploads/presentations/89-connect-wg-main-preso.key	https://data.commoncrawl.org/crawl-data/CC-MAIN-2026-34/segments/1786091680254.99/warc/CC-MAIN-20260819013647-20260819043647-00976.warc.gz	402685	cc payload verified; slide iwa present (Index/MasterSlide-4118.iwa); root type 1; mime=
CC-MAIN-2026-34-cdx-00226-41	78b5e5493b471d035d67f440295752b7aefa18665378386afd5135af00d2884c	key	keynote	https://ripe75.ripe.net/presentations/137-RIPE-75-ASO-Review.key	https://data.commoncrawl.org/crawl-data/CC-MAIN-2026-34/segments/1786091681394.92/warc/CC-MAIN-20260819164830-20260819194830-00309.warc.gz	4998364	cc payload verified; slide iwa present (Index/MasterSlide-9.iwa); root type 1; mime=
CC-MAIN-2026-34-cdx-00226-37	2496802c4b8cbd5e32fd4959868ae3abfad6ecbbfb55d2c97769df7e6305045c	key	keynote	https://ripe74.ripe.net/wp-content/uploads/presentations/158-Technical-Report.key	https://data.commoncrawl.org/crawl-data/CC-MAIN-2026-34/segments/1786091680254.99/warc/CC-MAIN-20260819013647-20260819043647-00940.warc.gz	16111366	origin refetch (cc incomplete: truncated=True digest_ok=True zip_ok=False); slide iwa present (Index/MasterSlide-15.iwa); root type 1; mime=
CC-MAIN-2026-34-cdx-00226-38	ee419afbfab09504828e1c4a3b769bde5a3ce876a6e2521d66d4ea2b6b271a4e	key	keynote	https://ripe74.ripe.net/wp-content/uploads/presentations/84-TraceMON_RIPE74.key	https://data.commoncrawl.org/crawl-data/CC-MAIN-2026-34/segments/1786091680254.99/warc/CC-MAIN-20260819013647-20260819043647-00183.warc.gz	14384868	origin refetch (cc incomplete: truncated=True digest_ok=True zip_ok=False); slide iwa present (Index/Slide-59333.iwa); root type 1; mime=
CC-MAIN-2026-34-cdx-00226-40	9c65617a45d537c2034ca6f3a3ae3ca31d99913f9afd8b3f21ef9d1504beb1c8	key	keynote	https://ripe75.ripe.net/presentations/125-RIPE75_AnandBuddhdev_DNS_Update-copy.key	https://data.commoncrawl.org/crawl-data/CC-MAIN-2026-34/segments/1786091681394.92/warc/CC-MAIN-20260819164830-20260819194830-00745.warc.gz	6427810	origin refetch (cc incomplete: truncated=True digest_ok=True zip_ok=False); slide iwa present (Index/MasterSlide-9.iwa); root type 1; mime=
CC-MAIN-2026-34-cdx-00226-42	1664f7af63f73c5860e57fc9d0b805443367c544e04e1581991f583f7d740dc4	key	keynote	https://ripe75.ripe.net/presentations/18-maig.key	https://data.commoncrawl.org/crawl-data/CC-MAIN-2026-34/segments/1786091681394.92/warc/CC-MAIN-20260819164830-20260819194830-00059.warc.gz	8147561	origin refetch (cc incomplete: truncated=True digest_ok=True zip_ok=False); slide iwa present (Index/MasterSlide-14.iwa); root type 1; mime=
CC-MAIN-2026-34-cdx-00226-44	fa4186726ffd72add2de0ee2a437fc034b5d38b8b6a86d77e45e208c5161fe3d	key	keynote	https://ripe75.ripe.net/presentations/38-Newcomers-Intro_HPH_RIPE75.key	https://data.commoncrawl.org/crawl-data/CC-MAIN-2026-34/segments/1786091681394.92/warc/CC-MAIN-20260819164830-20260819194830-00143.warc.gz	9958454	origin refetch (cc incomplete: truncated=True digest_ok=True zip_ok=False); slide iwa present (Index/MasterSlide-9.iwa); root type 1; mime=
CC-MAIN-2026-34-cdx-00226-43	17292489a4d43d112b8970ece276d9cab731e1cba00121b6877fb206736eb128	key	keynote	https://ripe75.ripe.net/presentations/36-Decoding-the-IoT-Ecosystem-RIPE75.key	https://data.commoncrawl.org/crawl-data/CC-MAIN-2026-34/segments/1786091681394.92/warc/CC-MAIN-20260819164830-20260819194830-00537.warc.gz	15650084	origin refetch (cc incomplete: truncated=True digest_ok=True zip_ok=False); slide iwa present (Index/MasterSlide-9.iwa); root type 1; mime=
CC-MAIN-2026-34-cdx-00226-47	0711e94c6732bbdc1655d6e48bdc445124f8133025d011be37b8ce29cdf7c6aa	key	keynote	https://ripe75.ripe.net/presentations/60-RIPE75-IoT-Leeds-report.key	https://data.commoncrawl.org/crawl-data/CC-MAIN-2026-34/segments/1786091681394.92/warc/CC-MAIN-20260819164830-20260819194830-00236.warc.gz	3633888	cc payload verified; slide iwa present (Index/MasterSlide-4.iwa); root type 1; mime=
CC-MAIN-2026-34-cdx-00226-49	3ce0b90ad2a48d93c0f4fe56ca8d79b3210469e9961131d727308b91f329d432	key	keynote	https://ripe75.ripe.net/presentations/62-quic-rtt-ripe.key	https://data.commoncrawl.org/crawl-data/CC-MAIN-2026-34/segments/1786091681394.92/warc/CC-MAIN-20260819164830-20260819194830-00780.warc.gz	986182	cc payload verified; slide iwa present (Index/MasterSlide-8.iwa); root type 1; mime=
CC-MAIN-2026-34-cdx-00226-50	b175fe623ec8eb905946570dcb0e49c66ce110cf9296297b81324a4b0eb74fe3	key	keynote	https://ripe75.ripe.net/presentations/65-MAT-WG-AGENDA-RIPE75.key	https://data.commoncrawl.org/crawl-data/CC-MAIN-2026-34/segments/1786091681394.92/warc/CC-MAIN-20260819164830-20260819194830-00860.warc.gz	1200226	cc payload verified; slide iwa present (Index/MasterSlide-1.iwa); root type 1; mime=
CC-MAIN-2026-34-cdx-00226-46	4d49d6656d1f05a03adabc67dca5baf62fa011aacbf7c640448a747bcf20af5e	key	keynote	https://ripe75.ripe.net/presentations/59-IoT-Session-Steering.key	https://data.commoncrawl.org/crawl-data/CC-MAIN-2026-34/segments/1786091681394.92/warc/CC-MAIN-20260819164830-20260819194830-00227.warc.gz	6368889	origin refetch (cc incomplete: truncated=True digest_ok=True zip_ok=False); slide iwa present (Index/MasterSlide-5.iwa); root type 1; mime=
CC-MAIN-2026-34-cdx-00226-45	85e9c405ea12dfb2f19533344177ff2638dc70584581caae1a5a312917957b0a	key	keynote	https://ripe75.ripe.net/presentations/43-RIPE-75Opening-Slides_HPHv3.key	https://data.commoncrawl.org/crawl-data/CC-MAIN-2026-34/segments/1786091681394.92/warc/CC-MAIN-20260819164830-20260819194830-00037.warc.gz	18311981	origin refetch (cc incomplete: truncated=True digest_ok=True zip_ok=False); slide iwa present (Index/MasterSlide-9.iwa); root type 1; mime=
CC-MAIN-2026-34-cdx-00226-48	1066ee10058f5c08a96b31490325d4b36ed514e29bf25bfca6644f5fe0d7ca30	key	keynote	https://ripe75.ripe.net/presentations/61-IoT-WG-discussion.key	https://data.commoncrawl.org/crawl-data/CC-MAIN-2026-34/segments/1786091681394.92/warc/CC-MAIN-20260819164830-20260819194830-00523.warc.gz	6376995	origin refetch (cc incomplete: truncated=True digest_ok=True zip_ok=False); slide iwa present (Index/MasterSlide-5.iwa); root type 1; mime=
CC-MAIN-2026-34-cdx-00226-53	9d5dcf6003a549c5377a307721fa21ba9a6fe42691ac69d9713b7717b3bb30c4	key	keynote	https://ripe76.ripe.net/presentations/108-RIPE76-Coop-CGN-AGedit.key	https://data.commoncrawl.org/crawl-data/CC-MAIN-2026-34/segments/1786091385607.42/warc/CC-MAIN-20260813202929-20260813232929-00957.warc.gz	4443608	cc payload verified; slide iwa present (Index/MasterSlide-4.iwa); root type 1; mime=
CC-MAIN-2026-34-cdx-00226-54	d3a861a50a41a7aeddfa4c2af0550a97667d9ea285d5bbc06b13ea8e326a0b4a	key	keynote	https://ripe76.ripe.net/presentations/109-RIPE76-IoT-update-MH_v2.key	https://data.commoncrawl.org/crawl-data/CC-MAIN-2026-34/segments/1786091385607.42/warc/CC-MAIN-20260813202929-20260813232929-00860.warc.gz	3608380	cc payload verified; slide iwa present (Index/MasterSlide-4.iwa); root type 1; mime=
CC-MAIN-2026-34-cdx-00226-52	32143863e6b4595a65ae7e136b66fe2340dc97451a3c6c9abb0734a157ef0fe9	key	keynote	https://ripe76.ripe.net/presentations/104-RIPE76-DB.key	https://data.commoncrawl.org/crawl-data/CC-MAIN-2026-34/segments/1786091385607.42/warc/CC-MAIN-20260813202929-20260813232929-00730.warc.gz	5704350	origin refetch (cc incomplete: truncated=True digest_ok=True zip_ok=False); slide iwa present (Index/MasterSlide-3.iwa); root type 1; mime=
CC-MAIN-2026-34-cdx-00226-57	d8602afffdae9fa96dbe15c18e239bdde004b2752c94d405e34f42b9cc34eb4f	key	keynote	https://ripe77.ripe.net/presentations/155-2018-10-19-RIPE77-ipv6only-flag.key	https://data.commoncrawl.org/crawl-data/CC-MAIN-2026-34/segments/1786091679845.84/warc/CC-MAIN-20260818223410-20260819013410-00393.warc.gz	889569	cc payload verified; slide iwa present (Index/MasterSlide-8696.iwa); root type 1; mime=
CC-MAIN-2026-34-cdx-00226-51	598d08b0d01b71bad9dccf93dc245579c29d38365c9f0ea1d0d825627bb2767b	key	keynote	https://ripe75.ripe.net/presentations/97-CountryReports_v1.0.key	https://data.commoncrawl.org/crawl-data/CC-MAIN-2026-34/segments/1786091681394.92/warc/CC-MAIN-20260819164830-20260819194830-00531.warc.gz	16211164	origin refetch (cc incomplete: truncated=True digest_ok=True zip_ok=False); slide iwa present (Index/MasterSlide-9.iwa); root type 1; mime=
CC-MAIN-2026-34-cdx-00226-56	15845433597a68af743eb01b78c1aebe300ff0b89a9b82991690827884b0983c	key	keynote	https://ripe77.ripe.net/presentations/124-Angela-Abuse-c-final.key	https://data.commoncrawl.org/crawl-data/CC-MAIN-2026-34/segments/1786091679845.84/warc/CC-MAIN-20260818223410-20260819013410-00595.warc.gz	8478178	origin refetch (cc incomplete: truncated=True digest_ok=True zip_ok=False); slide iwa present (Index/MasterSlide-14.iwa); root type 1; mime=
CC-MAIN-2026-34-cdx-00226-60	5ebfb223a0a88d6526389796328b503ed0dc3a896da4eb954467c0426eca452e	key	keynote	https://ripe77.ripe.net/presentations/71-Andrea_Cima_RIPE_77_APWG.key	https://data.commoncrawl.org/crawl-data/CC-MAIN-2026-34/segments/1786091679845.84/warc/CC-MAIN-20260818223410-20260819013410-00500.warc.gz	4856479	cc payload verified; slide iwa present (Index/MasterSlide-14.iwa); root type 1; mime=
CC-MAIN-2026-34-cdx-00226-61	bc52f530fc0211b2a6e41c0ea73c7fc80b9ebd47fc371639d4d25e19981b819d	key	keynote	https://ripe77.ripe.net/wp-content/uploads/presentations/137-RIPE77_DNS_Update.key	https://data.commoncrawl.org/crawl-data/CC-MAIN-2026-34/segments/1786091679845.84/warc/CC-MAIN-20260818223410-20260819013410-00744.warc.gz	5080851	cc payload verified; slide iwa present (Index/MasterSlide-14.iwa); root type 1; mime=
CC-MAIN-2026-34-cdx-00226-55	f41abace90c1089441fcd37bebec62fc9b9ac4894bc6ffbc7e9df6d3d6b90f2b	key	keynote	https://ripe76.ripe.net/presentations/150-NOGs-RIPE76-Mirjam.key	https://data.commoncrawl.org/crawl-data/CC-MAIN-2026-34/segments/1786091385607.42/warc/CC-MAIN-20260813202929-20260813232929-00635.warc.gz	6700520	origin refetch (cc incomplete: truncated=True digest_ok=True zip_ok=False); slide iwa present (Index/MasterSlide-9.iwa); root type 1; mime=
CC-MAIN-2026-34-cdx-00226-63	b6f3e0882404fe412c017093e76429aafe5c82a61f2c7c7caec3c234f036b15c	key	keynote	https://ripe78.ripe.net/presentations/121-RIPE78-MobileIPv6-v6wg.key	https://data.commoncrawl.org/crawl-data/CC-MAIN-2026-34/segments/1786091385610.33/warc/CC-MAIN-20260813233259-20260814023259-00827.warc.gz	3756981	cc payload verified; slide iwa present (Index/Slide-7847.iwa); root type 1; mime=
CC-MAIN-2026-34-cdx-00226-58	88d0089b8de997835dbe8f46290dcd0dcb22b7e7e87724e5be215df9891fc50d	key	keynote	https://ripe77.ripe.net/presentations/159-Tech-report.key	https://data.commoncrawl.org/crawl-data/CC-MAIN-2026-34/segments/1786091679845.84/warc/CC-MAIN-20260818223410-20260819013410-00500.warc.gz	10501586	origin refetch (cc incomplete: truncated=True digest_ok=True zip_ok=False); slide iwa present (Index/MasterSlide-14.iwa); root type 1; mime=
CC-MAIN-2026-34-cdx-00226-59	bc5a842a70994cd3f87e5292c1b3720384077d1a6b613b56fedbd8330e56d56c	key	keynote	https://ripe77.ripe.net/presentations/51-PolicyTopics_MarcoSchmidt_12Oct2018.key	https://data.commoncrawl.org/crawl-data/CC-MAIN-2026-34/segments/1786091679845.84/warc/CC-MAIN-20260818223410-20260819013410-00944.warc.gz	5543712	origin refetch (cc incomplete: truncated=True digest_ok=True zip_ok=False); slide iwa present (Index/MasterSlide-14.iwa); root type 1; mime=
CC-MAIN-2026-34-cdx-00226-65	41dd41c2871c55ab656cfc24cb609989402287cf2f0976828ce60a1f558eccd2	key	keynote	https://ripe78.ripe.net/presentations/40-RIPE-Atlas-DNS-Safety-RIPE-78.key	https://data.commoncrawl.org/crawl-data/CC-MAIN-2026-34/segments/1786091385610.33/warc/CC-MAIN-20260813233259-20260814023259-00767.warc.gz	3496885	cc payload verified; slide iwa present (Index/MasterSlide-7973.iwa); root type 1; mime=
CC-MAIN-2026-34-cdx-00226-66	ea785d2e7162b0dd7769fbfd5c873d8677f033b024f9d7d7f63861c97f41784e	key	keynote	https://ripe78.ripe.net/presentations/47-RIPE78-MobileIPv6-BCOP.key	https://data.commoncrawl.org/crawl-data/CC-MAIN-2026-34/segments/1786091385610.33/warc/CC-MAIN-20260813233259-20260814023259-00712.warc.gz	3844267	cc payload verified; slide iwa present (Index/Slide-7847.iwa); root type 1; mime=
CC-MAIN-2026-34-cdx-00226-68	a534a24aebf5de0e4e9f89feb1da06f4ab5ca4c7a73601b5c05e4819a3ad724e	key	keynote	https://ripe78.ripe.net/presentations/96-trouble-with-NRO-SHORT.key	https://data.commoncrawl.org/crawl-data/CC-MAIN-2026-34/segments/1786091385610.33/warc/CC-MAIN-20260813233259-20260814023259-00977.warc.gz	541145	cc payload verified; slide iwa present (Index/MasterSlide-3.iwa); root type 1; mime=
CC-MAIN-2026-34-cdx-00226-69	bcbfa40f78ff38059b1519e440478348c0ab4629384a9ff0e0d3ae2473aeb775	key	keynote	https://ripe78.ripe.net/wp-content/uploads/presentations/57-2019-05-22-RIPE78-MANRS-Lab.key	https://data.commoncrawl.org/crawl-data/CC-MAIN-2026-34/segments/1786091385610.33/warc/CC-MAIN-20260813233259-20260814023259-00991.warc.gz	3972113	cc payload verified; slide iwa present (Index/MasterSlide.iwa); root type 1; mime=
CC-MAIN-2026-34-cdx-00226-70	5e6cf24f040506a03d02d3196b4574934968973b25c0c34a4ced58cee547c673	key	keynote	https://ripe82.ripe.net/presentations/73-RIPE-NCC-Operational-Update-RIPE-82.key	https://data.commoncrawl.org/crawl-data/CC-MAIN-2026-34/segments/1786091385800.97/warc/CC-MAIN-20260814235839-20260815025839-00676.warc.gz	2446793	cc payload verified; slide iwa present (Index/MasterSlide-8479.iwa); root type 1; mime=
CC-MAIN-2026-34-cdx-00226-64	10db5075a38c2fe347e8f9f62511a237a453f3b2ca07b965dd838d8ae5edfe16	key	keynote	https://ripe78.ripe.net/presentations/37-RIPE-78_Opening-Slides_final.key	https://data.commoncrawl.org/crawl-data/CC-MAIN-2026-34/segments/1786091385610.33/warc/CC-MAIN-20260813233259-20260814023259-00932.warc.gz	16833168	origin refetch (cc incomplete: truncated=True digest_ok=True zip_ok=False); slide iwa present (Index/MasterSlide.iwa); root type 1; mime=
CC-MAIN-2026-34-cdx-00226-71	602385a7773469379456334e43f5305b2cf3b8e9bc4244d6e8fe715493d83fb7	key	keynote	https://ripe82.ripe.net/wp-content/uploads/presentations/30-NRO-NC-Nominations.key	https://data.commoncrawl.org/crawl-data/CC-MAIN-2026-34/segments/1786091385800.97/warc/CC-MAIN-20260814235839-20260815025839-00361.warc.gz	839199	cc payload verified; slide iwa present (Index/MasterSlide-8479.iwa); root type 1; mime=
CC-MAIN-2026-34-cdx-00226-62	23eba8544f7c9843a41f7cff920c73159a5f00a7cb38a98689d3cae8f1858751	key	keynote	https://ripe78.ripe.net/presentations/100-Operational-Update-RIPE-78_v4.key	https://data.commoncrawl.org/crawl-data/CC-MAIN-2026-34/segments/1786091385610.33/warc/CC-MAIN-20260813233259-20260814023259-00784.warc.gz	50696584	origin refetch (cc incomplete: truncated=True digest_ok=True zip_ok=False); slide iwa present (Index/MasterSlide-8479.iwa); root type 1; mime=
CC-MAIN-2026-34-cdx-00226-73	a6e68265c00628306deb1162aa8e2839e4b4eb78bd98529b332468d37c9ce289	key	keynote	https://ripe82.ripe.net/wp-content/uploads/presentations/43-connect-wg-ripe-82.key	https://data.commoncrawl.org/crawl-data/CC-MAIN-2026-34/segments/1786091385800.97/warc/CC-MAIN-20260814235839-20260815025839-00287.warc.gz	1214853	cc payload verified; slide iwa present (Index/MasterSlide-21924.iwa); root type 1; mime=
CC-MAIN-2026-34-cdx-00226-67	e656b2020361d151f9ec771e1409633ab60ac2e807b3a7ff003516001f3a56ab	key	keynote	https://ripe78.ripe.net/presentations/78-trouble-with-NRO-data.key	https://data.commoncrawl.org/crawl-data/CC-MAIN-2026-34/segments/1786091385610.33/warc/CC-MAIN-20260813233259-20260814023259-00467.warc.gz	532667	origin refetch (cc incomplete: truncated=True digest_ok=True zip_ok=False); slide iwa present (Index/MasterSlide-3.iwa); root type 1; mime=
CC-MAIN-2026-34-cdx-00226-72	9526c5abe032c71357a490ae3f1c63820c49779f29f5f042dfc05a8d4411a50f	key	keynote	https://ripe82.ripe.net/wp-content/uploads/presentations/36-why-pi-APWG-RIPE-82.key	https://data.commoncrawl.org/crawl-data/CC-MAIN-2026-34/segments/1786091385800.97/warc/CC-MAIN-20260814235839-20260815025839-00756.warc.gz	731744	cc payload verified; slide iwa present (Index/MasterSlide-11291.iwa); root type 1; mime=
CC-MAIN-2026-34-cdx-00226-75	5bc0f35aaacc470477ffc1e346ef0b6cf1b3d675065d13dcc3c86940ef293240	key	keynote	https://ripe83.ripe.net/wp-content/uploads/presentations/42-buckridge-ripe83-coopwg.key	https://data.commoncrawl.org/crawl-data/CC-MAIN-2026-34/segments/1786091385953.65/warc/CC-MAIN-20260816062741-20260816092741-00512.warc.gz	1465182	cc payload verified; slide iwa present (Index/Slide-89332.iwa); root type 1; mime=
CC-MAIN-2026-34-cdx-00226-77	a2975ff235389186374554e1b3308501e1982462e4cf18a3c726d5f2df2c23eb	key	keynote	https://ripe84.ripe.net/wp-content/uploads/presentations/48-2022-05-17-RIPE84-Anycast.key	https://data.commoncrawl.org/crawl-data/CC-MAIN-2026-34/segments/1786091385439.63/warc/CC-MAIN-20260811223931-20260812013931-00619.warc.gz	2985914	cc payload verified; slide iwa present (Index/Slide-2644420.iwa); root type 1; mime=
CC-MAIN-2026-34-cdx-00226-74	bc76e2932c8bda47084e3470314da688d9ea92e43ba964cf37ec34d251ca808b	key	keynote	https://ripe82.ripe.net/wp-content/uploads/presentations/74-RIPE-NCC-Update_RIPE82.key	https://data.commoncrawl.org/crawl-data/CC-MAIN-2026-34/segments/1786091385800.97/warc/CC-MAIN-20260814235839-20260815025839-00332.warc.gz	7082511	origin refetch (cc incomplete: truncated=True digest_ok=True zip_ok=False); slide iwa present (Index/MasterSlide-8479.iwa); root type 1; mime=
CC-MAIN-2026-34-cdx-00226-80	d97bdb1c76e332b87a802bd4e8a520697e72339ecef7eb02051604d10b7ae2cb	key	keynote	https://ripe85.ripe.net/presentations/84-Areas-in-Distress_final.key	https://data.commoncrawl.org/crawl-data/CC-MAIN-2026-34/segments/1786091385928.59/warc/CC-MAIN-20260816002236-20260816032236-00126.warc.gz	4329274	cc payload verified; slide iwa present (Index/Slide-211348.iwa); root type 1; mime=
CC-MAIN-2026-34-cdx-00226-81	dbeef4bd4a57be4413c2ca165a2debe053d652dbe74ba4c8a8cbbcc9d9292f5b	key	keynote	https://ripe85.ripe.net/wp-content/uploads/presentations/66-RIPE85-Feeback-from-RS.key	https://data.commoncrawl.org/crawl-data/CC-MAIN-2026-34/segments/1786091385928.59/warc/CC-MAIN-20260816002236-20260816032236-00536.warc.gz	1265640	cc payload verified; slide iwa present (Index/Slide-209173.iwa); root type 1; mime=
CC-MAIN-2026-34-cdx-00226-78	0941e14775ff9918d3b6658977b6f1a40dd2250432aedb1eb65e400062214111	key	keynote	https://ripe85.ripe.net/presentations/115-Secret-WG-Story.key	https://data.commoncrawl.org/crawl-data/CC-MAIN-2026-34/segments/1786091385928.59/warc/CC-MAIN-20260816002236-20260816032236-00593.warc.gz	6985800	origin refetch (cc incomplete: truncated=True digest_ok=True zip_ok=False); slide iwa present (Index/Slide-194483.iwa); root type 1; mime=
CC-MAIN-2026-34-cdx-00226-76	58b5a3ea8267403f8da1e16145ca80a8ec292e5010ce7f7dc80c55048b34c265	key	keynote	https://ripe84.ripe.net/presentations/97-RIPE-NCC-Update.key	https://data.commoncrawl.org/crawl-data/CC-MAIN-2026-34/segments/1786091385439.63/warc/CC-MAIN-20260811223931-20260812013931-00279.warc.gz	33275018	origin refetch (cc incomplete: truncated=True digest_ok=True zip_ok=False); slide iwa present (Index/Slide-212369.iwa); root type 1; mime=
CC-MAIN-2026-34-cdx-00226-83	4ce67f17ed16d004aae6f75d226546d4c80a75a407c0721dde79537c9bde0ec6	key	keynote	https://ripe87.ripe.net/wp-content/uploads/presentations/26-NRO-NC-Nov-2023.key	https://data.commoncrawl.org/crawl-data/CC-MAIN-2026-34/segments/1786091385151.2/warc/CC-MAIN-20260808090928-20260808120928-00345.warc.gz	3837223	cc payload verified; slide iwa present (Index/Slide-211711.iwa); root type 1; mime=
CC-MAIN-2026-34-cdx-00226-84	c19f3058f7ac22a4386f9454e12a337c1fd97d6efd702c246d20c0f564181102	key	keynote	https://ripe87.ripe.net/wp-content/uploads/presentations/29-RIPE-87-Meeting-Logistics.key	https://data.commoncrawl.org/crawl-data/CC-MAIN-2026-34/segments/1786091385151.2/warc/CC-MAIN-20260808090928-20260808120928-00835.warc.gz	3288893	cc payload verified; slide iwa present (Index/Slide-211684.iwa); root type 1; mime=
CC-MAIN-2026-34-cdx-00226-86	160ce61b43e1f7fbd5b9b392779c2adf1a519368c21066e6e5ac1a2b85630b54	key	keynote	https://ripe87.ripe.net/wp-content/uploads/presentations/37-RIPE87_DoTCP_Slides.key	https://data.commoncrawl.org/crawl-data/CC-MAIN-2026-34/segments/1786091385151.2/warc/CC-MAIN-20260808090928-20260808120928-00491.warc.gz	3846991	cc payload verified; slide iwa present (Index/Slide-176-2.iwa); root type 1; mime=
CC-MAIN-2026-34-cdx-00226-87	60cdbc7fc3df535e9b1f3827815618cb8356126b317b71210b84cccffb6756b2	key	keynote	https://ripe87.ripe.net/wp-content/uploads/presentations/72-RIPE87-AAWG-final.key	https://data.commoncrawl.org/crawl-data/CC-MAIN-2026-34/segments/1786091385151.2/warc/CC-MAIN-20260808090928-20260808120928-00662.warc.gz	1903710	cc payload verified; slide iwa present (Index/Slide-21047.iwa); root type 1; mime=
CC-MAIN-2026-34-cdx-00226-82	3ad27b97d3cf506e78af5062ee2f77744b9e4c26b4973f1ef4aec08bb64fd394	key	keynote	https://ripe85.ripe.net/wp-content/uploads/presentations/9-RIPE85-Deploying_IPv6_mostly.key	https://data.commoncrawl.org/crawl-data/CC-MAIN-2026-34/segments/1786091385928.59/warc/CC-MAIN-20260816002236-20260816032236-00827.warc.gz	7232490	origin refetch (cc incomplete: truncated=True digest_ok=True zip_ok=False); slide iwa present (Index/Slide-89875.iwa); root type 1; mime=
CC-MAIN-2026-34-cdx-00226-88	a2fe159d6a13d30580fbfcd6407bd439fe10679f100f45c0af91fcb24ec2e949	key	keynote	https://ripe87.ripe.net/wp-content/uploads/presentations/9-RIPE87_Coalescing_Slides.key	https://data.commoncrawl.org/crawl-data/CC-MAIN-2026-34/segments/1786091385151.2/warc/CC-MAIN-20260808090928-20260808120928-00274.warc.gz	3494725	cc payload verified; slide iwa present (Index/Slide-85793.iwa); root type 1; mime=
CC-MAIN-2026-34-cdx-00226-79	589024badeffbcd90e64dd8de239f9151be57c14d2da2bafc4e7fa435f734b3e	key	keynote	https://ripe85.ripe.net/presentations/31-RIPE85-Opening-Plenary.key	https://data.commoncrawl.org/crawl-data/CC-MAIN-2026-34/segments/1786091385928.59/warc/CC-MAIN-20260816002236-20260816032236-00029.warc.gz	11070270	origin refetch (cc incomplete: truncated=True digest_ok=True zip_ok=False); slide iwa present (Index/Slide-10534.iwa); root type 1; mime=
CC-MAIN-2026-34-cdx-00226-91	48f5f124cdd9ad4293b072b31af0767730a97ae4349f1d2b5f0c7f095ceed9e5	pages	pages	https://schule-schlotheim.net/wp-content/uploads/2026/03/Praktikumshefter.pages	https://data.commoncrawl.org/crawl-data/CC-MAIN-2026-34/segments/1786091387120.69/warc/CC-MAIN-20260817065350-20260817095350-00398.warc.gz	780792	cc payload verified; Document.iwa root type 10000=TP.DocumentArchive; mime=
CC-MAIN-2026-34-cdx-00242-1	643f4d97a5d81bd5d667206a07c2997a0cebfd1bfc6d25ed8019ac4b091cbd43	pages	pages	https://www.heartbeetforhealthy.org/uploads/1/2/6/1/126128190/recipes_-_pumpkin_oat_bars.pages	https://data.commoncrawl.org/crawl-data/CC-MAIN-2026-34/segments/1786091385993.82/warc/CC-MAIN-20260816183940-20260816213940-00482.warc.gz	957947	cc payload verified; Document.iwa root type 10000=TP.DocumentArchive; mime=
CC-MAIN-2026-34-cdx-00226-90	3b7946905c1995a74b0ac50dd09dec8eea6591d0480e0e4351b2997f0b89a3fd	key	keynote	https://ripe89.ripe.net/presentations/48-RIPE-89-Opening-Plenary-.key	https://data.commoncrawl.org/crawl-data/CC-MAIN-2026-34/segments/1786091385044.1/warc/CC-MAIN-20260808000048-20260808030048-00595.warc.gz	9080293	origin refetch (cc incomplete: truncated=True digest_ok=True zip_ok=False); slide iwa present (Index/Slide-88087.iwa); root type 1; mime=
CC-MAIN-2026-34-cdx-00242-2	d434501c23dba6aa5ae6bfcacd4e32f4d25fd02aca78085acff6bfa8fd58f8f9	pages	pages	https://www.hogsforheroeswi.org/wp-content/uploads/2018/08/upcoming-events-2018-v2.pages	https://data.commoncrawl.org/crawl-data/CC-MAIN-2026-34/segments/1786091385460.47/warc/CC-MAIN-20260812074805-20260812104805-00971.warc.gz	1678700	cc payload verified; Document.iwa root type 10000=TP.DocumentArchive; mime=
CC-MAIN-2026-34-cdx-00226-85	3d66063c026338aef683773f77f8f007703231bf6f3a7f1e04c4400928fd8ab4	key	keynote	https://ripe87.ripe.net/wp-content/uploads/presentations/31-RIPE87-Opening-Plenary.key	https://data.commoncrawl.org/crawl-data/CC-MAIN-2026-34/segments/1786091385151.2/warc/CC-MAIN-20260808090928-20260808120928-00584.warc.gz	21837670	origin refetch (cc incomplete: truncated=True digest_ok=True zip_ok=False); slide iwa present (Index/Slide-10534.iwa); root type 1; mime=
CC-MAIN-2026-34-cdx-00242-4	ef9cd798a81108fb509b5ff16c31e447e2f5f86f5e1eac093f2ecb47b820264f	key	keynote	https://hymnstogod.org/Hymn-Files/Public-Domain-Hymns/A-Hymns/A-Friend-Indeed/A-Friend-Indeed-Projection.key	https://data.commoncrawl.org/crawl-data/CC-MAIN-2026-34/segments/1786091680254.99/warc/CC-MAIN-20260819013647-20260819043647-00051.warc.gz	1137071	cc payload verified; slide iwa present (Index/Slide-24329-2.iwa); root type 1; mime=
CC-MAIN-2026-34-cdx-00242-3	d54e66c695d0af5ccce66e790b2680b153f811c7ccf239737e0dec04b16e38cd	legacy	legacy-unknown	https://www.hoikecurriculum.org/wp-content/uploads/2013/11/wiliwili.key	https://data.commoncrawl.org/crawl-data/CC-MAIN-2026-34/segments/1786091672082.57/warc/CC-MAIN-20260817130242-20260817160242-00965.warc.gz	63050814	origin refetch (cc incomplete: truncated=True digest_ok=True zip_ok=False); legacy bundle: members=['index.apxl'] (pre-iWork-13); mime=
CC-MAIN-2026-34-cdx-00242-5	cc0cc2a309601621da9b16f7c8e69865655feca9326eba04aed7f6852ba39ba0	key	keynote	https://hymnstogod.org/Hymn-Files/Public-Domain-Hymns/A-Hymns/A_Mighty_Fortress/A_Mighty_Fortress_Projection.key	https://data.commoncrawl.org/crawl-data/CC-MAIN-2026-34/segments/1786091680254.99/warc/CC-MAIN-20260819013647-20260819043647-00635.warc.gz	1233277	cc payload verified; slide iwa present (Index/Slide-24855.iwa); root type 1; mime=
CC-MAIN-2026-34-cdx-00242-6	d9904f80479750491349d337d34aaeec0ced323bc7db9a8ade6480b7fef70c06	key	keynote	https://hymnstogod.org/Hymn-Files/Public-Domain-Hymns/A-Hymns/At-Calvary/At-Calvary-Projection.key	https://data.commoncrawl.org/crawl-data/CC-MAIN-2026-34/segments/1786091680254.99/warc/CC-MAIN-20260819013647-20260819043647-00469.warc.gz	1208512	cc payload verified; slide iwa present (Index/Slide-24332-2.iwa); root type 1; mime=
CC-MAIN-2026-34-cdx-00242-9	7e84d0172e9ce4fb8d53f367f4282bacbcc2304bdbf3e5e502155c4b05e1b2a7	key	keynote	https://hymnstogod.org/Hymn-Files/Public-Domain-Hymns/B-Hymns/Blessed-Assurance/Projection-BlessedAssurance.key	https://data.commoncrawl.org/crawl-data/CC-MAIN-2026-34/segments/1786091681394.92/warc/CC-MAIN-20260819164830-20260819194830-00375.warc.gz	1126170	cc payload verified; slide iwa present (Index/Slide-24852.iwa); root type 1; mime=
CC-MAIN-2026-34-cdx-00242-7	b837c315dea00f2dcb3d5f69e6d49cce7dd44179c059d5878281e6c8a7b4cba5	key	keynote	https://hymnstogod.org/Hymn-Files/Public-Domain-Hymns/A-Hymns/At-The-Door/At-The-Door-Projection.key	https://data.commoncrawl.org/crawl-data/CC-MAIN-2026-34/segments/1786091680254.99/warc/CC-MAIN-20260819013647-20260819043647-00099.warc.gz	1121411	cc payload verified; slide iwa present (Index/Slide-24329-2.iwa); root type 1; mime=
CC-MAIN-2026-34-cdx-00242-8	84dbf757ea226125ec4ec919c4d6c28e8091ed196f5e2ea4f1c587330312112c	key	keynote	https://hymnstogod.org/Hymn-Files/Public-Domain-Hymns/B-Hymns/Beautiful/Projection-Beautiful.key	https://data.commoncrawl.org/crawl-data/CC-MAIN-2026-34/segments/1786091680254.99/warc/CC-MAIN-20260819013647-20260819043647-00376.warc.gz	1384522	cc payload verified; slide iwa present (Index/MasterSlide-22330.iwa); root type 1; mime=
CC-MAIN-2026-34-cdx-00242-10	c5a1f6f4f561f22f4e2336716a2e44a7c5dd055371a0163cef23ba7f7fa49715	key	keynote	https://hymnstogod.org/Hymn-Files/Public-Domain-Hymns/C-Hymns/Christ-Liveth-In-Me/Christ-Liveth-In-Me-Projection.key	https://data.commoncrawl.org/crawl-data/CC-MAIN-2026-34/segments/1786091680254.99/warc/CC-MAIN-20260819013647-20260819043647-00867.warc.gz	1045562	cc payload verified; slide iwa present (Index/Slide-24328-2.iwa); root type 1; mime=
CC-MAIN-2026-34-cdx-00242-11	a1a8ae23d95bf8c4404d189bed368614c20e3f051f8e69b627069cbbbdae881f	key	keynote	https://hymnstogod.org/Hymn-Files/Public-Domain-Hymns/C-Hymns/Come-To-Jesus-Tenney/Come-To-Jesus-Tenney-Projection.key	https://data.commoncrawl.org/crawl-data/CC-MAIN-2026-34/segments/1786091680254.99/warc/CC-MAIN-20260819013647-20260819043647-00019.warc.gz	1086124	cc payload verified; slide iwa present (Index/Slide-24334-2.iwa); root type 1; mime=
CC-MAIN-2026-34-cdx-00242-12	664f52ef5b7e94e1c74ee4a00112ef743a7db680297c4b62e919a36e84bdcbd3	key	keynote	https://hymnstogod.org/Hymn-Files/Public-Domain-Hymns/C-Hymns/Count-Your-Blessings/Count-Your-Blessings-Projection.key	https://data.commoncrawl.org/crawl-data/CC-MAIN-2026-34/segments/1786091680254.99/warc/CC-MAIN-20260819013647-20260819043647-00859.warc.gz	1537499	cc payload verified; slide iwa present (Index/Slide-24340-2.iwa); root type 1; mime=
CC-MAIN-2026-34-cdx-00226-89	906c13f28a5a23b031d4f9734d3f6e03d1eae66281962b8bf04a0fcc3f4d5e31	key	keynote	https://ripe89.ripe.net/presentations/36-RIPE-89-Newcomers-Introduction.key	https://data.commoncrawl.org/crawl-data/CC-MAIN-2026-34/segments/1786091385044.1/warc/CC-MAIN-20260808000048-20260808030048-00215.warc.gz	27247278	origin refetch (cc incomplete: truncated=True digest_ok=True zip_ok=False); slide iwa present (Index/Slide-2641479.iwa); root type 1; mime=
CC-MAIN-2026-34-cdx-00242-14	9b1e19df18a19711a99f7030e12ab2bd3b8659339dbbb3d21baad30f3bad8271	key	keynote	https://hymnstogod.org/Hymn-Files/Public-Domain-Hymns/H-Hymns/Have-Thine-Own-Way-Lord/Have-Thine-Own-Way-Lord-Projection.key	https://data.commoncrawl.org/crawl-data/CC-MAIN-2026-34/segments/1786091680254.99/warc/CC-MAIN-20260819013647-20260819043647-00892.warc.gz	987608	cc payload verified; slide iwa present (Index/Slide-24328-2.iwa); root type 1; mime=
CC-MAIN-2026-34-cdx-00242-13	f2b37fee4117e46d40875a4b55d585f221e067d2eebd1a2ee1b3626becb32dba	key	keynote	https://hymnstogod.org/Hymn-Files/Public-Domain-Hymns/G-Hymns/Give-Me-The-Bible/Give-Me-The-Bible-Projection.key	https://data.commoncrawl.org/crawl-data/CC-MAIN-2026-34/segments/1786091680254.99/warc/CC-MAIN-20260819013647-20260819043647-00183.warc.gz	1710158	cc payload verified; slide iwa present (Index/Slide-24847-2.iwa); root type 1; mime=
CC-MAIN-2026-34-cdx-00242-15	5bf4a6d466ae6c524f471df626a3e9b52624a56808ae8abccd95da5dd3f75268	key	keynote	https://hymnstogod.org/Hymn-Files/Public-Domain-Hymns/H-Hymns/He-Is-Able-To-Deliver-Thee/He-Is-Able-To-Deliver-Thee-Projection.key	https://data.commoncrawl.org/crawl-data/CC-MAIN-2026-34/segments/1786091680254.99/warc/CC-MAIN-20260819013647-20260819043647-00214.warc.gz	1176834	cc payload verified; slide iwa present (Index/Slide-24328-2.iwa); root type 1; mime=
CC-MAIN-2026-34-cdx-00242-18	872aa538dd343ff568f92d5eb4ebec49d7804f95028c5b6909f387bbc1e1dff4	key	keynote	https://hymnstogod.org/Hymn-Files/Public-Domain-Hymns/I-Hymns/I-Need-Thee-Every-Hour/Projection-INeedTheeEveryHour.key	https://data.commoncrawl.org/crawl-data/CC-MAIN-2026-34/segments/1786091680254.99/warc/CC-MAIN-20260819013647-20260819043647-00975.warc.gz	1447661	cc payload verified; slide iwa present (Index/Slide-24860.iwa); root type 1; mime=
CC-MAIN-2026-34-cdx-00242-16	40518f1e475bd17bedb5fb8f17b4104d17049c36e9fa72acbe2c74c0817da50c	key	keynote	https://hymnstogod.org/Hymn-Files/Public-Domain-Hymns/H-Hymns/His-Yoke-Is-Easy/His-Yoke-Is-Easy-Projection.key	https://data.commoncrawl.org/crawl-data/CC-MAIN-2026-34/segments/1786091680254.99/warc/CC-MAIN-20260819013647-20260819043647-00902.warc.gz	1355306	cc payload verified; slide iwa present (Index/Slide-24856.iwa); root type 1; mime=
CC-MAIN-2026-34-cdx-00242-19	55d3f0d346efcfe2850bd513fca76d7ecd3b2c8c1b06065815b725fbc149715b	key	keynote	https://hymnstogod.org/Hymn-Files/Public-Domain-Hymns/I-Hymns/I-Will-Tell-Jesus/I-Will-Tell-Jesus-Projection.key	https://data.commoncrawl.org/crawl-data/CC-MAIN-2026-34/segments/1786091680254.99/warc/CC-MAIN-20260819013647-20260819043647-00713.warc.gz	1063317	cc payload verified; slide iwa present (Index/Slide-24325-2.iwa); root type 1; mime=
CC-MAIN-2026-34-cdx-00242-17	78cfca7aff6f62eaa33b46f08847109ab1864a23269bff4c189adfbb607fe628	key	keynote	https://hymnstogod.org/Hymn-Files/Public-Domain-Hymns/I-Hymns/I-Love-To-Tell-The-Story/Projection-I-Love-To-Tell-The-Story.key	https://data.commoncrawl.org/crawl-data/CC-MAIN-2026-34/segments/1786091680254.99/warc/CC-MAIN-20260819013647-20260819043647-00575.warc.gz	1678040	cc payload verified; slide iwa present (Index/Slide-24864.iwa); root type 1; mime=
CC-MAIN-2026-34-cdx-00242-20	9a91d43f00a034dfb7325f8f748a63abb3a35cb403f1de744a1a3600ae0dd762	key	keynote	https://hymnstogod.org/Hymn-Files/Public-Domain-Hymns/I-Hymns/If-We-Walk-In-The-Light/If-We-Walk-In-The-Light-Projection.key	https://data.commoncrawl.org/crawl-data/CC-MAIN-2026-34/segments/1786091680254.99/warc/CC-MAIN-20260819013647-20260819043647-00149.warc.gz	1298576	cc payload verified; slide iwa present (Index/Slide-24337-2.iwa); root type 1; mime=
CC-MAIN-2026-34-cdx-00242-22	9359188202c3594a96b15ff2ea281950b0f5fcc9d9d4c574f3191e8e1521f675	key	keynote	https://hymnstogod.org/Hymn-Files/Public-Domain-Hymns/M-Hymns/More-Like-Jesus-Stillman/More-Like-Jesus-Stillman-Projection.key	https://data.commoncrawl.org/crawl-data/CC-MAIN-2026-34/segments/1786091680254.99/warc/CC-MAIN-20260819013647-20260819043647-00193.warc.gz	1013993	cc payload verified; slide iwa present (Index/Slide-24325-2.iwa); root type 1; mime=
CC-MAIN-2026-34-cdx-00242-21	3a6735583790acdcc13661e68532e4a9f08e39fc2be541e2b17c1d24b5cf2320	key	keynote	https://hymnstogod.org/Hymn-Files/Public-Domain-Hymns/L-Hymns/Looking-To-Thee/Looking-To-Thee-Projection.key	https://data.commoncrawl.org/crawl-data/CC-MAIN-2026-34/segments/1786091680254.99/warc/CC-MAIN-20260819013647-20260819043647-00440.warc.gz	1326207	cc payload verified; slide iwa present (Index/MasterSlide-22330.iwa); root type 1; mime=
CC-MAIN-2026-34-cdx-00242-24	0e03f321dcdb2e5046c898d3e807e5d72290445cfbdd606e4f09bd20862afb20	key	keynote	https://hymnstogod.org/Hymn-Files/Public-Domain-Hymns/T-Hymns/The-Kingdom-Of-Song/The-Kingdom-Of-Song-Projection.key	https://data.commoncrawl.org/crawl-data/CC-MAIN-2026-34/segments/1786091680254.99/warc/CC-MAIN-20260819013647-20260819043647-00694.warc.gz	2564357	cc payload verified; slide iwa present (Index/Slide-24328-2.iwa); root type 1; mime=
CC-MAIN-2026-34-cdx-00242-26	1e5fbfc2926e29f0374acac33155a736021a5b1ddc3a676b37f71a136610e844	key	keynote	https://hymnstogod.org/Hymn-Files/Public-Domain-Hymns/T-Hymns/There-Is-Power-In-The-Blood/There-Is-Power-In-The-Blood-Projection.key	https://data.commoncrawl.org/crawl-data/CC-MAIN-2026-34/segments/1786091680254.99/warc/CC-MAIN-20260819013647-20260819043647-00448.warc.gz	1163583	cc payload verified; slide iwa present (Index/Slide-24328-2.iwa); root type 1; mime=
CC-MAIN-2026-34-cdx-00242-23	b14be0777c39404ea11f2d4726bea024ab12fd1caf99c82c58545545b5dd89dc	key	keynote	https://hymnstogod.org/Hymn-Files/Public-Domain-Hymns/P-Hymns/Precious-Words/Precious-Words-Projection.key	https://data.commoncrawl.org/crawl-data/CC-MAIN-2026-34/segments/1786091680254.99/warc/CC-MAIN-20260819013647-20260819043647-00078.warc.gz	1131333	cc payload verified; slide iwa present (Index/Slide-24328-2.iwa); root type 1; mime=
CC-MAIN-2026-34-cdx-00242-25	2bba4712fb17f326cac259790af433d59202dfd28f59dd4319e9616606d2b974	key	keynote	https://hymnstogod.org/Hymn-Files/Public-Domain-Hymns/T-Hymns/The-Love-Of-God-Lehman/The-Love-Of-God-Lehman-Projection.key	https://data.commoncrawl.org/crawl-data/CC-MAIN-2026-34/segments/1786091680254.99/warc/CC-MAIN-20260819013647-20260819043647-00562.warc.gz	1262136	cc payload verified; slide iwa present (Index/Slide-24327-2.iwa); root type 1; mime=
CC-MAIN-2026-34-cdx-00242-27	1cf66da3dd89e363a079efc95aad9248f98cdcf8f6ac39d9674a6b45b36950ad	key	keynote	https://hymnstogod.org/Hymn-Files/Public-Domain-Hymns/W-Hymns/When-The-Roll-Is-Called-Up-Yonder/When-The-Roll-Is-Called-Up-Yonder-Projection.key	https://data.commoncrawl.org/crawl-data/CC-MAIN-2026-34/segments/1786091680254.99/warc/CC-MAIN-20260819013647-20260819043647-00251.warc.gz	1511585	cc payload verified; slide iwa present (Index/Slide-24337-2.iwa); root type 1; mime=
CC-MAIN-2026-34-cdx-00242-28	bd4c8918f04ec9fae135aee4536a4585066ddf5916dbc7b7d137adae840945dd	key	keynote	https://hymnstogod.org/Hymn-Files/Public-Domain-Hymns/W-Hymns/Where-The-Gates-Swing-Outward-Never/Where-The-Gates-Swing-Outward-Never-Projection.key	https://data.commoncrawl.org/crawl-data/CC-MAIN-2026-34/segments/1786091680254.99/warc/CC-MAIN-20260819013647-20260819043647-00031.warc.gz	1110017	cc payload verified; slide iwa present (Index/Slide-24332-2.iwa); root type 1; mime=
CC-MAIN-2026-34-cdx-00290-3	c8c80b312267e024a58c21b579f8a91274a631266a60af2db3a4d915f2cdf054	key	keynote	https://www.classroomsolutions.co.uk/uploads/1/9/5/1/19510927/wq36ukk.key	https://data.commoncrawl.org/crawl-data/CC-MAIN-2026-34/segments/1786091680254.99/warc/CC-MAIN-20260819013647-20260819043647-00844.warc.gz	3872490	cc payload verified; slide iwa present (Index/Slide-27738.iwa); root type None; mime=
CC-MAIN-2026-34-cdx-00290-1	f7a98a967f9067e2c92e876d939b412b1e20936ec89eaf92f9bbd864dd1b56b3	key	keynote	https://www.classroomsolutions.co.uk/uploads/1/9/5/1/19510927/wq19ukf.key	https://data.commoncrawl.org/crawl-data/CC-MAIN-2026-34/segments/1786091680254.99/warc/CC-MAIN-20260819013647-20260819043647-00578.warc.gz	5152660	cc payload verified; slide iwa present (Index/Slide-27738.iwa); root type None; mime=
CC-MAIN-2026-34-cdx-00290-2	8cf244a1f19a43b76e366044053da95dd5f845f5c7cd44206a880280e93bd574	key	keynote	https://www.classroomsolutions.co.uk/uploads/1/9/5/1/19510927/wq25ukk.key	https://data.commoncrawl.org/crawl-data/CC-MAIN-2026-34/segments/1786091680254.99/warc/CC-MAIN-20260819013647-20260819043647-00972.warc.gz	3896292	cc payload verified; slide iwa present (Index/Slide-28262.iwa); root type None; mime=
CC-MAIN-2026-34-cdx-00290-4	1a40c7b2c6e258bf9d4cdda99d7d97de337029f95480ff62bb4e58ca6314bfdf	pages	pages	https://www.fashioncapital.co.uk/wp-content/uploads/2025/07/Hope-FX-Overview-1.pages	https://data.commoncrawl.org/crawl-data/CC-MAIN-2026-34/segments/1786091385148.14/warc/CC-MAIN-20260808060658-20260808090658-00856.warc.gz	1024313	cc payload verified; Document.iwa root type 10000=TP.DocumentArchive; mime=
CC-MAIN-2026-34-cdx-00003-1	534d58ee7d21932b69bdd2792830eacbed9d186f2c90e0a07c328cd91a181a4a	numbers	numbers	https://aikikai-graz.at/wp-content/uploads/2026/07/Aug-2026.numbers	https://data.commoncrawl.org/crawl-data/CC-MAIN-2026-34/segments/1786091385464.24/warc/CC-MAIN-20260812105035-20260812135035-00064.warc.gz	214295	cc payload verified; Document.iwa root type 1=TN.DocumentArchive; mime=
CC-MAIN-2026-34-cdx-00003-3	fac62c5609f0afb5a7015ba63c3fd8bfe2e34ed7d88dc9b7e33e8c9b63a70502	numbers	numbers	https://igbildendekunst.at/wp-content/uploads/2025/12/Numbers_Mustervorlage_Werkverzeichnis.numbers	https://data.commoncrawl.org/crawl-data/CC-MAIN-2026-34/segments/1786091385464.24/warc/CC-MAIN-20260812105035-20260812135035-00012.warc.gz	119369	cc payload verified; Document.iwa root type 1=TN.DocumentArchive; mime=
CC-MAIN-2026-34-cdx-00003-2	16c9478d6d219afc93d947ea437de83e2f72a3e24d186c74cc1a7a7488f906e6	numbers	numbers	https://htugraz.at/fileadmin/STV_ET_TON/Documents/Planungssheets/TI_Master_2020_Planungssheet_v1_0.numbers	https://data.commoncrawl.org/crawl-data/CC-MAIN-2026-34/segments/1786091385254.10/warc/CC-MAIN-20260809154047-20260809184047-00675.warc.gz	931858	cc payload verified; Document.iwa root type 1=TN.DocumentArchive; mime=
CC-MAIN-2026-34-cdx-00019-3	d0c3b0c6e8326a9a3955e2977030b045977caf3ea7982a5798de666b16c6786e	legacy	legacy-unknown	http://a-j-r.ch/uploads/AJR/Activites/2011/table_ronde_du_mercredi_14_septembre_.pages	https://data.commoncrawl.org/crawl-data/CC-MAIN-2026-34/segments/1786091385431.4/warc/CC-MAIN-20260811163319-20260811193319-00587.warc.gz	821743	cc payload verified; legacy bundle: members=['index.xml'] (pre-iWork-13); mime=
CC-MAIN-2026-34-cdx-00019-1	c2fe30090787473ec696065a704cb44bdfa0f6c97f6f603bbcf84ec88cc94479	key	keynote	https://sean-parent.stlab.cc/presentations/2019-10-31-relationships/2019-10-31-relationships.key	https://data.commoncrawl.org/crawl-data/CC-MAIN-2026-34/segments/1786091385710.35/warc/CC-MAIN-20260814114419-20260814144419-00691.warc.gz	45742162	origin refetch (cc incomplete: truncated=True digest_ok=True zip_ok=False); slide iwa present (Index/MasterSlide-102-2.iwa); root type 1; mime=
CC-MAIN-2026-34-cdx-00019-2	b7f744414334eaa0237ba0c4225feda0ded7a795943c1ae58bd23dd178f150cb	legacy	legacy-unknown	http://a-j-r.ch/uploads/AJR/Activites/2011/affiche_break_2.pages	https://data.commoncrawl.org/crawl-data/CC-MAIN-2026-34/segments/1786091385431.4/warc/CC-MAIN-20260811163319-20260811193319-00824.warc.gz	1405918	cc payload verified; legacy bundle: members=['index.xml'] (pre-iWork-13); mime=
CC-MAIN-2026-34-cdx-00019-4	b0027251844f4715bd27d2c9612221f9010236d55db1572f063897b858f0865d	legacy	legacy-unknown	http://a-j-r.ch/uploads/AJR/Activites/2013/affiche_foire_de_malleray_2013.pages	https://data.commoncrawl.org/crawl-data/CC-MAIN-2026-34/segments/1786091385431.4/warc/CC-MAIN-20260811163319-20260811193319-00136.warc.gz	1354588	cc payload verified; legacy bundle: members=['index.xml'] (pre-iWork-13); mime=
CC-MAIN-2026-34-cdx-00019-5	c6de43556c08fc12716fe0a00c3943377596eaed5d22ce094244730c400230c1	legacy	legacy-unknown	http://a-j-r.ch/uploads/AJR/Activites/2013/animation_mobile.pages	https://data.commoncrawl.org/crawl-data/CC-MAIN-2026-34/segments/1786091385223.27/warc/CC-MAIN-20260809093337-20260809123337-00162.warc.gz	1188781	cc payload verified; legacy bundle: members=['index.xml'] (pre-iWork-13); mime=
CC-MAIN-2026-34-cdx-00019-7	ae08f0c474482489b44618df79f2e3a7229f868b8523984339db751f52b4f9f4	pages	pages	http://a-j-r.ch/uploads/AJR/Activites/2015/fermeture_local_mall__juillet_2015.pages	https://data.commoncrawl.org/crawl-data/CC-MAIN-2026-34/segments/1786091677690.83/warc/CC-MAIN-20260818102432-20260818132432-00447.warc.gz	528522	cc payload verified; Document.iwa root type 10000=TP.DocumentArchive; mime=
CC-MAIN-2026-34-cdx-00019-6	990e35c97aa2a1820e084bd49594f0e581552871005dcd7699e0cbdeba11c959	legacy	legacy-unknown	http://a-j-r.ch/uploads/AJR/Activites/2013/animation_mobile_1.pages	https://data.commoncrawl.org/crawl-data/CC-MAIN-2026-34/segments/1786091385223.27/warc/CC-MAIN-20260809093337-20260809123337-00004.warc.gz	1189326	cc payload verified; legacy bundle: members=['index.xml'] (pre-iWork-13); mime=
CC-MAIN-2026-34-cdx-00035-1	157b84e8e0c3f02f97f9cde823da37cb7e8c9bd00eefb3485cf5a2d678b654b0	key	keynote	https://anyoneteach.com/wp-content/uploads/2018/04/Listening-Templates.key	https://data.commoncrawl.org/crawl-data/CC-MAIN-2026-34/segments/1786091385415.17/warc/CC-MAIN-20260811072451-20260811102451-00329.warc.gz	4092329	cc payload verified; slide iwa present (Index/MasterSlide-101-2.iwa); root type 1; mime=
CC-MAIN-2026-34-cdx-00067-1	0e6c0a6b1aa692a5636d2cbecf55bbff344930257ce36ce92da5ccc3cf6fc270	key	keynote	https://www.famucinematographydpt.com/wp-content/uploads/2019/01/Free-Phographs.key	https://data.commoncrawl.org/crawl-data/CC-MAIN-2026-34/segments/1786091679845.84/warc/CC-MAIN-20260818223410-20260819013410-00251.warc.gz	195701	cc payload verified; slide iwa present (Index/MasterSlide-10131.iwa); root type 1; mime=
CC-MAIN-2026-34-cdx-00067-2	5a7c58672bcf2f465067b628d56b1ea6ee3f1edd3fe0857922881310188524c1	key	keynote	https://www.famucinematographydpt.com/wp-content/uploads/2019/01/Handkerchief-Storyboard.key	https://data.commoncrawl.org/crawl-data/CC-MAIN-2026-34/segments/1786091679845.84/warc/CC-MAIN-20260818223410-20260819013410-00140.warc.gz	283098	cc payload verified; slide iwa present (Index/MasterSlide.iwa); root type 1; mime=
CC-MAIN-2026-34-cdx-00067-3	a9d4f68c7a0f7aa6af2980f093496027da235adb897035848d5487c730073bda	key	keynote	https://www.famucinematographydpt.com/wp-content/uploads/2019/01/Home.key	https://data.commoncrawl.org/crawl-data/CC-MAIN-2026-34/segments/1786091679845.84/warc/CC-MAIN-20260818223410-20260819013410-00423.warc.gz	189606	cc payload verified; slide iwa present (Index/MasterSlide-10131.iwa); root type 1; mime=
CC-MAIN-2026-34-cdx-00067-4	9a4ebd314d7f72ee5aeddaac0a6f6d4e25ce484e0adde02f2082977249ae31b4	key	keynote	https://www.famucinematographydpt.com/wp-content/uploads/2019/11/Creative-art-test.key	https://data.commoncrawl.org/crawl-data/CC-MAIN-2026-34/segments/1786091679845.84/warc/CC-MAIN-20260818223410-20260819013410-00891.warc.gz	218310	cc payload verified; slide iwa present (Index/MasterSlide-10131.iwa); root type 1; mime=
CC-MAIN-2026-34-cdx-00099-1	abe2460632e02c1fea16e3c61d9af0f435f0eeab0d96216c199986c242b9d8ca	key	keynote	https://www.mazzieroresearch.com/wp-content/uploads/2020/06/Spesa-carburante-1.key	https://data.commoncrawl.org/crawl-data/CC-MAIN-2026-34/segments/1786091385738.18/warc/CC-MAIN-20260814144954-20260814174954-00373.warc.gz	4500832	cc payload verified; slide iwa present (Index/MasterSlide-10099.iwa); root type 1; mime=
CC-MAIN-2026-34-cdx-00115-2	5847faad94114938d67e9079b9b6f8c0b376275cf64854f9122934cac0cd0304	pages	pages	https://www.prayerletters.com/cards/a2-flat-landscape.pages	https://data.commoncrawl.org/crawl-data/CC-MAIN-2026-34/segments/1786091385184.15/warc/CC-MAIN-20260808182008-20260808212008-00160.warc.gz	89208	cc payload verified; Document.iwa root type 10000=TP.DocumentArchive; mime=
CC-MAIN-2026-34-cdx-00115-1	4bd14148b615620932fbb48d8114e5de93a9bccbc237e6f9235a59b77a382ccc	pages	pages	http://pouchcovepwds.com/documents/puppyquestionnaire.pages	https://data.commoncrawl.org/crawl-data/CC-MAIN-2026-34/segments/1786091385858.80/warc/CC-MAIN-20260815181639-20260815211639-00173.warc.gz	717116	cc payload verified; Document.iwa root type 10000=TP.DocumentArchive; mime=
CC-MAIN-2026-34-cdx-00115-4	cea235e4b111104743280f4633c3c8b7e0c9573ac86dbf066a11cc936cda15fc	pages	pages	https://www.prayerletters.com/cards/a2-folded-landscape.pages	https://data.commoncrawl.org/crawl-data/CC-MAIN-2026-34/segments/1786091385184.15/warc/CC-MAIN-20260808182008-20260808212008-00047.warc.gz	106652	cc payload verified; Document.iwa root type 10000=TP.DocumentArchive; mime=
CC-MAIN-2026-34-cdx-00115-3	5cd1c9dac013ecae63770e8e22f217c049aa65e744cfabb520cf6360b7d2b82b	pages	pages	https://www.prayerletters.com/cards/a2-flat-portrait.pages	https://data.commoncrawl.org/crawl-data/CC-MAIN-2026-34/segments/1786091385184.15/warc/CC-MAIN-20260808182008-20260808212008-00418.warc.gz	103496	cc payload verified; Document.iwa root type 10000=TP.DocumentArchive; mime=
CC-MAIN-2026-34-cdx-00115-5	73d14d86ee1e4712f9e1607d4a666cc9cae204195dc1e01b9a800dc564b88255	pages	pages	https://www.prayerletters.com/cards/a2-folded-portrait.pages	https://data.commoncrawl.org/crawl-data/CC-MAIN-2026-34/segments/1786091385184.15/warc/CC-MAIN-20260808182008-20260808212008-00611.warc.gz	85229	cc payload verified; Document.iwa root type 10000=TP.DocumentArchive; mime=
CC-MAIN-2026-34-cdx-00115-6	ac8cf6cd22cbb05008fc4f8e97bebe53eb2853665e842b569af3cca4d779a9da	pages	pages	https://www.prayerletters.com/cards/a4-flat-landscape.pages	https://data.commoncrawl.org/crawl-data/CC-MAIN-2026-34/segments/1786091385184.15/warc/CC-MAIN-20260808182008-20260808212008-00878.warc.gz	81998	cc payload verified; Document.iwa root type 10000=TP.DocumentArchive; mime=
CC-MAIN-2026-34-cdx-00115-8	2725d84498fb444bfc9a13d583c446ed8d5c063a80912078b2ba4ec776547ec8	pages	pages	https://www.prayerletters.com/cards/a4-folded-landscape.pages	https://data.commoncrawl.org/crawl-data/CC-MAIN-2026-34/segments/1786091385184.15/warc/CC-MAIN-20260808182008-20260808212008-00541.warc.gz	112855	cc payload verified; Document.iwa root type 10000=TP.DocumentArchive; mime=
CC-MAIN-2026-34-cdx-00115-7	eb1950d46db9195964d7f65eca975776778663407c95df4c1f77aec56a43ef30	pages	pages	https://www.prayerletters.com/cards/a4-flat-portrait.pages	https://data.commoncrawl.org/crawl-data/CC-MAIN-2026-34/segments/1786091385184.15/warc/CC-MAIN-20260808182008-20260808212008-00596.warc.gz	96588	cc payload verified; Document.iwa root type 10000=TP.DocumentArchive; mime=
CC-MAIN-2026-34-cdx-00115-10	42d1265baf853f9468b345bb474700ee10649f468e7e5fe9e2472dd37a664fa4	pages	pages	https://www.prayerletters.com/cards/a7-flat-landscape.pages	https://data.commoncrawl.org/crawl-data/CC-MAIN-2026-34/segments/1786091385184.15/warc/CC-MAIN-20260808182008-20260808212008-00955.warc.gz	79063	cc payload verified; Document.iwa root type 10000=TP.DocumentArchive; mime=
CC-MAIN-2026-34-cdx-00115-9	af59846113b735e7f9ca17185b66080cd18c001b3a678cca1b9c93e194a62ad9	pages	pages	https://www.prayerletters.com/cards/a4-folded-portrait.pages	https://data.commoncrawl.org/crawl-data/CC-MAIN-2026-34/segments/1786091385184.15/warc/CC-MAIN-20260808182008-20260808212008-00925.warc.gz	89242	cc payload verified; Document.iwa root type 10000=TP.DocumentArchive; mime=
CC-MAIN-2026-34-cdx-00115-11	b5684bb002b82df34bf611f9f4686c40958c0e73d9fc3a480874855d14eef3b4	pages	pages	https://www.prayerletters.com/cards/a7-flat-portrait.pages	https://data.commoncrawl.org/crawl-data/CC-MAIN-2026-34/segments/1786091385184.15/warc/CC-MAIN-20260808182008-20260808212008-00335.warc.gz	93511	cc payload verified; Document.iwa root type 10000=TP.DocumentArchive; mime=
CC-MAIN-2026-34-cdx-00115-14	5008407355183b83d05bf0aa2c8f2770e5538db04b678c8b4cef544a1fb57581	pages	pages	https://www.prayerletters.com/cards/a9-flat-landscape.pages	https://data.commoncrawl.org/crawl-data/CC-MAIN-2026-34/segments/1786091385184.15/warc/CC-MAIN-20260808182008-20260808212008-00025.warc.gz	74425	cc payload verified; Document.iwa root type 10000=TP.DocumentArchive; mime=
CC-MAIN-2026-34-cdx-00115-12	e091ebd5115422a42ccffca8ced59282e286c781a445cd3f10923f5cd411fb56	pages	pages	https://www.prayerletters.com/cards/a7-folded-landscape.pages	https://data.commoncrawl.org/crawl-data/CC-MAIN-2026-34/segments/1786091385184.15/warc/CC-MAIN-20260808182008-20260808212008-00282.warc.gz	99664	cc payload verified; Document.iwa root type 10000=TP.DocumentArchive; mime=
CC-MAIN-2026-34-cdx-00115-17	b1b34cd0ebcc5f11fbabae41ec4ce03733a0df8d845c8634f87d5b8990df3788	pages	pages	https://www.prayerletters.com/cards/a9-folded-portrait.pages	https://data.commoncrawl.org/crawl-data/CC-MAIN-2026-34/segments/1786091385184.15/warc/CC-MAIN-20260808182008-20260808212008-00386.warc.gz	79595	cc payload verified; Document.iwa root type 10000=TP.DocumentArchive; mime=
CC-MAIN-2026-34-cdx-00115-16	b23850a50e888330d61a337c82c210e5d9e967f2b7d23952ec6b6a2f4bab60cf	pages	pages	https://www.prayerletters.com/cards/a9-folded-landscape.pages	https://data.commoncrawl.org/crawl-data/CC-MAIN-2026-34/segments/1786091385184.15/warc/CC-MAIN-20260808182008-20260808212008-00776.warc.gz	96671	cc payload verified; Document.iwa root type 10000=TP.DocumentArchive; mime=
CC-MAIN-2026-34-cdx-00115-15	5f68af8de26b5a323ac559b746f50b07ce5c6a2b65dc31abf1c9354ce8c05bf0	pages	pages	https://www.prayerletters.com/cards/a9-flat-portrait.pages	https://data.commoncrawl.org/crawl-data/CC-MAIN-2026-34/segments/1786091385184.15/warc/CC-MAIN-20260808182008-20260808212008-00161.warc.gz	85287	cc payload verified; Document.iwa root type 10000=TP.DocumentArchive; mime=
CC-MAIN-2026-34-cdx-00115-13	13617496f5ba6b76e243296e6ef7dbf6fffa4858820c8595dfccc0449f4cde92	pages	pages	https://www.prayerletters.com/cards/a7-folded-portrait.pages	https://data.commoncrawl.org/crawl-data/CC-MAIN-2026-34/segments/1786091385184.15/warc/CC-MAIN-20260808182008-20260808212008-00072.warc.gz	80244	cc payload verified; Document.iwa root type 10000=TP.DocumentArchive; mime=
CC-MAIN-2026-34-cdx-00147-1	2e425f99a1fa9dd5c263ce48c356541236d65e034bc36cf7540d0612bfeb16e9	pages	pages	http://33202576.weebly.com/uploads/1/4/6/8/14680198/zip_skate_2016-17.pages	https://data.commoncrawl.org/crawl-data/CC-MAIN-2026-34/segments/1786091385610.33/warc/CC-MAIN-20260813233259-20260814023259-00246.warc.gz	192245	cc payload verified; Document.iwa root type 10000=TP.DocumentArchive; mime=
CC-MAIN-2026-34-cdx-00131-2	bb64b696a052c721cfa59d33170a25cf08a08b3faa12135d204b412e9273f492	pages	pages	https://stpaulsuccchurch.com/sermon/7.11.21.pages	https://data.commoncrawl.org/crawl-data/CC-MAIN-2026-34/segments/1786091678553.88/warc/CC-MAIN-20260818193129-20260818223129-00427.warc.gz	390050	cc payload verified; Document.iwa root type 10000=TP.DocumentArchive; mime=
CC-MAIN-2026-34-cdx-00147-2	3872f36f0afa91f1c2f87379835f01643a50bed8990662584fc150cbbb052ac6	legacy	legacy-unknown	https://drydenart.weebly.com/uploads/8/9/6/1/8961653/animation.key	https://data.commoncrawl.org/crawl-data/CC-MAIN-2026-34/segments/1786091385934.3/warc/CC-MAIN-20260816032507-20260816062507-00070.warc.gz	159725	cc payload verified; legacy bundle: members=['index.apxl'] (pre-iWork-13); mime=
CC-MAIN-2026-34-cdx-00147-4	9e9cb18eb345db81ded87d1f8bf8e83c86046aff58865af8834637fe07fea4c3	key	keynote	https://drydenart.weebly.com/uploads/8/9/6/1/8961653/ipod_animation.key	https://data.commoncrawl.org/crawl-data/CC-MAIN-2026-34/segments/1786091385622.16/warc/CC-MAIN-20260814023636-20260814053636-00697.warc.gz	5149260	cc payload verified; slide iwa present (Index/MasterSlide-8.iwa); root type 1; mime=
CC-MAIN-2026-34-cdx-00163-1	3c73e6684616c9e8fd83f142de686b9f2eb38aac95d13eac9466c5ea15f2e9f7	pages	pages	https://kita-kastanienburg.de/wp-content/uploads/2026/07/6.07.26.pages	https://data.commoncrawl.org/crawl-data/CC-MAIN-2026-34/segments/1786091385205.8/warc/CC-MAIN-20260809063011-20260809093011-00899.warc.gz	246235	cc payload verified; Document.iwa root type 10000=TP.DocumentArchive; mime=
CC-MAIN-2026-34-cdx-00147-5	e2732d125c354c8a5e4ed18d3875f51577416f3074eb917e9192df55b0ad157e	key	keynote	https://drydenart.weebly.com/uploads/8/9/6/1/8961653/pigeon_template.key	https://data.commoncrawl.org/crawl-data/CC-MAIN-2026-34/segments/1786091385934.3/warc/CC-MAIN-20260816032507-20260816062507-00221.warc.gz	1532910	cc payload verified; slide iwa present (Index/MasterSlide-9.iwa); root type 1; mime=
CC-MAIN-2026-34-cdx-00163-2	919597a8093f4abadf0599f28bdab970a708e9cf329a9455c47225dc90d3e41e	pages	pages	https://lernmanufakturulm.de/wp-content/uploads/2024/10/Vorlage_AGB2024.pages	https://data.commoncrawl.org/crawl-data/CC-MAIN-2026-34/segments/1786091385738.18/warc/CC-MAIN-20260814144954-20260814174954-00628.warc.gz	703441	cc payload verified; Document.iwa root type 10000=TP.DocumentArchive; mime=
CC-MAIN-2026-34-cdx-00147-3	8e7f01782c76500951032d5d10a18f3b178b0aa3feae8f015239d75843ae9546	key	keynote	https://drydenart.weebly.com/uploads/8/9/6/1/8961653/bubblegum_template.key	https://data.commoncrawl.org/crawl-data/CC-MAIN-2026-34/segments/1786091385622.16/warc/CC-MAIN-20260814023636-20260814053636-00550.warc.gz	1962684	cc payload verified; slide iwa present (Index/MasterSlide.iwa); root type 1; mime=
CC-MAIN-2026-34-cdx-00147-6	ad03c551c617adc383a592764b4ffea5e1b50f472f35b90cea0a5b5137c2550a	key	keynote	https://drydenart.weebly.com/uploads/8/9/6/1/8961653/scrabble_keynote_template.key	https://data.commoncrawl.org/crawl-data/CC-MAIN-2026-34/segments/1786091385148.14/warc/CC-MAIN-20260808060658-20260808090658-00681.warc.gz	450323	cc payload verified; slide iwa present (Index/MasterSlide.iwa); root type 1; mime=
CC-MAIN-2026-34-cdx-00163-4	6914f46e51aba6c1b626e5d2d733ffa898c6c581aebf043057ad09338c5de7ed	numbers	numbers	https://likvi.de/assets-static/downloads/zeiterfassungsvorlage.numbers	https://data.commoncrawl.org/crawl-data/CC-MAIN-2026-34/segments/1786091385751.81/warc/CC-MAIN-20260814175232-20260814205232-00177.warc.gz	171168	cc payload verified; Document.iwa root type 1=TN.DocumentArchive; mime=
CC-MAIN-2026-34-cdx-00163-3	f43d849f63dd4aef7c2a9f0d2f35b98099a38af62ec9a7d245d74265a85085ce	pages	pages	https://likvi.de/assets-static/downloads/rechnungsvorlage-kleinunternehmer.pages	https://data.commoncrawl.org/crawl-data/CC-MAIN-2026-34/segments/1786091385751.81/warc/CC-MAIN-20260814175232-20260814205232-00622.warc.gz	214686	cc payload verified; Document.iwa root type 10000=TP.DocumentArchive; mime=
CC-MAIN-2026-34-cdx-00195-2	5cdb861a0177971948c935b947176cc39e7e7240adb26a6a9d6ed829c3bb515e	key	keynote	https://plan3d.immo/wp-content/uploads/2022/09/Chamonix.key	https://data.commoncrawl.org/crawl-data/CC-MAIN-2026-34/segments/1786091385565.71/warc/CC-MAIN-20260813081409-20260813111409-00871.warc.gz	2892849	cc payload verified; slide iwa present (Index/Slide-2644420.iwa); root type 1; mime=
CC-MAIN-2026-34-cdx-00227-1	c0b2fd8db1326698b4a3b28a0b68761bc589848587a58ecfd5db2ff658a8132c	key	keynote	https://www.soundteaching.net/uploads/1/1/9/7/119760774/controlling_the_tongue_%5Bjames_3%5D_southside_november_24_2024.key	https://data.commoncrawl.org/crawl-data/CC-MAIN-2026-34/segments/1786091385858.80/warc/CC-MAIN-20260815181639-20260815211639-00065.warc.gz	1396641	cc payload verified; slide iwa present (Index/Slide-763-2.iwa); root type 1; mime=
CC-MAIN-2026-34-cdx-00227-2	85a25b6bba82e9273d2ae36f524bd93ccea63ac11fe5f7822aaed1823edea739	key	keynote	https://www.soundteaching.net/uploads/1/1/9/7/119760774/faith_hope_and_love_-_faith_southside_december_1_2024.key	https://data.commoncrawl.org/crawl-data/CC-MAIN-2026-34/segments/1786091385858.80/warc/CC-MAIN-20260815181639-20260815211639-00283.warc.gz	1013849	cc payload verified; slide iwa present (Index/Slide-26177.iwa); root type 1; mime=
CC-MAIN-2026-34-cdx-00179-1	c7429dce86a7d3537467705c0f50a4579b15423d9d9ca2adba6b468adeba91bd	key	keynote	https://indico.lofar.eu/event/24/contributions/124/attachments/257/546/08.DiGennaro_22_09_2025%20(3).key	https://data.commoncrawl.org/crawl-data/CC-MAIN-2026-34/segments/1786091385460.47/warc/CC-MAIN-20260812074805-20260812104805-00609.warc.gz	34743050	origin refetch (cc incomplete: truncated=True digest_ok=True zip_ok=False); slide iwa present (Index/MasterSlide.iwa); root type 1; mime=
CC-MAIN-2026-34-cdx-00227-3	80b404bd0647c7ecd75b4249208a585c1e8ffa64bcbf3f80bd49e41962d7e2d2	key	keynote	https://www.soundteaching.net/uploads/1/1/9/7/119760774/faith_hope_and_love_-_hope_southside_december_15_2024.key	https://data.commoncrawl.org/crawl-data/CC-MAIN-2026-34/segments/1786091385858.80/warc/CC-MAIN-20260815181639-20260815211639-00522.warc.gz	1027575	cc payload verified; slide iwa present (Index/Slide-26177.iwa); root type 1; mime=
CC-MAIN-2026-34-cdx-00227-4	8908c14d5f52a0b0db2cd47e816b755ea0d53f6fbc2908b3449b7e0c3ef4ac50	key	keynote	https://www.soundteaching.net/uploads/1/1/9/7/119760774/faith_hope_and_love_-_love_southside_december_22_2024.key	https://data.commoncrawl.org/crawl-data/CC-MAIN-2026-34/segments/1786091385858.80/warc/CC-MAIN-20260815181639-20260815211639-00648.warc.gz	1048901	cc payload verified; slide iwa present (Index/Slide-26177.iwa); root type 1; mime=
CC-MAIN-2026-34-cdx-00227-6	33a80535c17841ef2d4930d9d2a4c133ade1867bb93c5b499162f06a7f684d2f	key	keynote	https://www.soundteaching.net/uploads/1/1/9/7/119760774/he_became_poor_we_became_rich_%5B2_cor_8%5D_southside_may_19_2024.key	https://data.commoncrawl.org/crawl-data/CC-MAIN-2026-34/segments/1786091385858.80/warc/CC-MAIN-20260815181639-20260815211639-00702.warc.gz	490880	cc payload verified; slide iwa present (Index/Slide-2746523.iwa); root type 1; mime=
CC-MAIN-2026-34-cdx-00227-5	a548b85732dbb9e3833af760b7100948be6656cf597fb6f025c97ec5a02bf6fb	key	keynote	https://www.soundteaching.net/uploads/1/1/9/7/119760774/haggai_southside_november_10_2024.key	https://data.commoncrawl.org/crawl-data/CC-MAIN-2026-34/segments/1786091385858.80/warc/CC-MAIN-20260815181639-20260815211639-00856.warc.gz	24027190	origin refetch (cc incomplete: truncated=True digest_ok=True zip_ok=False); slide iwa present (Index/Slide-885-2.iwa); root type 1; mime=
CC-MAIN-2026-34-cdx-00227-7	745d5b92e3e82b83c6a9efa9dc319283d3a695b394346920f0a0e47c780474fe	key	keynote	https://www.soundteaching.net/uploads/1/1/9/7/119760774/making_our_call_and_election_sure_%5B2peter1%5D_southside_may_12_2024.key	https://data.commoncrawl.org/crawl-data/CC-MAIN-2026-34/segments/1786091385858.80/warc/CC-MAIN-20260815181639-20260815211639-00759.warc.gz	780342	cc payload verified; slide iwa present (Index/Slide-21134.iwa); root type 1; mime=
CC-MAIN-2026-34-cdx-00227-9	9383882ff0bcad4d0426c0f4747ecb087c6790c9258d03d5615e4699b9683aef	key	keynote	https://www.soundteaching.net/uploads/1/1/9/7/119760774/responding_to_our_sin_southside_november_3_2024.pptx.key	https://data.commoncrawl.org/crawl-data/CC-MAIN-2026-34/segments/1786091385858.80/warc/CC-MAIN-20260815181639-20260815211639-00870.warc.gz	2794910	cc payload verified; slide iwa present (Index/Slide-14874.iwa); root type 1; mime=
CC-MAIN-2026-34-cdx-00227-11	8579d03d15fd4edae9aa5a7a1316ab9369f2589e63cd63a1672f2fad509c095e	pages	pages	http://brickhouse.soc.srcf.net/wp/wp-content/uploads/2022/01/BTC-Welfare-Policy.pages	https://data.commoncrawl.org/crawl-data/CC-MAIN-2026-34/segments/1786091385982.61/warc/CC-MAIN-20260816153610-20260816183610-00764.warc.gz	922885	cc payload verified; Document.iwa root type 10000=TP.DocumentArchive; mime=
CC-MAIN-2026-34-cdx-00227-10	9fa9b16a31988d50ff3a70929d95534f1702ccd64bc8f713201c9ace4595c6e4	key	keynote	https://www.soundteaching.net/uploads/1/1/9/7/119760774/restoring_erring_saints_southside_may_26_2024.key	https://data.commoncrawl.org/crawl-data/CC-MAIN-2026-34/segments/1786091385858.80/warc/CC-MAIN-20260815181639-20260815211639-00827.warc.gz	2232223	cc payload verified; slide iwa present (Index/Slide-22537-2.iwa); root type 1; mime=
CC-MAIN-2026-34-cdx-00227-13	3102ccb9937bf0afeb82dd421edcbee49fd4443f31726f09c1a30ca9d800fd66	legacy	legacy-unknown	http://surf-riding.net/SurfClubLaLette/COURS_2026_files/26025Muriel.numbers	https://data.commoncrawl.org/crawl-data/CC-MAIN-2026-34/segments/1786091385328.36/warc/CC-MAIN-20260810095832-20260810125832-00626.warc.gz	87307	cc payload verified; legacy bundle: members=['index.xml'] (pre-iWork-13); mime=
CC-MAIN-2026-34-cdx-00227-15	29ae9bfe503db2dd3c0e91f7e227e25e1d31bbd1e3c50e296d89ad9d034b83a3	pages	pages	https://theredchurch.net/wp-content/uploads/2026/07/28_06_26-Menu.pages	https://data.commoncrawl.org/crawl-data/CC-MAIN-2026-34/segments/1786091385607.42/warc/CC-MAIN-20260813202929-20260813232929-00205.warc.gz	755036	cc payload verified; Document.iwa root type 10000=TP.DocumentArchive; mime=
CC-MAIN-2026-34-cdx-00227-16	d68c456db98cf78802a642f5527b6ddcb26330ac92dba9c06176225105b5aa5b	pages	pages	https://theredchurch.net/wp-content/uploads/2026/07/28_06_26-Specials.pages	https://data.commoncrawl.org/crawl-data/CC-MAIN-2026-34/segments/1786091385607.42/warc/CC-MAIN-20260813202929-20260813232929-00928.warc.gz	714837	cc payload verified; Document.iwa root type 10000=TP.DocumentArchive; mime=
CC-MAIN-2026-34-cdx-00227-17	361251718ee934e075c91a963b41ab5094b114d0e9506be4f71d22ab1ac9a15f	legacy	legacy-unknown	https://seasonal.theteacherscorner.net/winter/Internet-Snowman2.key	https://data.commoncrawl.org/crawl-data/CC-MAIN-2026-34/segments/1786091385258.30/warc/CC-MAIN-20260809184318-20260809214318-00647.warc.gz	222606	cc payload verified; legacy bundle: members=['index.apxl'] (pre-iWork-13); mime=
CC-MAIN-2026-34-cdx-00243-2	0b2fd997d3941e7fe624b3d4cdf5e9327d4a2a4a8e82048534ec94bcdf809626	pages	pages	https://www.italianostra.org/wp-content/uploads/via-IDOMENEO-2020.pages	https://data.commoncrawl.org/crawl-data/CC-MAIN-2026-34/segments/1786091385010.77/warc/CC-MAIN-20260807175542-20260807205542-00728.warc.gz	20382333	origin refetch (cc incomplete: truncated=True digest_ok=True zip_ok=False); Document.iwa root type 10000=TP.DocumentArchive; mime=
CC-MAIN-2026-34-cdx-00243-1	6565cc750ed3ec4acbe94c7aed657fcda9af3bc3635236dc740a65eac2ffc35a	pages	pages	https://www.italianostra.org/wp-content/uploads/PARCHEGGIO-GREDI-E-LEGGE-RUTELLI-.pages	https://data.commoncrawl.org/crawl-data/CC-MAIN-2026-34/segments/1786091387097.89/warc/CC-MAIN-20260817004738-20260817034738-00129.warc.gz	7042043	origin refetch (cc incomplete: truncated=True digest_ok=True zip_ok=False); Document.iwa root type 10000=TP.DocumentArchive; mime=
CC-MAIN-2026-34-cdx-00243-17	6fbc2fde3ef6ae3cff147e49ec4ec0c728b8ffbfd2917dfd2f20c255d755662e	key	keynote	https://indico.jlab.org/event/495/contributions/10821/attachments/8520/12233/Sustainable.key	https://data.commoncrawl.org/crawl-data/CC-MAIN-2026-34/segments/1786091385607.42/warc/CC-MAIN-20260813202929-20260813232929-00624.warc.gz	57417236	origin refetch (cc incomplete: truncated=True digest_ok=True zip_ok=False); slide iwa present (Index/Slide-2678912.iwa); root type 1; mime=
CC-MAIN-2026-34-cdx-00243-19	2e8a600aa16e7fd8a62aa6f84ac8aceca22426955d71caaaa064022d80228bf9	key	keynote	https://indico.jlab.org/event/542/contributions/10032/attachments/7888/11070/HUGS2022.key	https://data.commoncrawl.org/crawl-data/CC-MAIN-2026-34/segments/1786091385546.31/warc/CC-MAIN-20260813020609-20260813050609-00923.warc.gz	36650941	origin refetch (cc incomplete: truncated=True digest_ok=True zip_ok=False); slide iwa present (Index/Slide-7519.iwa); root type 1; mime=
CC-MAIN-2026-34-cdx-00243-18	67f4c7b42c3d46672fa32972a8b22ec68ead093363084bdc7817ae9e3b554415	key	keynote	https://indico.jlab.org/event/529/contributions/10269/attachments/8188/11672/GSI_talk.key	https://data.commoncrawl.org/crawl-data/CC-MAIN-2026-34/segments/1786091385607.42/warc/CC-MAIN-20260813202929-20260813232929-00681.warc.gz	7446901	origin refetch (cc incomplete: truncated=True digest_ok=True zip_ok=False); slide iwa present (Index/Slide-4432033.iwa); root type 1; mime=
CC-MAIN-2026-34-cdx-00243-21	2cb7a126f3a4b0391d6af784b93bb9a8ea42c99b0c93e2510b137d75c2f3350e	pages	pages	https://www.kevinhoneycutt.org/ewExternalFiles/Ben-PrinPDF%20at%2090%25.pages	https://data.commoncrawl.org/crawl-data/CC-MAIN-2026-34/segments/1786091385622.16/warc/CC-MAIN-20260814023636-20260814053636-00996.warc.gz	58881255	origin refetch (cc incomplete: truncated=True digest_ok=True zip_ok=False); Document.iwa root type 10000=TP.DocumentArchive; mime=
CC-MAIN-2026-34-cdx-00243-23	9fedd6476d98771bc025d412eb45519c2dad91e978e9e83bbcb78385907a19f4	numbers	numbers	https://www.krfy.org/wp-content/uploads/2024/07/KRFY-schedule.numbers	https://data.commoncrawl.org/crawl-data/CC-MAIN-2026-34/segments/1786091385710.35/warc/CC-MAIN-20260814114419-20260814144419-00598.warc.gz	2092019	cc payload verified; Document.iwa root type 1=TN.DocumentArchive; mime=
CC-MAIN-2026-34-cdx-00243-22	d83ffe52557d5cc04b837e2656dcb6b90467264387535c7db44b2d95c53c26d3	numbers	numbers	https://knea.org/sites/knea/files/2026-07/bod_table_07212026.numbers	https://data.commoncrawl.org/crawl-data/CC-MAIN-2026-34/segments/1786091385536.64/warc/CC-MAIN-20260812200004-20260812230004-00885.warc.gz	188268	cc payload verified; Document.iwa root type 1=TN.DocumentArchive; mime=
CC-MAIN-2026-34-cdx-00259-1	95296b63a7bb5c565411e8f374d70bc85a97050d6f55a3e66600f05066d8fd76	key	keynote	https://www.lab52.pt/wp-content/uploads/2017/10/Template_EOEDV_Keynote.key	https://data.commoncrawl.org/crawl-data/CC-MAIN-2026-34/segments/1786091385431.4/warc/CC-MAIN-20260811163319-20260811193319-00463.warc.gz	170878	cc payload verified; slide iwa present (Index/Slide-3958.iwa); root type 1; mime=
CC-MAIN-2026-34-cdx-00243-24	38a7da366cc3750a439957b5627b66b73816ca9b93d887deb5929631614b8e96	pages	pages	https://lakecitypresbyterian.org/wp-content/uploads/2023/05/May-14-2023-online.pages	https://data.commoncrawl.org/crawl-data/CC-MAIN-2026-34/segments/1786091385858.80/warc/CC-MAIN-20260815181639-20260815211639-00947.warc.gz	223689	cc payload verified; Document.iwa root type 10000=TP.DocumentArchive; mime=
CC-MAIN-2026-34-cdx-00291-1	79adc1c31e232a441ee788e981f89b4992b4f174a635d26fe2a0161079e5fb96	pages	pages	https://www.gcer.co.uk/downloads/Data%20Request%20form%20v4.pages	https://data.commoncrawl.org/crawl-data/CC-MAIN-2026-34/segments/1786091385515.44/warc/CC-MAIN-20260812135259-20260812165259-00391.warc.gz	940877	cc payload verified; Document.iwa root type 10000=TP.DocumentArchive; mime=
CC-MAIN-2026-34-cdx-00291-2	57269fbd083e6c67c97e5533a9e67f0c29b3019cae7297000b92e11cb624b717	pages	pages	https://www.jakemorleyphotography.co.uk/wp-content/uploads/2019/02/tax-summary-2017-18.pages	https://data.commoncrawl.org/crawl-data/CC-MAIN-2026-34/segments/1786091385428.43/warc/CC-MAIN-20260811132950-20260811162950-00594.warc.gz	575921	cc payload verified; Document.iwa root type 10000=TP.DocumentArchive; mime=
CC-MAIN-2026-34-cdx-00291-3	cf4b76a33f5a87406095499604a6cd9d7aa5d9908390c647a2cd002ff943ff53	pages	pages	https://www.johnwheeldonacademy.co.uk/wp-content/uploads/2021/09/SG-policy-25.pages	https://data.commoncrawl.org/crawl-data/CC-MAIN-2026-34/segments/1786091385223.27/warc/CC-MAIN-20260809093337-20260809123337-00675.warc.gz	936436	cc payload verified; Document.iwa root type 10000=TP.DocumentArchive; mime=
CC-MAIN-2026-34-cdx-00004-1	91e39dbb957eaf36c86e70c510710dadfcba3ae0446dfb062643ca0ce751a5f8	pages	pages	https://x-sieben.at/wp-content/uploads/2000/12/Termine-Scrum-Lehrgang-ab-01.10.2024.pages	https://data.commoncrawl.org/crawl-data/CC-MAIN-2026-34/segments/1786091385800.97/warc/CC-MAIN-20260814235839-20260815025839-00022.warc.gz	150402	cc payload verified; Document.iwa root type 10000=TP.DocumentArchive; mime=
CC-MAIN-2026-34-cdx-00004-2	254e55e598ad9ca6772f5ac4c46c82d3e6a3ba35a19d9dc7ae65c3910521ed95	pages	pages	https://alwyn.com.au/wp-content/uploads/2018/08/Alwyn-New-Site-notes.pages	https://data.commoncrawl.org/crawl-data/CC-MAIN-2026-34/segments/1786091681394.92/warc/CC-MAIN-20260819164830-20260819194830-00493.warc.gz	429007	cc payload verified; Document.iwa root type 10000=TP.DocumentArchive; mime=
CC-MAIN-2026-34-cdx-00004-3	54119baf383de89f3ec9036c7af589359680782d324e326db4c110adcd9e879a	pages	pages	https://australianlaceguild.com.au/wp-content/uploads/2023/03/Honiton.pages	https://data.commoncrawl.org/crawl-data/CC-MAIN-2026-34/segments/1786091384964.66/warc/CC-MAIN-20260807103001-20260807133001-00994.warc.gz	463301	cc payload verified; Document.iwa root type 10000=TP.DocumentArchive; mime=
CC-MAIN-2026-34-cdx-00020-1	2b87dab6ba9f2a6ec5b796e6ec7a1134137f40abf1e58ea54369981c1734eef5	legacy	legacy-unknown	https://www.bdrp.ch/system/files/docs/2013-12-12/la_suisse_dans_le_monde.pages	https://data.commoncrawl.org/crawl-data/CC-MAIN-2026-34/segments/1786091385836.20/warc/CC-MAIN-20260815120940-20260815150940-00395.warc.gz	686256	cc payload verified; legacy bundle: members=['index.xml'] (pre-iWork-13); mime=
CC-MAIN-2026-34-cdx-00004-4	d9bf248d610cc954250483a4a492d70c265ef77b4c8ab51424111ec665f4e8e4	legacy	legacy-unknown	http://www.cawb.com.au/uploads/1/0/4/5/10456711/letter_to_rta__dated_9_september_2011-1.pages	https://data.commoncrawl.org/crawl-data/CC-MAIN-2026-34/segments/1786091385295.50/warc/CC-MAIN-20260809214541-20260810004541-00083.warc.gz	5103708	cc payload verified; legacy bundle: members=['index.xml'] (pre-iWork-13); mime=
CC-MAIN-2026-34-cdx-00004-5	9f380952ab686e64ba01f456a29cd9faa5373657605743e7c564aae964d64689	legacy	legacy-unknown	http://www.cawb.com.au/uploads/1/0/4/5/10456711/traffic.pages	https://data.commoncrawl.org/crawl-data/CC-MAIN-2026-34/segments/1786091385295.50/warc/CC-MAIN-20260809214541-20260810004541-00893.warc.gz	1466257	cc payload verified; legacy bundle: members=['index.xml'] (pre-iWork-13); mime=
CC-MAIN-2026-34-cdx-00020-3	155d6ba357e7bc58a791e5291eb0dda31247f8e2370dfa1192c1da2e8c8c59dc	pages	pages	https://www.bdrp.ch/system/files/docs/2020-09-13/copie_et_dessine.pages	https://data.commoncrawl.org/crawl-data/CC-MAIN-2026-34/segments/1786091385515.44/warc/CC-MAIN-20260812135259-20260812165259-00015.warc.gz	155624	cc payload verified; Document.iwa root type 10000=TP.DocumentArchive; mime=
CC-MAIN-2026-34-cdx-00020-2	c5aa0934d7233448ecb1acdce1f6dbe8b4103f22412d4c902cf2784013f03744	legacy	legacy-unknown	https://www.bdrp.ch/system/files/docs/2013-12-12/se_reperer_sur_le_globe.pages	https://data.commoncrawl.org/crawl-data/CC-MAIN-2026-34/segments/1786091385836.20/warc/CC-MAIN-20260815120940-20260815150940-00841.warc.gz	238982	cc payload verified; legacy bundle: members=['index.xml'] (pre-iWork-13); mime=
CC-MAIN-2026-34-cdx-00020-4	4e340bbd71fb0f9c2442bae477f93e6bed73a6d1d56ac2c1b5e28d69d48e1897	key	keynote	https://www.bdrp.ch/system/files/docs/2021-03-23/presentation_zentangle.key	https://data.commoncrawl.org/crawl-data/CC-MAIN-2026-34/segments/1786091385415.17/warc/CC-MAIN-20260811072451-20260811102451-00187.warc.gz	2588895	cc payload verified; slide iwa present (Index/MasterSlide-6.iwa); root type 1; mime=
CC-MAIN-2026-34-cdx-00020-5	594d94b329711bcc0f7da1eee9273c925bb40e627bd12c24c0eb3bf446879af3	pages	pages	https://www.bdrp.ch/system/files/docs/2024-04-17/hist_11_th.6.pages	https://data.commoncrawl.org/crawl-data/CC-MAIN-2026-34/segments/1786091385515.44/warc/CC-MAIN-20260812135259-20260812165259-00730.warc.gz	821216	cc payload verified; Document.iwa root type 10000=TP.DocumentArchive; mime=
CC-MAIN-2026-34-cdx-00020-6	cace32e1ed60f831c741ead48b7566bccbc3ba798bb402794229d450ac48d748	pages	pages	https://www.bdrp.ch/system/files/docs/2025-02-27/ts_math._a_la_dizaine.pages	https://data.commoncrawl.org/crawl-data/CC-MAIN-2026-34/segments/1786091385415.17/warc/CC-MAIN-20260811072451-20260811102451-00011.warc.gz	16301693	origin refetch (cc incomplete: truncated=True digest_ok=True zip_ok=False); Document.iwa root type 10000=TP.DocumentArchive; mime=
CC-MAIN-2026-34-cdx-00020-8	9118216417b3c8309cd42eb044e40b5b226820aa92f1c57bc12aa5b5baccee76	key	keynote	https://indico.cern.ch/event/1380440/contributions/6176042/attachments/2966308/5218908/Adv_CAS_2024_Timko.key	https://data.commoncrawl.org/crawl-data/CC-MAIN-2026-34/segments/1786091385622.16/warc/CC-MAIN-20260814023636-20260814053636-00519.warc.gz	85130436	origin refetch (cc incomplete: truncated=True digest_ok=True zip_ok=False); slide iwa present (Index/MasterSlide-21813.iwa); root type 1; mime=
CC-MAIN-2026-34-cdx-00020-9	f87017f5a8f21f06f310d36d286869fd25ab68dcd6ce243d0e0b9dc19f5bf2a9	key	keynote	https://indico.cern.ch/event/1488852/contributions/6457794/attachments/3111625/5515886/jet-reconstruction-juliahep2025.key	https://data.commoncrawl.org/crawl-data/CC-MAIN-2026-34/segments/1786091683786.95/warc/CC-MAIN-20260819225241-20260820015241-00716.warc.gz	20061842	origin refetch (cc incomplete: truncated=True digest_ok=True zip_ok=False); slide iwa present (Index/Slide-2749835.iwa); root type 1; mime=
CC-MAIN-2026-34-cdx-00020-12	a7f35903560a7ce6ad5c073016b9ca257776c91d2e670683ca6844d03d8e6aa3	key	keynote	https://indico.cern.ch/event/489180/contributions/2159348/attachments/1270623/1882715/Rothstein-Pheno.key	https://data.commoncrawl.org/crawl-data/CC-MAIN-2026-34/segments/1786091385223.27/warc/CC-MAIN-20260809093337-20260809123337-00897.warc.gz	4439251	cc payload verified; slide iwa present (Index/Slide-10.iwa); root type 1; mime=
CC-MAIN-2026-34-cdx-00020-10	b37bc308fbf81207e004fb3366e5f13c9def42ea8117892db6fd17cd4db6e954	key	keynote	https://indico.cern.ch/event/1496341/contributions/6555447/attachments/3084769/5461016/ML4Lattice_Wednesday_Discussion.key	https://data.commoncrawl.org/crawl-data/CC-MAIN-2026-34/segments/1786091385821.41/warc/CC-MAIN-20260815060346-20260815090346-00230.warc.gz	6424097	origin refetch (cc incomplete: truncated=True digest_ok=True zip_ok=False); slide iwa present (Index/Slide-1204180.iwa); root type 1; mime=
CC-MAIN-2026-34-cdx-00020-14	754ea95a9be8f4ae5e4d1dc2927ab7535859862356f878a897fce55f20c3df76	legacy	legacy-unknown	https://indico.cern.ch/event/527162/contributions/2159008/attachments/1298071/1936396/SGat40.key	https://data.commoncrawl.org/crawl-data/CC-MAIN-2026-34/segments/1786091385464.24/warc/CC-MAIN-20260812105035-20260812135035-00221.warc.gz	868349	cc payload verified; legacy bundle: members=['index.apxl'] (pre-iWork-13); mime=
CC-MAIN-2026-34-cdx-00020-11	cbbe0114d979a712e48e55535dd1f189a20b6ea20c9af941ccd6e78594a8a438	key	keynote	https://indico.cern.ch/event/473362/contributions/2315758/attachments/1382591/2102580/Paris_TPC_2016_2.key	https://data.commoncrawl.org/crawl-data/CC-MAIN-2026-34/segments/1786091385460.47/warc/CC-MAIN-20260812074805-20260812104805-00850.warc.gz	67285344	origin refetch (cc incomplete: truncated=True digest_ok=True zip_ok=False); slide iwa present (Index/Slide-328543.iwa); root type 1; mime=
CC-MAIN-2026-34-cdx-00020-13	07ce533a100626160b2a419f2d2cb46da6764ce60dcdb184f1e3195d5302590f	key	keynote	https://indico.cern.ch/event/504502/contributions/2155846/attachments/1287855/1917439/Accelerator_RD_towards_highest_energies.key	https://data.commoncrawl.org/crawl-data/CC-MAIN-2026-34/segments/1786091385155.29/warc/CC-MAIN-20260808121302-20260808151302-00691.warc.gz	29131463	origin refetch (cc incomplete: truncated=True digest_ok=True zip_ok=False); slide iwa present (Index/Slide-19.iwa); root type 1; mime=
CC-MAIN-2026-34-cdx-00020-15	44e8cf84f5f9ada6e9c0d7efd4f9bbf923d7b046e84e2746f2485ee6bc072d82	key	keynote	https://indico.cern.ch/event/770063/contributions/3277857/attachments/1792243/2920290/AVA_TW2_Talk.key	https://data.commoncrawl.org/crawl-data/CC-MAIN-2026-34/segments/1786091385953.65/warc/CC-MAIN-20260816062741-20260816092741-00978.warc.gz	16606839	origin refetch (cc incomplete: truncated=True digest_ok=True zip_ok=False); slide iwa present (Index/MasterSlide.iwa); root type 1; mime=
CC-MAIN-2026-34-cdx-00020-16	fdb44ad1de302e20d3ea646908acb879e91c56a9e111111c477ba3b92189bbf6	key	keynote	https://indico.cern.ch/event/806812/contributions/3560619/attachments/1915501/3166656/acoogan_silver_bullets_1.key	https://data.commoncrawl.org/crawl-data/CC-MAIN-2026-34/segments/1786091385350.21/warc/CC-MAIN-20260810160426-20260810190426-00279.warc.gz	6028702	origin refetch (cc incomplete: truncated=True digest_ok=True zip_ok=False); slide iwa present (Index/MasterSlide-9093.iwa); root type 1; mime=
CC-MAIN-2026-34-cdx-00020-17	a5d73827ff86ab392886a40bea939bb160a154b73ec9f2990afc6a92592e9716	key	keynote	https://indico.cern.ch/event/835066/contributions/3599430/attachments/1957797/3253121/Saclay_122019.key	https://data.commoncrawl.org/crawl-data/CC-MAIN-2026-34/segments/1786091385151.2/warc/CC-MAIN-20260808090928-20260808120928-00763.warc.gz	11012276	origin refetch (cc incomplete: truncated=True digest_ok=True zip_ok=False); slide iwa present (Index/MasterSlide-3.iwa); root type 1; mime=
CC-MAIN-2026-34-cdx-00020-18	e6aef8de0994af03f765875514fe2060dee16fbae05e6ee43afd8b5ead3b02c2	key	keynote	https://indico.cern.ch/event/835947/contributions/3556736/attachments/1932638/3201476/LHeC_sjb_October_24_2019_VS.key	https://data.commoncrawl.org/crawl-data/CC-MAIN-2026-34/segments/1786091385044.1/warc/CC-MAIN-20260808000048-20260808030048-00378.warc.gz	181813253	origin refetch (cc incomplete: truncated=True digest_ok=True zip_ok=False); slide iwa present (Index/MasterSlide-2893.iwa); root type 1; mime=
CC-MAIN-2026-34-cdx-00020-19	106fc9d7531bac3c4d0c4de7387ee9e14fbe7f08cadf30989276c4b8fea80a3c	key	keynote	https://indico.cern.ch/event/932122/contributions/4099322/attachments/2148889/3622716/CTA_DPNC.key	https://data.commoncrawl.org/crawl-data/CC-MAIN-2026-34/segments/1786091683786.95/warc/CC-MAIN-20260819225241-20260820015241-00626.warc.gz	211480395	origin refetch (cc incomplete: truncated=True digest_ok=True zip_ok=False); slide iwa present (Index/MasterSlide-21924.iwa); root type 1; mime=
CC-MAIN-2026-34-cdx-00020-20	2e6a655fc8bcab58145d5109de077cca7b5c2d4fa7dbdf7ed1fecf010d3433d8	key	keynote	https://indico.cern.ch/event/977476/contributions/4235320/attachments/2194739/3710376/Profesores2021.key	https://data.commoncrawl.org/crawl-data/CC-MAIN-2026-34/segments/1786091385187.51/warc/CC-MAIN-20260808212239-20260809002239-00161.warc.gz	52683671	origin refetch (cc incomplete: truncated=True digest_ok=True zip_ok=False); slide iwa present (Index/MasterSlide.iwa); root type 1; mime=
CC-MAIN-2026-34-cdx-00020-23	876c271a5db1548ec74775cd66ef30fff069aae171da0300af4d9aa765943eaa	pages	pages	https://www.hgv-horgen.ch/wp-content/uploads/2023/10/AGB-Strassenfest-Horgen-15.06.2024.pages	https://data.commoncrawl.org/crawl-data/CC-MAIN-2026-34/segments/1786091677910.78/warc/CC-MAIN-20260818132700-20260818162700-00498.warc.gz	671888	cc payload verified; Document.iwa root type 10000=TP.DocumentArchive; mime=
CC-MAIN-2026-34-cdx-00020-21	92d96cba003289db893eac1777756a3508136dd0471dec4ce288f6d79962d9c6	legacy	legacy-unknown	https://www.latsis2013.ethz.ch/slides/webber.key	https://data.commoncrawl.org/crawl-data/CC-MAIN-2026-34/segments/1786091385381.39/warc/CC-MAIN-20260810190756-20260810220756-00643.warc.gz	14026373	origin refetch (cc incomplete: truncated=True digest_ok=True zip_ok=False); legacy bundle: members=['index.apxl'] (pre-iWork-13); mime=
CC-MAIN-2026-34-cdx-00052-1	e561a77a24616b88afda018e475c5c869ae6a14207dff640007ef0fc852ca7cd	pages	pages	https://www.choeur-hommes-alsace-bossue.com/wp-content/uploads/2024/12/Voeux-Choeur-dhommes-1.pages	https://data.commoncrawl.org/crawl-data/CC-MAIN-2026-34/segments/1786091385155.29/warc/CC-MAIN-20260808121302-20260808151302-00043.warc.gz	4568340	cc payload verified; Document.iwa root type 10000=TP.DocumentArchive; mime=
CC-MAIN-2026-34-cdx-00052-2	263d520831b21643cf0de775c41955819c296af87b9a6ee71d9116a7b8d5caee	pages	pages	http://www.chrismarkmckinley.com/uploads/1/0/3/1/10312019/resume_cv-may_2024_.pages	https://data.commoncrawl.org/crawl-data/CC-MAIN-2026-34/segments/1786091385196.13/warc/CC-MAIN-20260809032740-20260809062740-00877.warc.gz	875884	cc payload verified; Document.iwa root type 10000=TP.DocumentArchive; mime=
CC-MAIN-2026-34-cdx-00020-22	0a6b2bccc312097e3bd063930a46b0e6af62c06b0c5bc023e21f6ca20ce78e56	legacy	legacy-unknown	https://www.latsis2013.ethz.ch/slides/williams.key	https://data.commoncrawl.org/crawl-data/CC-MAIN-2026-34/segments/1786091385381.39/warc/CC-MAIN-20260810190756-20260810220756-00656.warc.gz	7100255	origin refetch (cc incomplete: truncated=True digest_ok=True zip_ok=False); legacy bundle: members=['index.apxl'] (pre-iWork-13); mime=
CC-MAIN-2026-34-cdx-00068-1	41878b86c581a9404de9dae3a2f658bd848f417a74c3d188649375d4c27dbf6a	pages	pages	https://www.financialplanningindubai.com/hubfs/Year%20End%20Financial%20Review%20Questionnaire%202021.pages	https://data.commoncrawl.org/crawl-data/CC-MAIN-2026-34/segments/1786091385381.39/warc/CC-MAIN-20260810190756-20260810220756-00554.warc.gz	830847	cc payload verified; Document.iwa root type 10000=TP.DocumentArchive; mime=
CC-MAIN-2026-34-cdx-00068-2	e2e0bff371c13b6dd1795e5c7314554487ef466682d79433ca4eef31398a41c9	pages	pages	https://www.financialplanningindubai.com/hubfs/Year-End%20Financial%20review%20Checklist%20.pages	https://data.commoncrawl.org/crawl-data/CC-MAIN-2026-34/segments/1786091385381.39/warc/CC-MAIN-20260810190756-20260810220756-00416.warc.gz	901826	cc payload verified; Document.iwa root type 10000=TP.DocumentArchive; mime=
CC-MAIN-2026-34-cdx-00084-2	17891b89da2f381e1449442f3c118363fa621404a5602235cca476400bb88e63	numbers	numbers	https://itdtllc.com/data/2020YearlyExpenses.numbers	https://data.commoncrawl.org/crawl-data/CC-MAIN-2026-34/segments/1786091385151.2/warc/CC-MAIN-20260808090928-20260808120928-00126.warc.gz	1018988	cc payload verified; Document.iwa root type 1=TN.DocumentArchive; mime=
CC-MAIN-2026-34-cdx-00084-1	700a15e439e10250f58c92bbbd3396f4d944e20488c8419fb8c79a0f277e5f14	key	keynote	https://islddubai2026.com/wp-content/uploads/2026/02/ISLDDubaiKeynoteTemplate.key	https://data.commoncrawl.org/crawl-data/CC-MAIN-2026-34/segments/1786091385582.55/warc/CC-MAIN-20260813142326-20260813172326-00145.warc.gz	1502989	cc payload verified; slide iwa present (Index/Slide-4128387.iwa); root type 1; mime=
CC-MAIN-2026-34-cdx-00100-1	61713c34496d535767f09767b3ac0838051fad887d206e54ec31daf7025de46f	pages	pages	http://www.mettahealingoasis.com/METTA_Consultation_Final-11-2017.pages	https://data.commoncrawl.org/crawl-data/CC-MAIN-2026-34/segments/1786091385189.22/warc/CC-MAIN-20260809002508-20260809032508-00930.warc.gz	923865	cc payload verified; Document.iwa root type 10000=TP.DocumentArchive; mime=
CC-MAIN-2026-34-cdx-00132-1	bc318bbd2a35119318a310316f127759298bbf92c5fc54845bafaecc4439e34c	pages	pages	http://www.ststeve.com/wp-content/uploads/2020/09/Intercessory-collects-1-lg.pages	https://data.commoncrawl.org/crawl-data/CC-MAIN-2026-34/segments/1786091385757.91/warc/CC-MAIN-20260814205606-20260814235606-00860.warc.gz	370161	cc payload verified; Document.iwa root type 10000=TP.DocumentArchive; mime=
CC-MAIN-2026-34-cdx-00100-2	11504ad02439acb10226234dd37b6a2b6a9b142705d1671b9dc78622cda51760	pages	pages	http://www.mettahealingoasis.com/Wellness_and_Lifestyle_Consultation-FAQs.pages	https://data.commoncrawl.org/crawl-data/CC-MAIN-2026-34/segments/1786091385189.22/warc/CC-MAIN-20260809002508-20260809032508-00837.warc.gz	899128	cc payload verified; Document.iwa root type 10000=TP.DocumentArchive; mime=
CC-MAIN-2026-34-cdx-00132-2	6fbf6ce6f32ae3024ea7d1b69f78224463c7173aadc84e8ddb930077f63c37b6	pages	pages	http://www.ststeve.com/wp-content/uploads/2020/09/Intercessory-collects-2-lg.pages	https://data.commoncrawl.org/crawl-data/CC-MAIN-2026-34/segments/1786091385757.91/warc/CC-MAIN-20260814205606-20260814235606-00355.warc.gz	321858	cc payload verified; Document.iwa root type 10000=TP.DocumentArchive; mime=
CC-MAIN-2026-34-cdx-00132-3	9aad209dbe124e12eb8abda5e41360b1e23ff78e7d764793e48056de0e21f382	pages	pages	http://www.ststeve.com/wp-content/uploads/2020/09/Intercessory-collects-3-lg.pages	https://data.commoncrawl.org/crawl-data/CC-MAIN-2026-34/segments/1786091385757.91/warc/CC-MAIN-20260814205606-20260814235606-00850.warc.gz	408077	cc payload verified; Document.iwa root type 10000=TP.DocumentArchive; mime=
CC-MAIN-2026-34-cdx-00132-4	fa983f8f2d4b6565520f3c77c6dbd25e3fbdcf07a9a334695e4432bca6fb0621	pages	pages	http://www.ststeve.com/wp-content/uploads/2020/09/Intercessory-prayers-Mattins.pages	https://data.commoncrawl.org/crawl-data/CC-MAIN-2026-34/segments/1786091385757.91/warc/CC-MAIN-20260814205606-20260814235606-00890.warc.gz	280363	cc payload verified; Document.iwa root type 10000=TP.DocumentArchive; mime=
CC-MAIN-2026-34-cdx-00020-24	529b69bade51ea5dac53ee54c485b1e7db5aa4564bb030389640e65e20363abc	pages	pages	https://meta.ipadschule.ch/wp-content/uploads/2018/06/Checkliste-iPad-Einfuehrung.pages	https://data.commoncrawl.org/crawl-data/CC-MAIN-2026-34/segments/1786091385444.26/warc/CC-MAIN-20260812014208-20260812044208-00400.warc.gz	8399472	origin refetch (cc incomplete: truncated=True digest_ok=True zip_ok=False); Document.iwa root type 10000=TP.DocumentArchive; mime=
CC-MAIN-2026-34-cdx-00132-5	6f45095b426178daeffdcf068d19ef2eb0b36b060167efc45ac156fc694c2e14	pages	pages	https://www.sunnycovechef.com/uploads/1/3/6/7/136760335/slow_roasted__cherry_tomatoes_recipe_pdf.pages	https://data.commoncrawl.org/crawl-data/CC-MAIN-2026-34/segments/1786091385757.91/warc/CC-MAIN-20260814205606-20260814235606-00672.warc.gz	182530	cc payload verified; Document.iwa root type 10000=TP.DocumentArchive; mime=
CC-MAIN-2026-34-cdx-00132-6	d3585e53537073fca8dbc18573cf33398130cd96ba41dc472a2b9ad3043b894d	pages	pages	https://sunnydaypuppies.com/wp-content/uploads/2023/01/New-Puppy-Checklist.pages	https://data.commoncrawl.org/crawl-data/CC-MAIN-2026-34/segments/1786091385757.91/warc/CC-MAIN-20260814205606-20260814235606-00888.warc.gz	693730	cc payload verified; Document.iwa root type 10000=TP.DocumentArchive; mime=
CC-MAIN-2026-34-cdx-00164-1	de056b2cf5a4f84b974fab89886abba126458c0102f6ebb082c14bc20eaae312	pages	pages	https://www.martinjohnson.de/wp-content/uploads/2018/07/JMJ-Pressetext.pages	https://data.commoncrawl.org/crawl-data/CC-MAIN-2026-34/segments/1786091385934.3/warc/CC-MAIN-20260816032507-20260816062507-00603.warc.gz	812398	cc payload verified; Document.iwa root type 10000=TP.DocumentArchive; mime=
CC-MAIN-2026-34-cdx-00164-2	b0a1597dc8a61c6f79fb827c7c89af428319e516ceee87aaf2cc85177474d434	pages	pages	https://www.martinjohnson.de/wp-content/uploads/2018/07/MJ-Pressetext.pages	https://data.commoncrawl.org/crawl-data/CC-MAIN-2026-34/segments/1786091385934.3/warc/CC-MAIN-20260816032507-20260816062507-00821.warc.gz	589901	cc payload verified; Document.iwa root type 10000=TP.DocumentArchive; mime=
CC-MAIN-2026-34-cdx-00164-3	c14f8ea6d2cff9d22eafc4d8280601cb844278c7e490edcef54203f9dfc68019	key	keynote	https://muc2019.mensch-und-computer.de/wp-content/uploads/sites/4/2019/08/muc2019-folien-keynote.key	https://data.commoncrawl.org/crawl-data/CC-MAIN-2026-34/segments/1786091385401.5/warc/CC-MAIN-20260811011751-20260811041751-00568.warc.gz	888324	cc payload verified; slide iwa present (Index/MasterSlide-7772.iwa); root type 1; mime=
CC-MAIN-2026-34-cdx-00164-5	2e4b07b8616d072ee8b1f661df2f3418d40d0d32a77d94e56d365f18c9517ba4	key	keynote	https://indico.mpp.mpg.de/event/11456/attachments/21893/28073/GongShowTemplate.key	https://data.commoncrawl.org/crawl-data/CC-MAIN-2026-34/segments/1786091387097.89/warc/CC-MAIN-20260817004738-20260817034738-00847.warc.gz	402183	cc payload verified; slide iwa present (Index/Slide-22233.iwa); root type 1; mime=
CC-MAIN-2026-34-cdx-00164-8	d6bb6c93c5962ec6d007b92857f35af48053785d2c52495f7617bebc42ab5915	legacy	legacy-unknown	https://wwwth.mpp.mpg.de/members/strings/strings2012/strings_files/program/Talks/Thursday/Gongshow/Gnecchi.key	https://data.commoncrawl.org/crawl-data/CC-MAIN-2026-34/segments/1786091385840.37/warc/CC-MAIN-20260815151410-20260815181410-00875.warc.gz	3613052	cc payload verified; legacy bundle: members=['index.apxl'] (pre-iWork-13); mime=
CC-MAIN-2026-34-cdx-00164-6	1b698e57293f23e6dae3d71c50ab8de68d8dc3b91ceea8613ddc8955cfe0f3bc	legacy	legacy-unknown	https://wwwth.mpp.mpg.de/members/strings/strings2012/strings_files/program/Talks/Friday/Dimofte.key	https://data.commoncrawl.org/crawl-data/CC-MAIN-2026-34/segments/1786091385840.37/warc/CC-MAIN-20260815151410-20260815181410-00746.warc.gz	7796567	origin refetch (cc incomplete: truncated=True digest_ok=True zip_ok=False); legacy bundle: members=['index.apxl'] (pre-iWork-13); mime=
CC-MAIN-2026-34-cdx-00164-7	8c172fb95ebe4176892605c2417959fdff62428dd8c4ff5bb0ea049443287d6f	legacy	legacy-unknown	https://wwwth.mpp.mpg.de/members/strings/strings2012/strings_files/program/Talks/Monday/Veneziano.key	https://data.commoncrawl.org/crawl-data/CC-MAIN-2026-34/segments/1786091385840.37/warc/CC-MAIN-20260815151410-20260815181410-00928.warc.gz	7736945	origin refetch (cc incomplete: truncated=True digest_ok=True zip_ok=False); legacy bundle: members=['index.apxl'] (pre-iWork-13); mime=
CC-MAIN-2026-34-cdx-00164-11	3eb34afa620906630aad3ad5fd2b3696affd4b9aeffb7257dc12f818cc84e595	legacy	legacy-unknown	https://wwwth.mpp.mpg.de/members/strings/strings2012/strings_files/program/Talks/Tuesday/Gaberdiel.key	https://data.commoncrawl.org/crawl-data/CC-MAIN-2026-34/segments/1786091385840.37/warc/CC-MAIN-20260815151410-20260815181410-00303.warc.gz	2319299	cc payload verified; legacy bundle: members=['index.apxl'] (pre-iWork-13); mime=
CC-MAIN-2026-34-cdx-00180-1	d7d9ef0bab03989419ee73382e0662993f8f30dbedc79b67fb82acceec080d9c	pages	pages	https://www.espoontalli.fi/wp-content/uploads/2025/11/TOIMINTASUUNNITELMA-2025.pages	https://data.commoncrawl.org/crawl-data/CC-MAIN-2026-34/segments/1786091385295.50/warc/CC-MAIN-20260809214541-20260810004541-00549.warc.gz	825424	cc payload verified; Document.iwa root type 10000=TP.DocumentArchive; mime=
CC-MAIN-2026-34-cdx-00180-2	5401d297f316d0a787dc39a9921e5cdd10561cf1c0db1358cdcf5a72aa9229b4	numbers	numbers	https://mresell.fi/assets/files/mResell_Trade-in_Template_EN.numbers?v=202604104	https://data.commoncrawl.org/crawl-data/CC-MAIN-2026-34/segments/1786091672082.57/warc/CC-MAIN-20260817130242-20260817160242-00259.warc.gz	676137	cc payload verified; Document.iwa root type 1=TN.DocumentArchive; mime=
CC-MAIN-2026-34-cdx-00164-9	709b82ba507ca0f0e0d49f8f8316d706226c1f37ccaa97819217f43eaf66fd01	legacy	legacy-unknown	https://wwwth.mpp.mpg.de/members/strings/strings2012/strings_files/program/Talks/Tuesday/Carrasco.key	https://data.commoncrawl.org/crawl-data/CC-MAIN-2026-34/segments/1786091385840.37/warc/CC-MAIN-20260815151410-20260815181410-00352.warc.gz	16521033	origin refetch (cc incomplete: truncated=True digest_ok=True zip_ok=False); legacy bundle: members=['index.apxl'] (pre-iWork-13); mime=
CC-MAIN-2026-34-cdx-00212-1	2576964a557ca89585bf9acffe46bc5a0d0f06cc276cc5157220991d3afc2dce	pages	pages	https://nomadteaculture.jp/wp-content/uploads/2020/01/Flyer-Experiment.pages	https://data.commoncrawl.org/crawl-data/CC-MAIN-2026-34/segments/1786091385205.8/warc/CC-MAIN-20260809063011-20260809093011-00850.warc.gz	548888	cc payload verified; Document.iwa root type 10000=TP.DocumentArchive; mime=
CC-MAIN-2026-34-cdx-00164-10	362696ccba653073f1c83591816dca59abe5a668fbae9eb0a65d6774a7bb0de1	legacy	legacy-unknown	https://wwwth.mpp.mpg.de/members/strings/strings2012/strings_files/program/Talks/Tuesday/Castro.key	https://data.commoncrawl.org/crawl-data/CC-MAIN-2026-34/segments/1786091385840.37/warc/CC-MAIN-20260815151410-20260815181410-00312.warc.gz	6547526	origin refetch (cc incomplete: truncated=True digest_ok=True zip_ok=False); legacy bundle: members=['index.apxl'] (pre-iWork-13); mime=
CC-MAIN-2026-34-cdx-00180-3	564518be97fa0a4b457eecbef47f3299382192db64c66565c80d7905f73da5e6	key	keynote	https://nog.fi/event/30/contributions/461/attachments/274/538/RIPE%20Atlas%20Khipu.key	https://data.commoncrawl.org/crawl-data/CC-MAIN-2026-34/segments/1786091675778.67/warc/CC-MAIN-20260818011649-20260818041649-00572.warc.gz	33505309	origin refetch (cc incomplete: truncated=True digest_ok=True zip_ok=False); slide iwa present (Index/Slide-1294-2.iwa); root type 1; mime=
CC-MAIN-2026-34-cdx-00228-4	30ee96d8b96dea0659f18b04ae0e330a9a44d093df1a92a58c626ff7963652b4	legacy	legacy-unknown	https://ximene.net/wp-content/uploads/2013/02/2e515da50a4a254019a9ada6281193c4.pages	https://data.commoncrawl.org/crawl-data/CC-MAIN-2026-34/segments/1786091384984.23/warc/CC-MAIN-20260807145234-20260807175234-00635.warc.gz	198956	cc payload verified; legacy bundle: members=['index.xml'] (pre-iWork-13); mime=
CC-MAIN-2026-34-cdx-00228-1	ee83791bb2caf73e4a83f2bb1ab5df474cf77ef82cd762bc3f088d76d67b3aca	key	keynote	https://toolkit.ttclabs.net/site/assets/files/9832/pitch_your_startup-1.key	https://data.commoncrawl.org/crawl-data/CC-MAIN-2026-34/segments/1786091385738.18/warc/CC-MAIN-20260814144954-20260814174954-00811.warc.gz	18512234	origin refetch (cc incomplete: truncated=True digest_ok=True zip_ok=False); slide iwa present (Index/MasterSlide-5.iwa); root type 1; mime=
CC-MAIN-2026-34-cdx-00228-2	0ab5dd52841ea629531fd2c2723a51d4fd1768205e7f73ddcaff956811eede6b	numbers	numbers	http://www.waclimate.net/sea-percentiles-pre-1910-min.numbers	https://data.commoncrawl.org/crawl-data/CC-MAIN-2026-34/segments/1786091385751.81/warc/CC-MAIN-20260814175232-20260814205232-00796.warc.gz	10369375	origin refetch (cc incomplete: truncated=True digest_ok=True zip_ok=False); Document.iwa root type 1=TN.DocumentArchive; mime=
CC-MAIN-2026-34-cdx-00244-2	83b4150732759fe588281d58ac5a4346b3de4381bc7823c423bcd28c0f83df54	key	keynote	https://dcc.ligo.org/public/0116/P1400223/010/defense-2014.key	https://data.commoncrawl.org/crawl-data/CC-MAIN-2026-34/segments/1786091672082.57/warc/CC-MAIN-20260817130242-20260817160242-00281.warc.gz	100061913	origin refetch (cc incomplete: truncated=True digest_ok=True zip_ok=False); slide iwa present (Index/MasterSlide-8.iwa); root type 1; mime=
CC-MAIN-2026-34-cdx-00244-3	c1248453b7300da4b8052d15b8852b42f8cc6d2a8243ac620ed0d6008dd0fc1b	key	keynote	https://dcc.ligo.org/public/0169/G2001012/001/GWANW_UBC_update.key	https://data.commoncrawl.org/crawl-data/CC-MAIN-2026-34/segments/1786091385751.81/warc/CC-MAIN-20260814175232-20260814205232-00315.warc.gz	151392105	origin refetch (cc incomplete: truncated=True digest_ok=True zip_ok=False); slide iwa present (Index/MasterSlide-8.iwa); root type 1; mime=
CC-MAIN-2026-34-cdx-00244-7	90b7d89e288748c62cfc6e4c64110002a5db05422604213cf53309c4bdb7094e	legacy	legacy-unknown	https://www.menog.org/presentations/menog-12/138-rendek-menog.key	https://data.commoncrawl.org/crawl-data/CC-MAIN-2026-34/segments/1786091385254.10/warc/CC-MAIN-20260809154047-20260809184047-00359.warc.gz	3906910	cc payload verified; legacy bundle: members=['index.apxl'] (pre-iWork-13); mime=
CC-MAIN-2026-34-cdx-00244-4	1e4ab104ce4ab4a901500895c12eeaff838cc89f6dc4b6aeafe6b09c8b692fdc	key	keynote	https://dcc-llo.ligo.org/public/0152/T1800200/007/finalpresentationligo1.key	https://data.commoncrawl.org/crawl-data/CC-MAIN-2026-34/segments/1786091385961.45/warc/CC-MAIN-20260816093115-20260816123115-00406.warc.gz	6969648	origin refetch (cc incomplete: truncated=True digest_ok=True zip_ok=False); slide iwa present (Index/MasterSlide.iwa); root type 1; mime=
CC-MAIN-2026-34-cdx-00244-8	2562fa01ecfb25c9eb507154c601d6eb13796a75fff8204fe07c2f6e2cd06769	legacy	legacy-unknown	https://www.menog.org/presentations/menog-13/197-IPv6-Firewalling.key	https://data.commoncrawl.org/crawl-data/CC-MAIN-2026-34/segments/1786091385254.10/warc/CC-MAIN-20260809154047-20260809184047-00489.warc.gz	4938267	cc payload verified; legacy bundle: members=['index.apxl'] (pre-iWork-13); mime=
CC-MAIN-2026-34-cdx-00244-9	0d5851c0105958b602c58646b98ffaee1b453def8478f9b872aca37319d2ed5f	key	keynote	https://www.menog.org/presentations/menog-15/316-2015.MENOG.key	https://data.commoncrawl.org/crawl-data/CC-MAIN-2026-34/segments/1786091385254.10/warc/CC-MAIN-20260809154047-20260809184047-00876.warc.gz	3603213	cc payload verified; slide iwa present (Index/MasterSlide-6.iwa); root type 1; mime=
CC-MAIN-2026-34-cdx-00244-10	1578f02ae62b409cd5c384f0606f8a6d4859bb2d02f3667c81086eec98b60eb2	pages	pages	https://midsun.org/wp-content/uploads/2019/04/Midnapore-Registration-Package-for-Families-2019-2020.pages	https://data.commoncrawl.org/crawl-data/CC-MAIN-2026-34/segments/1786091385413.38/warc/CC-MAIN-20260811042123-20260811072123-00241.warc.gz	1015603	cc payload verified; Document.iwa root type 10000=TP.DocumentArchive; mime=
CC-MAIN-2026-34-cdx-00164-4	b6b440463fe46f94dcd8a563ecd89c74586a8d433b4393f3f59fe0ef336084ba	key	keynote	https://handtracker.mpi-inf.mpg.de/projects/TwoHands/content/TwoHands_SIGGRAPH2019.key	https://data.commoncrawl.org/crawl-data/CC-MAIN-2026-34/segments/1786091678553.88/warc/CC-MAIN-20260818193129-20260818223129-00784.warc.gz	501280828	origin refetch (cc incomplete: truncated=True digest_ok=True zip_ok=False); slide iwa present (Index/MasterSlide-106-2.iwa); root type 1; mime=
CC-MAIN-2026-34-cdx-00244-6	ea1cf006099e2e67973441efc42af67fcfcaadf8d8a4fb437ad5871b95c2dfcb	key	keynote	https://www.lwvoprf.org/uploads/7/7/3/6/77363019/2024__lwvoprf-public.key	https://data.commoncrawl.org/crawl-data/CC-MAIN-2026-34/segments/1786091681394.92/warc/CC-MAIN-20260819164830-20260819194830-00140.warc.gz	21973804	origin refetch (cc incomplete: truncated=True digest_ok=True zip_ok=False); slide iwa present (Index/Slide-1288-2.iwa); root type 1; mime=
CC-MAIN-2026-34-cdx-00276-17	40c5f2efeb361c251feffae28ddc9a4a321edbfb2af3b07fb24c3536b8b6e064	key	keynote	https://greenberg.science/papers/popl2020_smoosh_slides.key	https://data.commoncrawl.org/crawl-data/CC-MAIN-2026-34/segments/1786091678553.88/warc/CC-MAIN-20260818193129-20260818223129-00445.warc.gz	3096557	cc payload verified; slide iwa present (Index/MasterSlide-9186.iwa); root type 1; mime=
CC-MAIN-2026-34-cdx-00292-4	4d6c4a6ff1982c0be7e26f7c31206556c01055b802395ea5211654f349905d6d	pages	pages	http://www.primaryresources.co.uk/english/docs/anna-at-war.pages	https://data.commoncrawl.org/crawl-data/CC-MAIN-2026-34/segments/1786091385401.5/warc/CC-MAIN-20260811011751-20260811041751-00022.warc.gz	756898	cc payload verified; Document.iwa root type 10000=TP.DocumentArchive; mime=
CC-MAIN-2026-34-cdx-00276-19	0b412bfe34b112d9597517010c0ed70ea98ae201a3ab1a5b08d80220e8f6acc1	pages	pages	https://www.burlovevent.se/wp-content/uploads/2023/12/my-superhero.pages	https://data.commoncrawl.org/crawl-data/CC-MAIN-2026-34/segments/1786091385301.19/warc/CC-MAIN-20260810004910-20260810034910-00881.warc.gz	607656	cc payload verified; Document.iwa root type 10000=TP.DocumentArchive; mime=
CC-MAIN-2026-34-cdx-00276-18	da3ef450931a4a661b5ead11eab1a0fd6b4c8ef79558b9444f88cf6cfa576429	pages	pages	https://brfnyponet.se/wp-content/uploads/2023/07/Brf.-Nyponet-Championship.pages	https://data.commoncrawl.org/crawl-data/CC-MAIN-2026-34/segments/1786091387120.69/warc/CC-MAIN-20260817065350-20260817095350-00135.warc.gz	412083	cc payload verified; Document.iwa root type 10000=TP.DocumentArchive; mime=
CC-MAIN-2026-34-cdx-00292-5	2dd0f3849d7822a260cdcd40c6b03227145106e0dca4653150ea43564e503232	pages	pages	http://www.primaryresources.co.uk/english/docs/borrowers_book_study.pages	https://data.commoncrawl.org/crawl-data/CC-MAIN-2026-34/segments/1786091385401.5/warc/CC-MAIN-20260811011751-20260811041751-00178.warc.gz	839972	cc payload verified; Document.iwa root type 10000=TP.DocumentArchive; mime=
CC-MAIN-2026-34-cdx-00292-7	748c0541ed986f15abe0fbdd6a06f9e386a401804b8d52a95deac947794dd1b5	pages	pages	http://www.primaryresources.co.uk/english/docs/journey_to_the_river_sea.pages	https://data.commoncrawl.org/crawl-data/CC-MAIN-2026-34/segments/1786091385401.5/warc/CC-MAIN-20260811011751-20260811041751-00250.warc.gz	258697	cc payload verified; Document.iwa root type 10000=TP.DocumentArchive; mime=
CC-MAIN-2026-34-cdx-00276-16	cff6ba5d5d891a406d406acaa0df9acb25d852b17429df31e0c1343c7cc8fb1d	key	keynote	https://greenberg.science/papers/2022pldi.key	https://data.commoncrawl.org/crawl-data/CC-MAIN-2026-34/segments/1786091678553.88/warc/CC-MAIN-20260818193129-20260818223129-00338.warc.gz	34435592	origin refetch (cc incomplete: truncated=True digest_ok=True zip_ok=False); slide iwa present (Index/MasterSlide-9093.iwa); root type 1; mime=
CC-MAIN-2026-34-cdx-00292-6	6c8bc1273519316c97edab0974743cd6d21da78ce55480a4cbc807eb13152384	pages	pages	http://www.primaryresources.co.uk/english/docs/carrieswar_reading.pages	https://data.commoncrawl.org/crawl-data/CC-MAIN-2026-34/segments/1786091385401.5/warc/CC-MAIN-20260811011751-20260811041751-00693.warc.gz	272636	cc payload verified; Document.iwa root type 10000=TP.DocumentArchive; mime=
CC-MAIN-2026-34-cdx-00292-8	28034ff5dfb905a6eba4ab5a8e715ef6102449df0c584701c1f474929f6437f1	pages	pages	http://www.primaryresources.co.uk/english/docs/nowhere-emporium-room.pages	https://data.commoncrawl.org/crawl-data/CC-MAIN-2026-34/segments/1786091385401.5/warc/CC-MAIN-20260811011751-20260811041751-00102.warc.gz	580169	cc payload verified; Document.iwa root type 10000=TP.DocumentArchive; mime=
CC-MAIN-2026-34-cdx-00005-2	28df783712e783e171efa9be0b7b11d33973c948f074ff99879e469a65bf2bc2	legacy	legacy-unknown	https://masterylearninggroup.com.au/wp-content/uploads/2014/06/Homework-Log-Pages.pages	https://data.commoncrawl.org/crawl-data/CC-MAIN-2026-34/segments/1786091680716.98/warc/CC-MAIN-20260819074055-20260819104055-00748.warc.gz	100401	cc payload verified; legacy bundle: members=['index.xml'] (pre-iWork-13); mime=
CC-MAIN-2026-34-cdx-00037-1	1eb960ba4ad8f155d70037395ca50b28b3993cf82d03a3d787daced092ddbd54	pages	pages	https://atm-domina.com/wp-content/uploads/2019/10/ATM-DOMINA-VERBALE-RIUNIONE-1-07.10.2019.pages	https://data.commoncrawl.org/crawl-data/CC-MAIN-2026-34/segments/1786091387114.72/warc/CC-MAIN-20260817035111-20260817065111-00069.warc.gz	865911	cc payload verified; Document.iwa root type 10000=TP.DocumentArchive; mime=
CC-MAIN-2026-34-cdx-00005-1	2c11610b44c5b731f67bba3a98fc721786d6bd673de39db769ebf9ae0e8225db	numbers	numbers	https://densoaustralia.com.au/wp-content/uploads/2020/04/Denso-Petrolatum-Products-EstimatingCalculator-1.numbers	https://data.commoncrawl.org/crawl-data/CC-MAIN-2026-34/segments/1786091385452.6/warc/CC-MAIN-20260812044543-20260812074543-00450.warc.gz	253775	cc payload verified; Document.iwa root type 1=TN.DocumentArchive; mime=
CC-MAIN-2026-34-cdx-00053-1	6cca4bf64bb9e52284c143d6f3844c733b3b2b23f0424990cb8bab8a5bde406d	legacy	legacy-unknown	https://www.coachpease.com/resources/12_S080801M_Winds.key	https://data.commoncrawl.org/crawl-data/CC-MAIN-2026-34/segments/1786091385381.39/warc/CC-MAIN-20260810190756-20260810220756-00417.warc.gz	1015498	cc payload verified; legacy bundle: members=['index.apxl'] (pre-iWork-13); mime=
CC-MAIN-2026-34-cdx-00053-3	78771b8d26a5ccfa20709bbe917564aaba41139d5a03c85923e0f91fcf2bb7ce	legacy	legacy-unknown	https://www.coachpease.com/resources/6th%206%20wks%20vocab%202013.pages	https://data.commoncrawl.org/crawl-data/CC-MAIN-2026-34/segments/1786091385381.39/warc/CC-MAIN-20260810190756-20260810220756-00995.warc.gz	120845	cc payload verified; legacy bundle: members=['index.xml'] (pre-iWork-13); mime=
CC-MAIN-2026-34-cdx-00053-2	e4e72e9ecfb53341da89b6a71ed43906a693e43ddb96006ed27f9c15819269da	legacy	legacy-unknown	https://www.coachpease.com/resources/6th%206%20wks%20ec%202013.pages	https://data.commoncrawl.org/crawl-data/CC-MAIN-2026-34/segments/1786091385381.39/warc/CC-MAIN-20260810190756-20260810220756-00030.warc.gz	151637	cc payload verified; legacy bundle: members=['index.xml'] (pre-iWork-13); mime=
CC-MAIN-2026-34-cdx-00053-5	326906a27f5adaa34e41e3d650915114e60fbb9c0b33ba1596d9b99ce30a9b99	legacy	legacy-unknown	https://www.coachpease.com/resources/biotic%20vs%20abiotic.key	https://data.commoncrawl.org/crawl-data/CC-MAIN-2026-34/segments/1786091385381.39/warc/CC-MAIN-20260810190756-20260810220756-00116.warc.gz	237941	cc payload verified; legacy bundle: members=['index.apxl'] (pre-iWork-13); mime=
CC-MAIN-2026-34-cdx-00053-6	86861f34c7230f65a81536fc240f6d6738f6b6640efd3b2c6ca1a4c16bcce8cd	legacy	legacy-unknown	https://www.coachpease.com/resources/Counting_in_Atoms_in_Compounds_-_new.key	https://data.commoncrawl.org/crawl-data/CC-MAIN-2026-34/segments/1786091385381.39/warc/CC-MAIN-20260810190756-20260810220756-00916.warc.gz	593608	cc payload verified; legacy bundle: members=['index.apxl'] (pre-iWork-13); mime=
CC-MAIN-2026-34-cdx-00053-7	34aeb67d6c9064c7f2289cf1bafb886b955594ff9e6d2329aa477b5b8fdc7b9c	legacy	legacy-unknown	https://www.coachpease.com/resources/Force_and_Fan_Carts_SE.pages	https://data.commoncrawl.org/crawl-data/CC-MAIN-2026-34/segments/1786091385381.39/warc/CC-MAIN-20260810190756-20260810220756-00255.warc.gz	356811	cc payload verified; legacy bundle: members=['index.xml'] (pre-iWork-13); mime=
CC-MAIN-2026-34-cdx-00053-4	30ebe4ba57783926a747007ad7d1df89b909d83ba969290d450b65c85e01b3a5	legacy	legacy-unknown	https://www.coachpease.com/resources/8th%20grd%20ec%201st%206%20wks%202.pages	https://data.commoncrawl.org/crawl-data/CC-MAIN-2026-34/segments/1786091385381.39/warc/CC-MAIN-20260810190756-20260810220756-00573.warc.gz	145257	cc payload verified; legacy bundle: members=['index.xml'] (pre-iWork-13); mime=
CC-MAIN-2026-34-cdx-00101-1	118e8abbab8755ddf7020ceab9744cdbb692bc2fd1bf834731273dadcd091e3f	pages	pages	https://miracle-shizuoka.com/wps/wp-content/uploads/2019/10/%E8%A1%A8%E3%81%AE%E7%9C%8B%E6%9D%BF.pages	https://data.commoncrawl.org/crawl-data/CC-MAIN-2026-34/segments/1786091385821.41/warc/CC-MAIN-20260815060346-20260815090346-00956.warc.gz	209302	cc payload verified; Document.iwa root type 10000=TP.DocumentArchive; mime=
CC-MAIN-2026-34-cdx-00021-1	c0f7137c51113f5fcc99fe62583669e32fc8cd53a32958af3c91894985983524	key	keynote	https://indico.psi.ch/event/15146/contributions/45867/attachments/26224/48597/Schwendimann_SimTool.key	https://data.commoncrawl.org/crawl-data/CC-MAIN-2026-34/segments/1786091386141.90/warc/CC-MAIN-20260816214409-20260817004409-00026.warc.gz	5429536	origin refetch (cc incomplete: truncated=True digest_ok=True zip_ok=False); slide iwa present (Index/Slide-2644420.iwa); root type 1; mime=
CC-MAIN-2026-34-cdx-00133-1	72dfb66c71e1e5b9221a978c0923cc1f079e078e99893cc38d3e08dd69326bc7	pages	pages	https://swarthmorephoenix.com/wp-content/uploads/2018/02/Photo-Essay.pages	https://data.commoncrawl.org/crawl-data/CC-MAIN-2026-34/segments/1786091385622.16/warc/CC-MAIN-20260814023636-20260814053636-00985.warc.gz	17106034	origin refetch (cc incomplete: truncated=True digest_ok=True zip_ok=False); Document.iwa root type 10000=TP.DocumentArchive; mime=
CC-MAIN-2026-34-cdx-00149-1	51897d5acdbb8cfe9e5e071446fa79582b57d9cf911c24d058f3235a5e415716	key	keynote	https://c.wsmoses.com/presentations/enzyme-llvmtutorial.key	https://data.commoncrawl.org/crawl-data/CC-MAIN-2026-34/segments/1786091387263.73/warc/CC-MAIN-20260817095816-20260817125816-00673.warc.gz	33661450	origin refetch (cc incomplete: truncated=True digest_ok=True zip_ok=False); slide iwa present (Index/Slide-42.iwa); root type 1; mime=
CC-MAIN-2026-34-cdx-00149-2	6f007405d1409a1fe58145d876fb53468b7d488c7f4064abaecf8413967f666d	key	keynote	https://c.wsmoses.com/presentations/enzyme-mlir.key	https://data.commoncrawl.org/crawl-data/CC-MAIN-2026-34/segments/1786091387263.73/warc/CC-MAIN-20260817095816-20260817125816-00564.warc.gz	48320075	origin refetch (cc incomplete: truncated=True digest_ok=True zip_ok=False); slide iwa present (Index/Slide-42.iwa); root type 1; mime=
CC-MAIN-2026-34-cdx-00149-4	47dfd426a1db765e5513c8d9c5b59a376ee1118f311a8f75e3557e3fe8214dde	key	keynote	https://c.wsmoses.com/presentations/enzyme-secureai.key	https://data.commoncrawl.org/crawl-data/CC-MAIN-2026-34/segments/1786091387263.73/warc/CC-MAIN-20260817095816-20260817125816-00067.warc.gz	28346297	origin refetch (cc incomplete: truncated=True digest_ok=True zip_ok=False); slide iwa present (Index/MasterSlide.iwa); root type 1; mime=
CC-MAIN-2026-34-cdx-00149-5	b65461241c54d775e15c4fba9206c3376277d94f5aa64b418d352eeb61aa5ec6	key	keynote	https://c.wsmoses.com/presentations/reactant.key	https://data.commoncrawl.org/crawl-data/CC-MAIN-2026-34/segments/1786091387263.73/warc/CC-MAIN-20260817095816-20260817125816-00323.warc.gz	9539878	origin refetch (cc incomplete: truncated=True digest_ok=True zip_ok=False); slide iwa present (Index/Slide-42.iwa); root type 1; mime=
CC-MAIN-2026-34-cdx-00165-1	d864332b5c6d9a0c9af11d23a43636e146fca17f6525a7a337b780910cc7c3db	pages	pages	https://orte-der-unsichtbarkeit.de/wp-content/uploads/OER-OdU_Station-1_Platz-der-Deutschen-Einheit-2.pages	https://data.commoncrawl.org/crawl-data/CC-MAIN-2026-34/segments/1786091387097.89/warc/CC-MAIN-20260817004738-20260817034738-00074.warc.gz	2423693	cc payload verified; Document.iwa root type 10000=TP.DocumentArchive; mime=
CC-MAIN-2026-34-cdx-00165-4	5c07d836849bdcd92f2546f9fe26066e2cfeaef3ddfc79fcb51fbcbee96909f7	pages	pages	https://www.primus-minden.de/wp-content/uploads/2026/03/Paktikumsbericht-PRIMUS-Schule-23-24.pages	https://data.commoncrawl.org/crawl-data/CC-MAIN-2026-34/segments/1786091677317.76/warc/CC-MAIN-20260818072149-20260818102149-00600.warc.gz	1100682	cc payload verified; Document.iwa root type 10000=TP.DocumentArchive; mime=
CC-MAIN-2026-34-cdx-00085-1	e554340035ecc8949be999fae53a50132aae7d99f08e72b1c9de4da5e71cd3d1	key	keynote	https://www.jeanlucmichel.com/LEspinas/ewExternalFiles/50%20ans%20de%20lEspinas%20Franc%CC%A7oise.key	https://data.commoncrawl.org/crawl-data/CC-MAIN-2026-34/segments/1786091385565.71/warc/CC-MAIN-20260813081409-20260813111409-00298.warc.gz	105396966	origin refetch (cc incomplete: truncated=True digest_ok=True zip_ok=False); slide iwa present (Index/Slide-2644770.iwa); root type 1; mime=
CC-MAIN-2026-34-cdx-00181-2	021084ac7183e93cd1b0401db42569bc421de27501aa2ef75e530bcd745cec42	numbers	numbers	https://eps-pedagogie.web.ac-grenoble.fr/sites/default/files/media-d7/media-fichiers/2019-07/proteger-les-donnees.numbers	https://data.commoncrawl.org/crawl-data/CC-MAIN-2026-34/segments/1786091385187.51/warc/CC-MAIN-20260808212239-20260809002239-00918.warc.gz	233095	cc payload verified; Document.iwa root type 1=TN.DocumentArchive; mime=
CC-MAIN-2026-34-cdx-00181-1	ce639a20e1bc7dc6b1081cbdc5f97a570e0a9f1cf96077e98879e7cb932e468d	key	keynote	https://www.bunadarstevna.fo/uploads/2/0/6/9/20691232/%C3%9Atistovugar%C3%B0urin_%C3%A1_tr%C3%B8llanesi.key	https://data.commoncrawl.org/crawl-data/CC-MAIN-2026-34/segments/1786091385800.97/warc/CC-MAIN-20260814235839-20260815025839-00810.warc.gz	2185337	cc payload verified; slide iwa present (Index/Slide-4062067-2.iwa); root type 1; mime=
CC-MAIN-2026-34-cdx-00165-2	b8caaebd1e2b0edc8dfb40064560f51520d8843670f811164d74908406d628fd	pages	pages	https://orte-der-unsichtbarkeit.de/wp-content/uploads/OER-OdU_Station-7_Landungsbruecken-1.pages	https://data.commoncrawl.org/crawl-data/CC-MAIN-2026-34/segments/1786091387097.89/warc/CC-MAIN-20260817004738-20260817034738-00526.warc.gz	5838844	origin refetch (cc incomplete: truncated=True digest_ok=True zip_ok=False); Document.iwa root type 10000=TP.DocumentArchive; mime=
CC-MAIN-2026-34-cdx-00197-1	9a3616c756a73c46f6a0f4446d97bb2321203c4b95493b3d54a491a22119442f	pages	pages	https://www.easy4me.info/downloads/workfiles/dg/1dg/dg-Formen_einfuegen.pages	https://data.commoncrawl.org/crawl-data/CC-MAIN-2026-34/segments/1786091387097.89/warc/CC-MAIN-20260817004738-20260817034738-00942.warc.gz	750382	cc payload verified; Document.iwa root type 10000=TP.DocumentArchive; mime=
CC-MAIN-2026-34-cdx-00165-3	c5c6beffa264a8ce045f55adbb7bac96c38d0baa24b036374135efdc71219a0e	pages	pages	https://orte-der-unsichtbarkeit.de/wp-content/uploads/OER-OdU_Station-9_Finkenwerder-1-1.pages	https://data.commoncrawl.org/crawl-data/CC-MAIN-2026-34/segments/1786091387097.89/warc/CC-MAIN-20260817004738-20260817034738-00117.warc.gz	8082298	origin refetch (cc incomplete: truncated=True digest_ok=True zip_ok=False); Document.iwa root type 10000=TP.DocumentArchive; mime=
CC-MAIN-2026-34-cdx-00213-1	181f2b199bd387ca44a57afc91b58266c2f473189812f95659474dc865458e68	numbers	numbers	https://tokyomusicrise.jp/2026spring_entry/TMR2026_spring_miyaji_entrysheet.numbers	https://data.commoncrawl.org/crawl-data/CC-MAIN-2026-34/segments/1786091385546.31/warc/CC-MAIN-20260813020609-20260813050609-00001.warc.gz	877629	cc payload verified; Document.iwa root type 1=TN.DocumentArchive; mime=
CC-MAIN-2026-34-cdx-00213-2	e84876d5201507f5a09b2042ef24f577d363534cf071e57d8345294fedd27326	key	keynote	https://www.wakusei.jp/meetings/fs/2015/2015-09-15/FrontierSeminar2015.key	https://data.commoncrawl.org/crawl-data/CC-MAIN-2026-34/segments/1786091385553.12/warc/CC-MAIN-20260813050936-20260813080936-00880.warc.gz	369649	cc payload verified; slide iwa present (Index/MasterSlide.iwa); root type 1; mime=
CC-MAIN-2026-34-cdx-00197-2	b70b5f6510dafb88e9075ed0894783481b7c85737f9b0dcbf0c2bf14d9852cce	key	keynote	https://full-time.info/wp-content/uploads/2021/04/%E3%82%BB%E3%83%9F%E3%83%8A%E3%83%BCLP%E7%94%A8.key	https://data.commoncrawl.org/crawl-data/CC-MAIN-2026-34/segments/1786091385452.6/warc/CC-MAIN-20260812044543-20260812074543-00594.warc.gz	418451	cc payload verified; slide iwa present (Index/MasterSlide.iwa); root type 1; mime=
CC-MAIN-2026-34-cdx-00245-2	be743af7d10c3b74b9fd166cf4ba6a18d8c69fc8ddaf633f87ebaa5f618ba9c7	legacy	legacy-unknown	http://mt-class.org/past/jhu/2012/slides/JHU_MT_lecture_2012-02-09.key	https://data.commoncrawl.org/crawl-data/CC-MAIN-2026-34/segments/1786091385836.20/warc/CC-MAIN-20260815120940-20260815150940-00212.warc.gz	7464863	origin refetch (cc incomplete: truncated=True digest_ok=True zip_ok=False); legacy bundle: members=['index.apxl'] (pre-iWork-13); mime=
CC-MAIN-2026-34-cdx-00245-3	2b46189cee6266b5477bc9bf176833d28cc351aeb01a5941c06b06ba45e5863d	legacy	legacy-unknown	http://mt-class.org/past/jhu/2012/slides/JHU_MT_lecture_2012-03-29.key	https://data.commoncrawl.org/crawl-data/CC-MAIN-2026-34/segments/1786091385836.20/warc/CC-MAIN-20260815120940-20260815150940-00201.warc.gz	5634020	origin refetch (cc incomplete: truncated=True digest_ok=True zip_ok=False); legacy bundle: members=['index.apxl'] (pre-iWork-13); mime=
CC-MAIN-2026-34-cdx-00245-1	34f148a30a34ad17d6a6dc197cbb4f3a36976594699ffa6528b820607c19d0fa	legacy	legacy-unknown	http://mt-class.org/past/jhu/2012/slides/JHU_MT_lecture_2012-02-02.key	https://data.commoncrawl.org/crawl-data/CC-MAIN-2026-34/segments/1786091385836.20/warc/CC-MAIN-20260815120940-20260815150940-00565.warc.gz	19547552	origin refetch (cc incomplete: truncated=True digest_ok=True zip_ok=False); legacy bundle: members=['index.apxl'] (pre-iWork-13); mime=
CC-MAIN-2026-34-cdx-00245-4	4a7db296196425cbdc5d8883e6f5b6412f4ec39d445e67edd66d48c9bf7609dc	legacy	legacy-unknown	http://mt-class.org/past/jhu/2012/slides/JHU_MT_lecture_2012-04-17.key	https://data.commoncrawl.org/crawl-data/CC-MAIN-2026-34/segments/1786091385836.20/warc/CC-MAIN-20260815120940-20260815150940-00695.warc.gz	4246756	cc payload verified; legacy bundle: members=['index.apxl'] (pre-iWork-13); mime=
CC-MAIN-2026-34-cdx-00245-5	08158ea24bf680bbad5539207f853e5b3d55bc02359ccc7c8a96a985bd1e86b5	pages	pages	https://www.musical-empowerment.org/wp-content/uploads/2020/11/SMART-Practicing-Goal.pages	https://data.commoncrawl.org/crawl-data/CC-MAIN-2026-34/segments/1786091386141.90/warc/CC-MAIN-20260816214409-20260817004409-00657.warc.gz	844340	cc payload verified; Document.iwa root type 10000=TP.DocumentArchive; mime=
CC-MAIN-2026-34-cdx-00245-6	e437edf61d8b108e4079584cc27866e4e0ed28dcc07153d8d108fa350589e140	pages	pages	https://www.ncrhc.org/assets/downloads/LongTermPlanResp.pages	https://data.commoncrawl.org/crawl-data/CC-MAIN-2026-34/segments/1786091385821.41/warc/CC-MAIN-20260815060346-20260815090346-00127.warc.gz	1971027	cc payload verified; Document.iwa root type 10000=TP.DocumentArchive; mime=
CC-MAIN-2026-34-cdx-00277-2	33e1efc6d84f2684bdb37c6d425e4371058481c9ea2cbcd56681144c3943472c	pages	pages	https://gripsholmsskolan.se/wp-content/uploads/2013/11/Information-jullov.pages	https://data.commoncrawl.org/crawl-data/CC-MAIN-2026-34/segments/1786091385821.41/warc/CC-MAIN-20260815060346-20260815090346-00493.warc.gz	1303524	cc payload verified; Document.iwa root type 10000=TP.DocumentArchive; mime=
CC-MAIN-2026-34-cdx-00277-4	b12cd88cca97c5fa06e6f45415cfebf4d80d27d82b463423c8077c0f8c71c92d	pages	pages	https://gripsholmsskolan.se/wp-content/uploads/2019/02/Veckoschema-v.9-PDF.pages	https://data.commoncrawl.org/crawl-data/CC-MAIN-2026-34/segments/1786091385428.43/warc/CC-MAIN-20260811132950-20260811162950-00984.warc.gz	280913	cc payload verified; Document.iwa root type 10000=TP.DocumentArchive; mime=
CC-MAIN-2026-34-cdx-00277-1	8fe49ce84a77aac84ee5ce7cbc1861c0a53e367cd4d5ad037ecec41ead7e7a94	pages	pages	https://www.friluftsframjandet.se/globalassets/1.-organisationen/malardalen/botkyrka/dokument/arsmote-2026/dagordning-ff-botkyrka-arsmote..pages	https://data.commoncrawl.org/crawl-data/CC-MAIN-2026-34/segments/1786091385350.21/warc/CC-MAIN-20260810160426-20260810190426-00637.warc.gz	348476	cc payload verified; Document.iwa root type 10000=TP.DocumentArchive; mime=
CC-MAIN-2026-34-cdx-00277-3	b132be81b6ad3127c3c862d080673ac25161bc1fe7a9de346c6524e27c2833cf	legacy	legacy-unknown	https://gripsholmsskolan.se/wp-content/uploads/2014/08/34-veckoplanering-Ugglor.pages	https://data.commoncrawl.org/crawl-data/CC-MAIN-2026-34/segments/1786091385428.43/warc/CC-MAIN-20260811132950-20260811162950-00858.warc.gz	225712	cc payload verified; legacy bundle: members=['index.xml'] (pre-iWork-13); mime=
CC-MAIN-2026-34-cdx-00277-7	b99b42a6087d0d681c3b7469acebd08dcfb60fd38fb448b4ee30c1b55a178fd0	pages	pages	https://gripsholmsskolan.se/wp-content/uploads/2023/03/Kapitel-4-2.pages	https://data.commoncrawl.org/crawl-data/CC-MAIN-2026-34/segments/1786091385821.41/warc/CC-MAIN-20260815060346-20260815090346-00574.warc.gz	146226	cc payload verified; Document.iwa root type 10000=TP.DocumentArchive; mime=
CC-MAIN-2026-34-cdx-00277-5	37793b4b72ea9b0c0df565db08a9aafd9cd54bc5c6f63ef93bee34d26b54b192	pages	pages	https://gripsholmsskolan.se/wp-content/uploads/2019/09/Vecka-40-simning.pages	https://data.commoncrawl.org/crawl-data/CC-MAIN-2026-34/segments/1786091385428.43/warc/CC-MAIN-20260811132950-20260811162950-00348.warc.gz	338922	cc payload verified; Document.iwa root type 10000=TP.DocumentArchive; mime=
CC-MAIN-2026-34-cdx-00229-1	3f8fbaefa415b1216054214bcb2e5062b68d1aa11ab0374114ddd58bf57f0394	pages	pages	https://beautyoplocatie.nl/wp-content/uploads/2014/08/foto-beauty-op-locatie-1.pages	https://data.commoncrawl.org/crawl-data/CC-MAIN-2026-34/segments/1786091384984.23/warc/CC-MAIN-20260807145234-20260807175234-00432.warc.gz	15917536	origin refetch (cc incomplete: truncated=True digest_ok=True zip_ok=False); Document.iwa root type 10000=TP.DocumentArchive; mime=
CC-MAIN-2026-34-cdx-00277-8	381bbbac559899fcdc7169ce4a88775351f4aac62e076a8693e706aae5fd3023	pages	pages	https://gripsholmsskolan.se/wp-content/uploads/2023/05/Kapitel-9.pages	https://data.commoncrawl.org/crawl-data/CC-MAIN-2026-34/segments/1786091385821.41/warc/CC-MAIN-20260815060346-20260815090346-00032.warc.gz	132151	cc payload verified; Document.iwa root type 10000=TP.DocumentArchive; mime=
CC-MAIN-2026-34-cdx-00277-6	0cc605dc0ce6df903247630be7cf3117bb98e7afbe28f97e322a7fd9cf1381ea	pages	pages	https://gripsholmsskolan.se/wp-content/uploads/2023/02/Egen-faktaruta.pages	https://data.commoncrawl.org/crawl-data/CC-MAIN-2026-34/segments/1786091385428.43/warc/CC-MAIN-20260811132950-20260811162950-00842.warc.gz	109196	cc payload verified; Document.iwa root type 10000=TP.DocumentArchive; mime=
CC-MAIN-2026-34-cdx-00293-2	c4b8819556765ef8ab55002851f1ff3a3a843a85b445ad349a65bd30ad2f2f69	numbers	numbers	https://www.simplicityhub.co.uk/templates/dmaic/analyse/Cause%20Validation%20Matrix.numbers	https://data.commoncrawl.org/crawl-data/CC-MAIN-2026-34/segments/1786091674763.85/warc/CC-MAIN-20260817221418-20260818011418-00838.warc.gz	706824	cc payload verified; Document.iwa root type 1=TN.DocumentArchive; mime=
CC-MAIN-2026-34-cdx-00293-1	447a1f859927bc78744bc6a9a6cc4ce7496cc8910af973db289b131e899053d1	numbers	numbers	https://www.simplicityhub.co.uk/templates/dmaic/analyse/5%20Whys.numbers	https://data.commoncrawl.org/crawl-data/CC-MAIN-2026-34/segments/1786091674763.85/warc/CC-MAIN-20260817221418-20260818011418-00956.warc.gz	715240	cc payload verified; Document.iwa root type 1=TN.DocumentArchive; mime=
CC-MAIN-2026-34-cdx-00277-9	1713762045b7778373677df3304f7c0db5c72d73e9ecd9ce18021d2529fcd809	pages	pages	https://holsljunga.se/wp/wp-content/uploads/2019/10/2019-09-09-A%CC%8Arsmo%CC%88tet-pa%CC%8A-Holsljunga-Skolas-Fo%CC%88ra%CC%88ldramo%CC%88te.pages	https://data.commoncrawl.org/crawl-data/CC-MAIN-2026-34/segments/1786091385574.53/warc/CC-MAIN-20260813111745-20260813141745-00341.warc.gz	95822	cc payload verified; Document.iwa root type 10000=TP.DocumentArchive; mime=
CC-MAIN-2026-34-cdx-00293-3	c58f1a48b843c1978434dbd133c5bb08e5614960bb4b117ae8cc618484745b08	numbers	numbers	https://www.simplicityhub.co.uk/templates/dmaic/analyse/Correlation%20Analysis.numbers	https://data.commoncrawl.org/crawl-data/CC-MAIN-2026-34/segments/1786091674763.85/warc/CC-MAIN-20260817221418-20260818011418-00472.warc.gz	699860	cc payload verified; Document.iwa root type 1=TN.DocumentArchive; mime=
CC-MAIN-2026-34-cdx-00277-10	c2bec6ccdf88d2f5eb00be9de6fe41c50ac608c3d718888d961d1adfba5e82d4	pages	pages	https://www-static.kbts.se/wp-content/uploads/2026/06/Merch.pages?media=1755980343	https://data.commoncrawl.org/crawl-data/CC-MAIN-2026-34/segments/1786091385801.49/warc/CC-MAIN-20260815030115-20260815060115-00038.warc.gz	2486145	cc payload verified; Document.iwa root type 10000=TP.DocumentArchive; mime=
CC-MAIN-2026-34-cdx-00293-4	6009965f03b164c4e1edc810c5da1634e43d7fb2ea58b0fe9e50d35bba0a5439	numbers	numbers	https://www.simplicityhub.co.uk/templates/dmaic/analyse/Failure%20Mode%20Identification.numbers	https://data.commoncrawl.org/crawl-data/CC-MAIN-2026-34/segments/1786091674763.85/warc/CC-MAIN-20260817221418-20260818011418-00962.warc.gz	704123	cc payload verified; Document.iwa root type 1=TN.DocumentArchive; mime=
CC-MAIN-2026-34-cdx-00293-5	dc7b5479edca2a823ff889fa3193a64ba2f57e3b31c4fdc9e9f1e26f7c6bbb52	numbers	numbers	https://www.simplicityhub.co.uk/templates/dmaic/analyse/Fishbone%20Diagram.numbers	https://data.commoncrawl.org/crawl-data/CC-MAIN-2026-34/segments/1786091674763.85/warc/CC-MAIN-20260817221418-20260818011418-00279.warc.gz	728844	cc payload verified; Document.iwa root type 1=TN.DocumentArchive; mime=
CC-MAIN-2026-34-cdx-00293-6	93444863d6b556bde30470e07da7c47b5584289fbe93699b4f3cc1689fd84a27	numbers	numbers	https://www.simplicityhub.co.uk/templates/dmaic/analyse/Hypothesis%20Testing%20Planner.numbers	https://data.commoncrawl.org/crawl-data/CC-MAIN-2026-34/segments/1786091674763.85/warc/CC-MAIN-20260817221418-20260818011418-00203.warc.gz	690523	cc payload verified; Document.iwa root type 1=TN.DocumentArchive; mime=
CC-MAIN-2026-34-cdx-00293-8	2c627941bce5e6a08b982855cfed5e4ae3ee04c0f69ea06639f82a7f5f2d9e8f	numbers	numbers	https://www.simplicityhub.co.uk/templates/dmaic/analyse/RCA%20Worksheet.numbers	https://data.commoncrawl.org/crawl-data/CC-MAIN-2026-34/segments/1786091674763.85/warc/CC-MAIN-20260817221418-20260818011418-00856.warc.gz	710800	cc payload verified; Document.iwa root type 1=TN.DocumentArchive; mime=
CC-MAIN-2026-34-cdx-00293-7	998a34ff8e10c2d86ffff07df5b5e1d3024d97692ab557580f59b592df2e7d4e	numbers	numbers	https://www.simplicityhub.co.uk/templates/dmaic/analyse/Pareto%20Chart.numbers	https://data.commoncrawl.org/crawl-data/CC-MAIN-2026-34/segments/1786091674763.85/warc/CC-MAIN-20260817221418-20260818011418-00541.warc.gz	723217	cc payload verified; Document.iwa root type 1=TN.DocumentArchive; mime=
CC-MAIN-2026-34-cdx-00293-10	e794c2575c97519bdcf375ab590366e64267f30cf27db740639a3927e580dfd8	numbers	numbers	https://www.simplicityhub.co.uk/templates/dmaic/analyse/SimplicityHub-Data-Summary-Sheet.numbers	https://data.commoncrawl.org/crawl-data/CC-MAIN-2026-34/segments/1786091385205.8/warc/CC-MAIN-20260809063011-20260809093011-00713.warc.gz	694524	cc payload verified; Document.iwa root type 1=TN.DocumentArchive; mime=
CC-MAIN-2026-34-cdx-00293-9	12098b6d2e46f9faf44b4d9d769e9c07f7fff3051cbcc6d58705e25e25c2cd10	numbers	numbers	https://www.simplicityhub.co.uk/templates/dmaic/analyse/SimplicityHub-Cause-Shortlist.numbers	https://data.commoncrawl.org/crawl-data/CC-MAIN-2026-34/segments/1786091674763.85/warc/CC-MAIN-20260817221418-20260818011418-00498.warc.gz	690325	cc payload verified; Document.iwa root type 1=TN.DocumentArchive; mime=
CC-MAIN-2026-34-cdx-00293-13	810f16e7026f8e71dc0b126208e8e7d907879bbd839db4ea0acc1a9b690b3df4	numbers	numbers	https://www.simplicityhub.co.uk/templates/dmaic/analyse/SimplicityHub-Quick-Pareto-Log.numbers	https://data.commoncrawl.org/crawl-data/CC-MAIN-2026-34/segments/1786091385205.8/warc/CC-MAIN-20260809063011-20260809093011-00706.warc.gz	695364	cc payload verified; Document.iwa root type 1=TN.DocumentArchive; mime=
CC-MAIN-2026-34-cdx-00293-11	ddca5a640e960e9f1ba67351ac21e6ed82b0c212f800965eac725ae07301ee5e	numbers	numbers	https://www.simplicityhub.co.uk/templates/dmaic/analyse/SimplicityHub-Fishbone-Starter.numbers	https://data.commoncrawl.org/crawl-data/CC-MAIN-2026-34/segments/1786091674763.85/warc/CC-MAIN-20260817221418-20260818011418-00370.warc.gz	713260	cc payload verified; Document.iwa root type 1=TN.DocumentArchive; mime=
CC-MAIN-2026-34-cdx-00293-12	b0d1a59420e70ee350ae5099fca0e8c5fab159cb59f0a152f47bbc7f9a553702	numbers	numbers	https://www.simplicityhub.co.uk/templates/dmaic/analyse/SimplicityHub-Issue-Log.numbers	https://data.commoncrawl.org/crawl-data/CC-MAIN-2026-34/segments/1786091385205.8/warc/CC-MAIN-20260809063011-20260809093011-00100.warc.gz	687992	cc payload verified; Document.iwa root type 1=TN.DocumentArchive; mime=
CC-MAIN-2026-34-cdx-00293-14	4bdba366b85c9193abe2b7c2643b56058a3edb6a5d90d1a8f371c8a473803aee	numbers	numbers	https://www.simplicityhub.co.uk/templates/dmaic/analyse/SimplicityHub-Simple-5-Whys-Worksheet.numbers	https://data.commoncrawl.org/crawl-data/CC-MAIN-2026-34/segments/1786091674763.85/warc/CC-MAIN-20260817221418-20260818011418-00691.warc.gz	681043	cc payload verified; Document.iwa root type 1=TN.DocumentArchive; mime=
CC-MAIN-2026-34-cdx-00293-15	912970e12f2097dddd3bf7bb042f93052390d4c890f389bb9ef177ab2130bc33	numbers	numbers	https://www.simplicityhub.co.uk/templates/dmaic/control/Audit%20Checklist.numbers	https://data.commoncrawl.org/crawl-data/CC-MAIN-2026-34/segments/1786091674763.85/warc/CC-MAIN-20260817221418-20260818011418-00373.warc.gz	694847	cc payload verified; Document.iwa root type 1=TN.DocumentArchive; mime=
CC-MAIN-2026-34-cdx-00293-16	1ad9b484c0c72226bd6d9fe71e15b442c2465449c710e1d134dc5e7e317b4e14	numbers	numbers	https://www.simplicityhub.co.uk/templates/dmaic/control/Control%20Plan.numbers	https://data.commoncrawl.org/crawl-data/CC-MAIN-2026-34/segments/1786091385205.8/warc/CC-MAIN-20260809063011-20260809093011-00808.warc.gz	695676	cc payload verified; Document.iwa root type 1=TN.DocumentArchive; mime=
CC-MAIN-2026-34-cdx-00293-18	9e5886fda2baac8c2a9286e6ee7415c59ebc029cb5603479aec6a5004a01d6ec	numbers	numbers	https://www.simplicityhub.co.uk/templates/dmaic/control/Lessons%20Learned%20Log.numbers	https://data.commoncrawl.org/crawl-data/CC-MAIN-2026-34/segments/1786091674763.85/warc/CC-MAIN-20260817221418-20260818011418-00003.warc.gz	703835	cc payload verified; Document.iwa root type 1=TN.DocumentArchive; mime=
CC-MAIN-2026-34-cdx-00293-17	c3b3bcb17404a37adece5e08575ea9e4c21424e1e8127120f68e9d27d74c0b45	numbers	numbers	https://www.simplicityhub.co.uk/templates/dmaic/control/Handover%20Checklist.numbers	https://data.commoncrawl.org/crawl-data/CC-MAIN-2026-34/segments/1786091674763.85/warc/CC-MAIN-20260817221418-20260818011418-00631.warc.gz	704211	cc payload verified; Document.iwa root type 1=TN.DocumentArchive; mime=
CC-MAIN-2026-34-cdx-00293-20	7cefadf76cb1e475e6a33bf142263ffb0facec745d0e560f1a8a3e2c6d7b2b5e	numbers	numbers	https://www.simplicityhub.co.uk/templates/dmaic/control/Project%20Closure%20Report.numbers	https://data.commoncrawl.org/crawl-data/CC-MAIN-2026-34/segments/1786091674763.85/warc/CC-MAIN-20260817221418-20260818011418-00751.warc.gz	715592	cc payload verified; Document.iwa root type 1=TN.DocumentArchive; mime=
CC-MAIN-2026-34-cdx-00293-21	61c77d5b45df69682ba87b798f3b6b8ebda2f2ff84ad5a2ca90a0534382426b6	numbers	numbers	https://www.simplicityhub.co.uk/templates/dmaic/control/SimplicityHub-Daily-Check-Sheet.numbers	https://data.commoncrawl.org/crawl-data/CC-MAIN-2026-34/segments/1786091674763.85/warc/CC-MAIN-20260817221418-20260818011418-00524.warc.gz	697236	cc payload verified; Document.iwa root type 1=TN.DocumentArchive; mime=
CC-MAIN-2026-34-cdx-00293-19	ee8058bc0c1577848b06c3aaf5b90fc793ad33740c504f4660ca911cedf930b9	numbers	numbers	https://www.simplicityhub.co.uk/templates/dmaic/control/Monitoring%20Dashboard.numbers	https://data.commoncrawl.org/crawl-data/CC-MAIN-2026-34/segments/1786091674763.85/warc/CC-MAIN-20260817221418-20260818011418-00658.warc.gz	694315	cc payload verified; Document.iwa root type 1=TN.DocumentArchive; mime=
CC-MAIN-2026-34-cdx-00293-23	1b995efc0318c884abdc2c7b4766c4c271c8adfe631a3fd69164661b2c801f5c	numbers	numbers	https://www.simplicityhub.co.uk/templates/dmaic/control/SimplicityHub-Project-Summary-One-Pager.numbers	https://data.commoncrawl.org/crawl-data/CC-MAIN-2026-34/segments/1786091674763.85/warc/CC-MAIN-20260817221418-20260818011418-00495.warc.gz	714485	cc payload verified; Document.iwa root type 1=TN.DocumentArchive; mime=
CC-MAIN-2026-34-cdx-00293-22	415bed7e7795386a3ef58cedae66c1a2cb91b802287c5bc4798e54c510ad1a50	numbers	numbers	https://www.simplicityhub.co.uk/templates/dmaic/control/SimplicityHub-Escalation-Guide.numbers	https://data.commoncrawl.org/crawl-data/CC-MAIN-2026-34/segments/1786091674763.85/warc/CC-MAIN-20260817221418-20260818011418-00614.warc.gz	691897	cc payload verified; Document.iwa root type 1=TN.DocumentArchive; mime=
CC-MAIN-2026-34-cdx-00293-25	bfc18f317488178199eba63b02f38bef4f576be2ff45db778457dbde7c5d840e	numbers	numbers	https://www.simplicityhub.co.uk/templates/dmaic/control/Standard%20Operating%20Procedure.numbers	https://data.commoncrawl.org/crawl-data/CC-MAIN-2026-34/segments/1786091674763.85/warc/CC-MAIN-20260817221418-20260818011418-00604.warc.gz	722700	cc payload verified; Document.iwa root type 1=TN.DocumentArchive; mime=
CC-MAIN-2026-34-cdx-00293-26	d735f49ed0df38f97ed0d472aa0a7cf3750f87c182211ad636fb1d3a56e0567e	numbers	numbers	https://www.simplicityhub.co.uk/templates/dmaic/control/Sustainability%20Plan.numbers	https://data.commoncrawl.org/crawl-data/CC-MAIN-2026-34/segments/1786091674763.85/warc/CC-MAIN-20260817221418-20260818011418-00948.warc.gz	702616	cc payload verified; Document.iwa root type 1=TN.DocumentArchive; mime=
CC-MAIN-2026-34-cdx-00293-24	e36fddd766ddeba0bb8ad5742e08fd9fd640bb6116cb3ae334ddb148e495f656	numbers	numbers	https://www.simplicityhub.co.uk/templates/dmaic/control/SimplicityHub-Results-Tracker.numbers	https://data.commoncrawl.org/crawl-data/CC-MAIN-2026-34/segments/1786091674763.85/warc/CC-MAIN-20260817221418-20260818011418-00055.warc.gz	691630	cc payload verified; Document.iwa root type 1=TN.DocumentArchive; mime=
CC-MAIN-2026-34-cdx-00293-27	1ee286477c077518da9f316dad66b303a4542cf238d89cacdd7768bd11343c52	numbers	numbers	https://www.simplicityhub.co.uk/templates/dmaic/define/SimplicityHub-Business-Case-Business%20Case.numbers	https://data.commoncrawl.org/crawl-data/CC-MAIN-2026-34/segments/1786091385205.8/warc/CC-MAIN-20260809063011-20260809093011-00693.warc.gz	732162	cc payload verified; Document.iwa root type 1=TN.DocumentArchive; mime=
CC-MAIN-2026-34-cdx-00293-30	a3df9f4f34dc35a8ccd4f6fbdf6806fe119ce5372a3e064170348ccd30c70bad	numbers	numbers	https://www.simplicityhub.co.uk/templates/dmaic/define/SimplicityHub-Problem-Statement-Problem%20Statement.numbers	https://data.commoncrawl.org/crawl-data/CC-MAIN-2026-34/segments/1786091674763.85/warc/CC-MAIN-20260817221418-20260818011418-00849.warc.gz	735637	cc payload verified; Document.iwa root type 1=TN.DocumentArchive; mime=
CC-MAIN-2026-34-cdx-00293-29	232540a417f607feb2c344e79455e7e924b12eda7eb70d0b7b574e489c40c5af	numbers	numbers	https://www.simplicityhub.co.uk/templates/dmaic/define/SimplicityHub-Goal-Statement-Goal%20Statement.numbers	https://data.commoncrawl.org/crawl-data/CC-MAIN-2026-34/segments/1786091674763.85/warc/CC-MAIN-20260817221418-20260818011418-00641.warc.gz	749434	cc payload verified; Document.iwa root type 1=TN.DocumentArchive; mime=
CC-MAIN-2026-34-cdx-00293-28	a5bb5d25a9dfa8dcfddb1c54485f10637ab6032833a8c1ef48574577bc7098f1	numbers	numbers	https://www.simplicityhub.co.uk/templates/dmaic/define/SimplicityHub-Communication-Plan-Communication%20Plan.numbers	https://data.commoncrawl.org/crawl-data/CC-MAIN-2026-34/segments/1786091385205.8/warc/CC-MAIN-20260809063011-20260809093011-00293.warc.gz	720124	cc payload verified; Document.iwa root type 1=TN.DocumentArchive; mime=
CC-MAIN-2026-34-cdx-00293-32	a05dbcf29bcce4afb47cfd31ae6e6469dee1b98f94019033cadab28bd10274f4	numbers	numbers	https://www.simplicityhub.co.uk/templates/dmaic/define/SimplicityHub-RACI-Matrix-RACI%20Matrix.numbers	https://data.commoncrawl.org/crawl-data/CC-MAIN-2026-34/segments/1786091674763.85/warc/CC-MAIN-20260817221418-20260818011418-00349.warc.gz	719324	cc payload verified; Document.iwa root type 1=TN.DocumentArchive; mime=
CC-MAIN-2026-34-cdx-00293-34	ce1d7a8f4b7be45581652903a90bd4332badaeb040f7c36c7b49ef82332824ed	numbers	numbers	https://www.simplicityhub.co.uk/templates/dmaic/define/SimplicityHub-SIPOC-Template.numbers	https://data.commoncrawl.org/crawl-data/CC-MAIN-2026-34/segments/1786091674763.85/warc/CC-MAIN-20260817221418-20260818011418-00495.warc.gz	714868	cc payload verified; Document.iwa root type 1=TN.DocumentArchive; mime=
CC-MAIN-2026-34-cdx-00293-33	2ce2d99b86d45561ad8e9e84403bc8e3c84e88bea04693be095e3e48af2a99ab	numbers	numbers	https://www.simplicityhub.co.uk/templates/dmaic/define/SimplicityHub-Risk-Assessment-Project%20Risk%20Assessment.numbers	https://data.commoncrawl.org/crawl-data/CC-MAIN-2026-34/segments/1786091674763.85/warc/CC-MAIN-20260817221418-20260818011418-00473.warc.gz	717611	cc payload verified; Document.iwa root type 1=TN.DocumentArchive; mime=
CC-MAIN-2026-34-cdx-00293-31	c8a7f4094f49a5fd1d4f025d803380462c39142a5fd15f9b95f83f2460be6f80	numbers	numbers	https://www.simplicityhub.co.uk/templates/dmaic/define/SimplicityHub-Project-Charter.numbers	https://data.commoncrawl.org/crawl-data/CC-MAIN-2026-34/segments/1786091674763.85/warc/CC-MAIN-20260817221418-20260818011418-00193.warc.gz	740196	cc payload verified; Document.iwa root type 1=TN.DocumentArchive; mime=
CC-MAIN-2026-34-cdx-00293-38	c7a117ffd722fb39a9172b48b82af8783a81abc7c2ca876b9036681ee4e17f47	numbers	numbers	https://www.simplicityhub.co.uk/templates/dmaic/improve/Change%20Implementation%20Plan.numbers	https://data.commoncrawl.org/crawl-data/CC-MAIN-2026-34/segments/1786091674763.85/warc/CC-MAIN-20260817221418-20260818011418-00573.warc.gz	705933	cc payload verified; Document.iwa root type 1=TN.DocumentArchive; mime=
CC-MAIN-2026-34-cdx-00293-37	3c10700988f144cd3619dc73f1444768159aad38608681184544be591a8d13f1	numbers	numbers	https://www.simplicityhub.co.uk/templates/dmaic/improve/Action%20Plan.numbers	https://data.commoncrawl.org/crawl-data/CC-MAIN-2026-34/segments/1786091674763.85/warc/CC-MAIN-20260817221418-20260818011418-00392.warc.gz	698597	cc payload verified; Document.iwa root type 1=TN.DocumentArchive; mime=
CC-MAIN-2026-34-cdx-00293-39	f28d67addd30fae77667893ee6be77621340d17366c92ed4e0f9ca98139643e2	numbers	numbers	https://www.simplicityhub.co.uk/templates/dmaic/improve/Cost%20Benefit%20Analysis.numbers	https://data.commoncrawl.org/crawl-data/CC-MAIN-2026-34/segments/1786091674763.85/warc/CC-MAIN-20260817221418-20260818011418-00904.warc.gz	728471	cc payload verified; Document.iwa root type 1=TN.DocumentArchive; mime=
CC-MAIN-2026-34-cdx-00293-36	9d1efd229c5f3a85dbe09ee6047f0c169ffd90e8a0967d622024a28728fbe712	numbers	numbers	https://www.simplicityhub.co.uk/templates/dmaic/define/SimplicityHub-VOC-Voice%20of%20the%20Customer.numbers	https://data.commoncrawl.org/crawl-data/CC-MAIN-2026-34/segments/1786091674763.85/warc/CC-MAIN-20260817221418-20260818011418-00570.warc.gz	720045	cc payload verified; Document.iwa root type 1=TN.DocumentArchive; mime=
CC-MAIN-2026-34-cdx-00293-40	7620fc6e92b1680b8779e34c1869c29d5c8fb3bb14c6905b6fc0a93853cb784c	numbers	numbers	https://www.simplicityhub.co.uk/templates/dmaic/improve/Impact%20vs%20Effort%20Matrix.numbers	https://data.commoncrawl.org/crawl-data/CC-MAIN-2026-34/segments/1786091674763.85/warc/CC-MAIN-20260817221418-20260818011418-00649.warc.gz	721212	cc payload verified; Document.iwa root type 1=TN.DocumentArchive; mime=
CC-MAIN-2026-34-cdx-00293-35	e4279b6fed3c42b8d19f7b7485a85426ac2e0be1df870e81bb3fd6aa799bbe58	numbers	numbers	https://www.simplicityhub.co.uk/templates/dmaic/define/SimplicityHub-Stakeholder-Analysis-Stakeholder%20Analysis.numbers	https://data.commoncrawl.org/crawl-data/CC-MAIN-2026-34/segments/1786091674763.85/warc/CC-MAIN-20260817221418-20260818011418-00557.warc.gz	720867	cc payload verified; Document.iwa root type 1=TN.DocumentArchive; mime=
CC-MAIN-2026-34-cdx-00293-44	c009db77dbae3e7887b3314a0df8b4b199439e326970f67775cb96594c37bf47	numbers	numbers	https://www.simplicityhub.co.uk/templates/dmaic/improve/SimplicityHub-Change-Checklist.numbers	https://data.commoncrawl.org/crawl-data/CC-MAIN-2026-34/segments/1786091385205.8/warc/CC-MAIN-20260809063011-20260809093011-00488.warc.gz	710368	cc payload verified; Document.iwa root type 1=TN.DocumentArchive; mime=
CC-MAIN-2026-34-cdx-00293-45	ca09de14b87bf8e29b17c6201dc5d02df6f971d547db2181013f2b9d11d34176	numbers	numbers	https://www.simplicityhub.co.uk/templates/dmaic/improve/SimplicityHub-Quick-Win-Tracker.numbers	https://data.commoncrawl.org/crawl-data/CC-MAIN-2026-34/segments/1786091674763.85/warc/CC-MAIN-20260817221418-20260818011418-00712.warc.gz	693455	cc payload verified; Document.iwa root type 1=TN.DocumentArchive; mime=
CC-MAIN-2026-34-cdx-00293-41	6c26b237926347e6d55000f366e1e7717078a0c0f59fe285a8e75a1b3a001ce0	numbers	numbers	https://www.simplicityhub.co.uk/templates/dmaic/improve/Pilot%20Plan.numbers	https://data.commoncrawl.org/crawl-data/CC-MAIN-2026-34/segments/1786091674763.85/warc/CC-MAIN-20260817221418-20260818011418-00986.warc.gz	720369	cc payload verified; Document.iwa root type 1=TN.DocumentArchive; mime=
CC-MAIN-2026-34-cdx-00293-42	f7738bce694cd6a189525331318550a458cf39a6180f3933b43f3d2d46dcac37	numbers	numbers	https://www.simplicityhub.co.uk/templates/dmaic/improve/Risk%20Mitigation%20Plan.numbers	https://data.commoncrawl.org/crawl-data/CC-MAIN-2026-34/segments/1786091674763.85/warc/CC-MAIN-20260817221418-20260818011418-00103.warc.gz	697689	cc payload verified; Document.iwa root type 1=TN.DocumentArchive; mime=
CC-MAIN-2026-34-cdx-00293-47	b767827505511dd6b2c76e62396f3eb648bbdc397f90f49bf67519eccb677f17	numbers	numbers	https://www.simplicityhub.co.uk/templates/dmaic/improve/SimplicityHub-Stakeholder-Feedback-Log.numbers	https://data.commoncrawl.org/crawl-data/CC-MAIN-2026-34/segments/1786091674763.85/warc/CC-MAIN-20260817221418-20260818011418-00682.warc.gz	691626	cc payload verified; Document.iwa root type 1=TN.DocumentArchive; mime=
CC-MAIN-2026-34-cdx-00293-46	8780ead038a22b2836c7645fd94f53f560ffdc15cfab75bf0e8c2709b9f8fa6b	numbers	numbers	https://www.simplicityhub.co.uk/templates/dmaic/improve/SimplicityHub-Simple-Solution-List.numbers	https://data.commoncrawl.org/crawl-data/CC-MAIN-2026-34/segments/1786091674763.85/warc/CC-MAIN-20260817221418-20260818011418-00678.warc.gz	689761	cc payload verified; Document.iwa root type 1=TN.DocumentArchive; mime=
CC-MAIN-2026-34-cdx-00293-43	a6f8ca0aa2409a0447c830e71269d08d54b412ee79dde8ada3a07a6236a6974d	numbers	numbers	https://www.simplicityhub.co.uk/templates/dmaic/improve/SimplicityHub-Before-and-After-Comparison.numbers	https://data.commoncrawl.org/crawl-data/CC-MAIN-2026-34/segments/1786091674763.85/warc/CC-MAIN-20260817221418-20260818011418-00439.warc.gz	692395	cc payload verified; Document.iwa root type 1=TN.DocumentArchive; mime=
CC-MAIN-2026-34-cdx-00293-50	ed0293b8f08b3e7e0e16522acf14433a119f0ab0bc63b2572f8993fb39f2f967	numbers	numbers	https://www.simplicityhub.co.uk/templates/dmaic/measure/Baseline%20Metrics.numbers	https://data.commoncrawl.org/crawl-data/CC-MAIN-2026-34/segments/1786091674763.85/warc/CC-MAIN-20260817221418-20260818011418-00357.warc.gz	718721	cc payload verified; Document.iwa root type 1=TN.DocumentArchive; mime=
CC-MAIN-2026-34-cdx-00293-48	cc112cf5db75f0047bca63da19639321490b763449b683459845ba3344d32c2c	numbers	numbers	https://www.simplicityhub.co.uk/templates/dmaic/improve/Solution%20Prioritisation%20Matrix.numbers	https://data.commoncrawl.org/crawl-data/CC-MAIN-2026-34/segments/1786091674763.85/warc/CC-MAIN-20260817221418-20260818011418-00346.warc.gz	704133	cc payload verified; Document.iwa root type 1=TN.DocumentArchive; mime=
CC-MAIN-2026-34-cdx-00293-52	621a762cdd7160eee314c65e5f9411a10f007189e98127918e2a466af30cfb4d	numbers	numbers	https://www.simplicityhub.co.uk/templates/dmaic/measure/Data%20Collection%20Plan.numbers	https://data.commoncrawl.org/crawl-data/CC-MAIN-2026-34/segments/1786091385205.8/warc/CC-MAIN-20260809063011-20260809093011-00301.warc.gz	719300	cc payload verified; Document.iwa root type 1=TN.DocumentArchive; mime=
CC-MAIN-2026-34-cdx-00293-54	d2194c1ccd67746fc336bfd85eeb6caa5f52baa4d97f2ee192f23f325644f4ec	numbers	numbers	https://www.simplicityhub.co.uk/templates/dmaic/measure/Operational%20Definitions.numbers	https://data.commoncrawl.org/crawl-data/CC-MAIN-2026-34/segments/1786091674763.85/warc/CC-MAIN-20260817221418-20260818011418-00335.warc.gz	732141	cc payload verified; Document.iwa root type 1=TN.DocumentArchive; mime=
CC-MAIN-2026-34-cdx-00293-49	40c16388db578730fa852163807e5ac69527a835a6ef57e6770130259e13f99a	numbers	numbers	https://www.simplicityhub.co.uk/templates/dmaic/improve/Solution%20Testing%20Plan.numbers	https://data.commoncrawl.org/crawl-data/CC-MAIN-2026-34/segments/1786091385205.8/warc/CC-MAIN-20260809063011-20260809093011-00672.warc.gz	695704	cc payload verified; Document.iwa root type 1=TN.DocumentArchive; mime=
CC-MAIN-2026-34-cdx-00293-51	00a641002b038f06a6b3c52f5d3d02f4d1af4e66d06807b70493a5feff04674f	numbers	numbers	https://www.simplicityhub.co.uk/templates/dmaic/measure/Control%20Chart.numbers	https://data.commoncrawl.org/crawl-data/CC-MAIN-2026-34/segments/1786091674763.85/warc/CC-MAIN-20260817221418-20260818011418-00688.warc.gz	734983	cc payload verified; Document.iwa root type 1=TN.DocumentArchive; mime=
CC-MAIN-2026-34-cdx-00293-53	d759491f61facbd0226a1124ab4fc37963312f878f49ffff432c88dc857979ba	numbers	numbers	https://www.simplicityhub.co.uk/templates/dmaic/measure/Measurement%20System%20Check.numbers	https://data.commoncrawl.org/crawl-data/CC-MAIN-2026-34/segments/1786091674763.85/warc/CC-MAIN-20260817221418-20260818011418-00019.warc.gz	721505	cc payload verified; Document.iwa root type 1=TN.DocumentArchive; mime=
CC-MAIN-2026-34-cdx-00293-55	bb115170a0dcca00657a4a041936e458be7680cc47a9057787a4dd07f32899de	numbers	numbers	https://www.simplicityhub.co.uk/templates/dmaic/measure/Process%20Capability.numbers	https://data.commoncrawl.org/crawl-data/CC-MAIN-2026-34/segments/1786091385205.8/warc/CC-MAIN-20260809063011-20260809093011-00164.warc.gz	760775	cc payload verified; Document.iwa root type 1=TN.DocumentArchive; mime=
CC-MAIN-2026-34-cdx-00293-56	7e5a24b774762fe3342f973101fb69cd09ed43bcf5ca66f8006fc39b4d946541	numbers	numbers	https://www.simplicityhub.co.uk/templates/dmaic/measure/Process%20Map.numbers	https://data.commoncrawl.org/crawl-data/CC-MAIN-2026-34/segments/1786091674763.85/warc/CC-MAIN-20260817221418-20260818011418-00624.warc.gz	847780	cc payload verified; Document.iwa root type 1=TN.DocumentArchive; mime=
CC-MAIN-2026-34-cdx-00293-59	136e893e290df242f87cf67b0196e22d5495f87c8cd1ecc9bc7e1bdef009b25e	numbers	numbers	https://www.simplicityhub.co.uk/templates/dmaic/measure/SimplicityHub-Measurement-Definitions.numbers	https://data.commoncrawl.org/crawl-data/CC-MAIN-2026-34/segments/1786091674763.85/warc/CC-MAIN-20260817221418-20260818011418-00902.warc.gz	693183	cc payload verified; Document.iwa root type 1=TN.DocumentArchive; mime=
CC-MAIN-2026-34-cdx-00293-57	cb8d0f5ca0b5f50e191613cbe7090568ff9ffbca0f972e2a3bdf9085031c2418	numbers	numbers	https://www.simplicityhub.co.uk/templates/dmaic/measure/Run%20Chart.numbers	https://data.commoncrawl.org/crawl-data/CC-MAIN-2026-34/segments/1786091674763.85/warc/CC-MAIN-20260817221418-20260818011418-00726.warc.gz	740701	cc payload verified; Document.iwa root type 1=TN.DocumentArchive; mime=
CC-MAIN-2026-34-cdx-00293-60	53c43c4ffff015db8a45a0930074ff02593a87c161c43c8960ca3c799e2ae14b	numbers	numbers	https://www.simplicityhub.co.uk/templates/dmaic/measure/SimplicityHub-Simple-Tally-Sheet.numbers	https://data.commoncrawl.org/crawl-data/CC-MAIN-2026-34/segments/1786091674763.85/warc/CC-MAIN-20260817221418-20260818011418-00060.warc.gz	705045	cc payload verified; Document.iwa root type 1=TN.DocumentArchive; mime=
CC-MAIN-2026-34-cdx-00293-58	ed6894e99a78d916523919a8512e080ad557cf525aac70fc224058652b640f0f	numbers	numbers	https://www.simplicityhub.co.uk/templates/dmaic/measure/Sampling%20Plan.numbers	https://data.commoncrawl.org/crawl-data/CC-MAIN-2026-34/segments/1786091385205.8/warc/CC-MAIN-20260809063011-20260809093011-00053.warc.gz	723247	cc payload verified; Document.iwa root type 1=TN.DocumentArchive; mime=
CC-MAIN-2026-34-cdx-00293-61	2ab4cbe1cbbcc52624cc4046fff2b45a636d40664c5dee4e0e7abc6958da4985	numbers	numbers	https://www.simplicityhub.co.uk/templates/dmaic/measure/Value%20Stream%20Map.numbers	https://data.commoncrawl.org/crawl-data/CC-MAIN-2026-34/segments/1786091674763.85/warc/CC-MAIN-20260817221418-20260818011418-00115.warc.gz	772764	cc payload verified; Document.iwa root type 1=TN.DocumentArchive; mime=
CC-MAIN-2026-34-cdx-00293-62	0c44858f7ce5569f88b169bde58f36fe530b79a7c5d93d256cdf7c7f02cad7b7	numbers	numbers	https://www.simplicityhub.co.uk/templates/lean/flowandefficiency/Bottleneck%20Analysis.numbers	https://data.commoncrawl.org/crawl-data/CC-MAIN-2026-34/segments/1786091674763.85/warc/CC-MAIN-20260817221418-20260818011418-00046.warc.gz	707875	cc payload verified; Document.iwa root type 1=TN.DocumentArchive; mime=
CC-MAIN-2026-34-cdx-00293-63	05377030c6172f60c8965bd65f04a2450f811fe8cbc177aa50ad7d8b4235f1cf	numbers	numbers	https://www.simplicityhub.co.uk/templates/lean/flowandefficiency/Capacity%20Planning%20Sheet.numbers	https://data.commoncrawl.org/crawl-data/CC-MAIN-2026-34/segments/1786091385205.8/warc/CC-MAIN-20260809063011-20260809093011-00150.warc.gz	701924	cc payload verified; Document.iwa root type 1=TN.DocumentArchive; mime=
CC-MAIN-2026-34-cdx-00293-67	ed75bcbdf66370cc0278eb0473164fe2d6284b54a0712e62237c2b613abd0820	numbers	numbers	https://www.simplicityhub.co.uk/templates/lean/flowandefficiency/SimplicityHub-Wait-Time-Tracker.numbers	https://data.commoncrawl.org/crawl-data/CC-MAIN-2026-34/segments/1786091674763.85/warc/CC-MAIN-20260817221418-20260818011418-00843.warc.gz	688376	cc payload verified; Document.iwa root type 1=TN.DocumentArchive; mime=
CC-MAIN-2026-34-cdx-00293-64	7388ce16fb836b892fa89508f927b7d90b01d0f18bf59d3c0b3b14cca46bb2f3	numbers	numbers	https://www.simplicityhub.co.uk/templates/lean/flowandefficiency/Lead%20Time%20Calculator.numbers	https://data.commoncrawl.org/crawl-data/CC-MAIN-2026-34/segments/1786091674763.85/warc/CC-MAIN-20260817221418-20260818011418-00485.warc.gz	713094	cc payload verified; Document.iwa root type 1=TN.DocumentArchive; mime=
CC-MAIN-2026-34-cdx-00293-68	7ddbd39e198dd21e400b56daf73773cf5dc78a466a29276d44e8c84aa529cb78	numbers	numbers	https://www.simplicityhub.co.uk/templates/lean/flowandefficiency/Takt%20Time%20Calculator.numbers	https://data.commoncrawl.org/crawl-data/CC-MAIN-2026-34/segments/1786091385205.8/warc/CC-MAIN-20260809063011-20260809093011-00375.warc.gz	726532	cc payload verified; Document.iwa root type 1=TN.DocumentArchive; mime=
CC-MAIN-2026-34-cdx-00293-69	324155a2f626f4fdc5642abbf3b0e56cb8978a5c4e35d4d9ca745e93fe2737fd	numbers	numbers	https://www.simplicityhub.co.uk/templates/lean/flowandefficiency/Throughput%20Tracker.numbers	https://data.commoncrawl.org/crawl-data/CC-MAIN-2026-34/segments/1786091674763.85/warc/CC-MAIN-20260817221418-20260818011418-00011.warc.gz	707412	cc payload verified; Document.iwa root type 1=TN.DocumentArchive; mime=
CC-MAIN-2026-34-cdx-00293-65	3e2b41db2e9b75f218fa4922b3571b604f003fa136efb3ee23f53697be321305	numbers	numbers	https://www.simplicityhub.co.uk/templates/lean/flowandefficiency/SimplicityHub-Process-Flow-Checklist.numbers	https://data.commoncrawl.org/crawl-data/CC-MAIN-2026-34/segments/1786091674763.85/warc/CC-MAIN-20260817221418-20260818011418-00474.warc.gz	690206	cc payload verified; Document.iwa root type 1=TN.DocumentArchive; mime=
CC-MAIN-2026-34-cdx-00293-66	8aa39dd5b8c80841124e41287c8543cd21f9914962cae4b4f11bd807522adf20	numbers	numbers	https://www.simplicityhub.co.uk/templates/lean/flowandefficiency/SimplicityHub-Simple-Cycle-Time-Log.numbers	https://data.commoncrawl.org/crawl-data/CC-MAIN-2026-34/segments/1786091674763.85/warc/CC-MAIN-20260817221418-20260818011418-00897.warc.gz	702854	cc payload verified; Document.iwa root type 1=TN.DocumentArchive; mime=
CC-MAIN-2026-34-cdx-00293-70	086384d4a484942cd2eb2c90c51060ee3190ed744695619f008b27b74f5307c6	numbers	numbers	https://www.simplicityhub.co.uk/templates/lean/flowandefficiency/Workload%20Balancing%20Sheet.numbers	https://data.commoncrawl.org/crawl-data/CC-MAIN-2026-34/segments/1786091674763.85/warc/CC-MAIN-20260817221418-20260818011418-00973.warc.gz	718915	cc payload verified; Document.iwa root type 1=TN.DocumentArchive; mime=
CC-MAIN-2026-34-cdx-00293-73	6ed38769c7d88bd4caea46d148b13057eb2b1443acc30331cd504181cbabd70e	numbers	numbers	https://www.simplicityhub.co.uk/templates/lean/leanoperations/Continuous%20Improvement%20Log.numbers	https://data.commoncrawl.org/crawl-data/CC-MAIN-2026-34/segments/1786091674763.85/warc/CC-MAIN-20260817221418-20260818011418-00457.warc.gz	714182	cc payload verified; Document.iwa root type 1=TN.DocumentArchive; mime=
CC-MAIN-2026-34-cdx-00293-74	f0509ee0fbbeb9d32c2d32205f36c4dd038c0e9ffc29c9b4b2322f664715ea30	numbers	numbers	https://www.simplicityhub.co.uk/templates/lean/leanoperations/Daily%20Management%20Board.numbers	https://data.commoncrawl.org/crawl-data/CC-MAIN-2026-34/segments/1786091674763.85/warc/CC-MAIN-20260817221418-20260818011418-00550.warc.gz	721500	cc payload verified; Document.iwa root type 1=TN.DocumentArchive; mime=
CC-MAIN-2026-34-cdx-00293-71	8dde6d0c56e2fae7560c568017cecf95f3b1f68415559225aad7a9878858bbc1	numbers	numbers	https://www.simplicityhub.co.uk/templates/lean/leanoperations/5S%20Audit%20Sheet.numbers	https://data.commoncrawl.org/crawl-data/CC-MAIN-2026-34/segments/1786091674763.85/warc/CC-MAIN-20260817221418-20260818011418-00816.warc.gz	735851	cc payload verified; Document.iwa root type 1=TN.DocumentArchive; mime=
CC-MAIN-2026-34-cdx-00293-76	959f6567b145a8f641f60197397304badf56a884792239627a6ac0935410131a	numbers	numbers	https://www.simplicityhub.co.uk/templates/lean/leanoperations/Kaizen%20Event%20Planner.numbers	https://data.commoncrawl.org/crawl-data/CC-MAIN-2026-34/segments/1786091674763.85/warc/CC-MAIN-20260817221418-20260818011418-00772.warc.gz	721021	cc payload verified; Document.iwa root type 1=TN.DocumentArchive; mime=
CC-MAIN-2026-34-cdx-00293-77	ab6b40dd0cc1d4dda5dade2d712ee90c7cf444bce752fd6ae054119cac5af10f	numbers	numbers	https://www.simplicityhub.co.uk/templates/lean/leanoperations/Process%20Observation%20Sheet.numbers	https://data.commoncrawl.org/crawl-data/CC-MAIN-2026-34/segments/1786091674763.85/warc/CC-MAIN-20260817221418-20260818011418-00270.warc.gz	702753	cc payload verified; Document.iwa root type 1=TN.DocumentArchive; mime=
CC-MAIN-2026-34-cdx-00293-72	df531b8b5736915bcd465143dc18bd6c2e68e8d7f4a4e743944b5c9a1fde57dc	numbers	numbers	https://www.simplicityhub.co.uk/templates/lean/leanoperations/8%20Wastes%20Assessment.numbers	https://data.commoncrawl.org/crawl-data/CC-MAIN-2026-34/segments/1786091674763.85/warc/CC-MAIN-20260817221418-20260818011418-00235.warc.gz	704646	cc payload verified; Document.iwa root type 1=TN.DocumentArchive; mime=
CC-MAIN-2026-34-cdx-00293-78	0c27b930c58a4cf9c399ea8f99d019d7dec021864a246d9c256863d0b69402af	numbers	numbers	https://www.simplicityhub.co.uk/templates/lean/leanoperations/Standard%20Work%20Template.numbers	https://data.commoncrawl.org/crawl-data/CC-MAIN-2026-34/segments/1786091674763.85/warc/CC-MAIN-20260817221418-20260818011418-00604.warc.gz	715854	cc payload verified; Document.iwa root type 1=TN.DocumentArchive; mime=
CC-MAIN-2026-34-cdx-00293-75	295364ef4b7838acaad1b2f234544ae88ec9c86ac109e62b8f66985edb97290b	numbers	numbers	https://www.simplicityhub.co.uk/templates/lean/leanoperations/Gemba%20Walk%20Checklist.numbers	https://data.commoncrawl.org/crawl-data/CC-MAIN-2026-34/segments/1786091674763.85/warc/CC-MAIN-20260817221418-20260818011418-00199.warc.gz	719829	cc payload verified; Document.iwa root type 1=TN.DocumentArchive; mime=
CC-MAIN-2026-34-cdx-00293-79	ce1ce438550966bc73003017c9abf1bbda34fdd40d4df3a005764893ec2f2087	numbers	numbers	https://www.simplicityhub.co.uk/templates/lean/leanoperations/Visual%20Management%20Board.numbers	https://data.commoncrawl.org/crawl-data/CC-MAIN-2026-34/segments/1786091674763.85/warc/CC-MAIN-20260817221418-20260818011418-00635.warc.gz	714395	cc payload verified; Document.iwa root type 1=TN.DocumentArchive; mime=
CC-MAIN-2026-34-cdx-00293-80	997b60d1b9874c9eda7db8a327c283d9dff81d8cdc8773580100e797c74d0172	numbers	numbers	https://www.simplicityhub.co.uk/templates/lean/leanoperations/Waste%20Identification%20Checklist.numbers	https://data.commoncrawl.org/crawl-data/CC-MAIN-2026-34/segments/1786091674763.85/warc/CC-MAIN-20260817221418-20260818011418-00064.warc.gz	709959	cc payload verified; Document.iwa root type 1=TN.DocumentArchive; mime=
CC-MAIN-2026-34-cdx-00293-83	f45c7610991087ff6e0c23b12fc77b340fbe75b67de11edf8c3dac19a68951ca	legacy	legacy-unknown	http://www.victoriahaydenpilates.co.uk/wp-content/uploads/2015/04/Breastfeeding-Article.pages	https://data.commoncrawl.org/crawl-data/CC-MAIN-2026-34/segments/1786091385858.80/warc/CC-MAIN-20260815181639-20260815211639-00030.warc.gz	158781	cc payload verified; legacy bundle: members=['index.xml'] (pre-iWork-13); mime=
CC-MAIN-2026-34-cdx-00293-82	4f9c2bbd034934a5b37920b9a35b84cddaba856f6ab70780052f7d08a7893d2a	key	keynote	https://stween.co.uk/talks/20200610-sdstrowes-2a10.key	https://data.commoncrawl.org/crawl-data/CC-MAIN-2026-34/segments/1786091385301.19/warc/CC-MAIN-20260810004910-20260810034910-00405.warc.gz	3724568	cc payload verified; slide iwa present (Index/MasterSlide-8479.iwa); root type 1; mime=
CC-MAIN-2026-34-cdx-00006-1	d4a2380d544127a39bc0a526a6c6be3391d57c5d6fbcdd0be2927507e7b62de4	key	keynote	https://www.atnf.csiro.au/research/colearnia/public/20230223_AnitaPetzler.key	https://data.commoncrawl.org/crawl-data/CC-MAIN-2026-34/segments/1786091674238.48/warc/CC-MAIN-20260817191046-20260817221046-00889.warc.gz	2141387	cc payload verified; slide iwa present (Index/Slide-2644420.iwa); root type 1; mime=
CC-MAIN-2026-34-cdx-00006-4	efbed96fa653f73142e504d226dde08f94d46ecea4553b0849e90f9f4e525918	numbers	numbers	http://www.2bobradio.org.au/uploads/5/1/7/2/5172313/lafs_playlist_03-06-2024.numbers	https://data.commoncrawl.org/crawl-data/CC-MAIN-2026-34/segments/1786091385710.35/warc/CC-MAIN-20260814114419-20260814144419-00807.warc.gz	130544	cc payload verified; Document.iwa root type 1=TN.DocumentArchive; mime=
CC-MAIN-2026-34-cdx-00006-5	6d101a3edf78116ded45debe460492eec59e7af43f61b25d7cd637a0ceb83196	numbers	numbers	http://www.2bobradio.org.au/uploads/5/1/7/2/5172313/lafs_playlist_23-09-2024.numbers	https://data.commoncrawl.org/crawl-data/CC-MAIN-2026-34/segments/1786091385710.35/warc/CC-MAIN-20260814114419-20260814144419-00874.warc.gz	104203	cc payload verified; Document.iwa root type 1=TN.DocumentArchive; mime=
CC-MAIN-2026-34-cdx-00022-1	8776b5f708ebdc68d092c5dd66a1b953be77988e46ae4860bc74c4b9b9eb2788	pages	pages	https://www.acdm.club/wp-content/uploads/2018/10/inscripcion-ACDM-OFICIAL-copia.pages	https://data.commoncrawl.org/crawl-data/CC-MAIN-2026-34/segments/1786091385184.15/warc/CC-MAIN-20260808182008-20260808212008-00210.warc.gz	878834	cc payload verified; Document.iwa root type 10000=TP.DocumentArchive; mime=
CC-MAIN-2026-34-cdx-00054-1	f5e4ca1a8164009ca59201353ef66603162beebb18cd41ba9a05f8b342b4446f	pages	pages	https://www.colabellahair.com/wp-content/uploads/2019/04/privacy-policy.pages	https://data.commoncrawl.org/crawl-data/CC-MAIN-2026-34/segments/1786091680284.93/warc/CC-MAIN-20260819043921-20260819073921-00786.warc.gz	303789	cc payload verified; Document.iwa root type 10000=TP.DocumentArchive; mime=
CC-MAIN-2026-34-cdx-00070-1	d77a0aa0c0226534ca53b95a134976ea77d89aeed873934c27d4743103389cca	legacy	legacy-unknown	https://freeiworktemplates.com/wp-content/uploads/2012/10/Address-Labels-14up_ios.pages	https://data.commoncrawl.org/crawl-data/CC-MAIN-2026-34/segments/1786091385543.75/warc/CC-MAIN-20260812230232-20260813020232-00737.warc.gz	32279	cc payload verified; legacy bundle: members=['index.xml'] (pre-iWork-13); mime=
CC-MAIN-2026-34-cdx-00293-81	26a356dc86512b2985c76ac62bf7dead579088d5a4d5496e6df6bf11c6871189	pages	pages	https://www.strokeinformation.co.uk/wp-content/uploads/2026/06/Jun_Jul26.pages	https://data.commoncrawl.org/crawl-data/CC-MAIN-2026-34/segments/1786091680254.99/warc/CC-MAIN-20260819013647-20260819043647-00092.warc.gz	9867209	origin refetch (cc incomplete: truncated=True digest_ok=True zip_ok=False); Document.iwa root type 10000=TP.DocumentArchive; mime=
CC-MAIN-2026-34-cdx-00070-2	ec3d370189bec1fcb6155a2988a3d8d442ead11301d7c09a04423d91ee939b46	legacy	legacy-unknown	https://freeiworktemplates.com/wp-content/uploads/2013/06/2014-monthly-calendar_ios.numbers	https://data.commoncrawl.org/crawl-data/CC-MAIN-2026-34/segments/1786091385543.75/warc/CC-MAIN-20260812230232-20260813020232-00196.warc.gz	1015095	cc payload verified; legacy bundle: members=['index.xml'] (pre-iWork-13); mime=
CC-MAIN-2026-34-cdx-00086-2	b9433801e3ae10dd21084e1a9359350859288bc49b493b343c40c72e0ea3ad3b	pages	pages	https://www.joeygrilloentertainment.com/wp-content/uploads/2026/07/Set-list.pages	https://data.commoncrawl.org/crawl-data/CC-MAIN-2026-34/segments/1786091385610.33/warc/CC-MAIN-20260813233259-20260814023259-00660.warc.gz	112761	cc payload verified; Document.iwa root type 10000=TP.DocumentArchive; mime=
CC-MAIN-2026-34-cdx-00086-1	6a650f8bd2927de151f9646e0cdd6e2dc59f9f0b03230723f87f643d2b9925d0	pages	pages	https://www.joeygrilloentertainment.com/wp-content/uploads/2026/07/Set-List.pages	https://data.commoncrawl.org/crawl-data/CC-MAIN-2026-34/segments/1786091385610.33/warc/CC-MAIN-20260813233259-20260814023259-00876.warc.gz	111475	cc payload verified; Document.iwa root type 10000=TP.DocumentArchive; mime=
CC-MAIN-2026-34-cdx-00134-1	7184def5824b86a780a52eee0625ca8675ee902695948bff1c508f33e746fa6d	pages	pages	https://tarirouk.com/wp-content/uploads/2023/11/Example-Codicil.pages	https://data.commoncrawl.org/crawl-data/CC-MAIN-2026-34/segments/1786091385010.77/warc/CC-MAIN-20260807175542-20260807205542-00815.warc.gz	727328	cc payload verified; Document.iwa root type 10000=TP.DocumentArchive; mime=
CC-MAIN-2026-34-cdx-00150-1	9cd3036a0fdc01a7eb52018f118b0aca98f8b8cd6a824b86921ccd66f0e43506	pages	pages	https://www.ydwords.com/wp/wp-content/uploads/2023/10/Invoice.pages	https://data.commoncrawl.org/crawl-data/CC-MAIN-2026-34/segments/1786091385622.16/warc/CC-MAIN-20260814023636-20260814053636-00453.warc.gz	687727	cc payload verified; Document.iwa root type 10000=TP.DocumentArchive; mime=
CC-MAIN-2026-34-cdx-00182-1	7dfa93a28e0fefdb817fd5fe5fb74c0807db5541c2db2af513ea98e3a6f3fc58	pages	pages	https://breizh06.fr/COV/COV__etudes%20italienne%20coreenne%20japonaise%20cancers.pages	https://data.commoncrawl.org/crawl-data/CC-MAIN-2026-34/segments/1786091681394.92/warc/CC-MAIN-20260819164830-20260819194830-00987.warc.gz	1796153	cc payload verified; Document.iwa root type 10000=TP.DocumentArchive; mime=
CC-MAIN-2026-34-cdx-00182-2	da808c9c006c2f1975b87ac5a495dd67af8d8ac3a2569c2711128ca5301529cc	pages	pages	https://cdntours.fr/sites/cdnt/files/2025-12/fiche_de_renseignements.pages	https://data.commoncrawl.org/crawl-data/CC-MAIN-2026-34/segments/1786091385582.55/warc/CC-MAIN-20260813142326-20260813172326-00169.warc.gz	159252	cc payload verified; Document.iwa root type 10000=TP.DocumentArchive; mime=
CC-MAIN-2026-34-cdx-00182-3	d9fb87eb35286de3e6b416ab918e9ce43d18f236413212113039d1a52a91e76b	pages	pages	https://cdntours.fr/sites/cdnt/files/2025-12/questionnaire.pages	https://data.commoncrawl.org/crawl-data/CC-MAIN-2026-34/segments/1786091385582.55/warc/CC-MAIN-20260813142326-20260813172326-00381.warc.gz	214707	cc payload verified; Document.iwa root type 10000=TP.DocumentArchive; mime=
CC-MAIN-2026-34-cdx-00006-2	3e1898e78a8340d669935310998e1d7355885632019abba9d58739ca9f1fd82e	key	keynote	https://www.atnf.csiro.au/research/colearnia/public/20230323_AnitaPetzler.key	https://data.commoncrawl.org/crawl-data/CC-MAIN-2026-34/segments/1786091680806.87/warc/CC-MAIN-20260819134558-20260819164558-00664.warc.gz	5277059	origin refetch (cc incomplete: truncated=True digest_ok=True zip_ok=False); slide iwa present (Index/Slide-2644420.iwa); root type 1; mime=
CC-MAIN-2026-34-cdx-00182-6	420cfeda8a2458725f4e42ab0489073e123351fb5d443cccdff142e3597bdd0e	pages	pages	https://coursbtsam.fr/wp-content/uploads/2019/07/fiche-vierge-E5.pages	https://data.commoncrawl.org/crawl-data/CC-MAIN-2026-34/segments/1786091385187.51/warc/CC-MAIN-20260808212239-20260809002239-00615.warc.gz	721646	cc payload verified; Document.iwa root type 10000=TP.DocumentArchive; mime=
CC-MAIN-2026-34-cdx-00006-3	0ddd627bd6f81479058a41c52ce956651960bb9bf7aa77b2e743c09038d27058	key	keynote	https://www.atnf.csiro.au/research/colearnia/public/20230330_AnitaPetzler.key	https://data.commoncrawl.org/crawl-data/CC-MAIN-2026-34/segments/1786091674238.48/warc/CC-MAIN-20260817191046-20260817221046-00204.warc.gz	7107596	origin refetch (cc incomplete: truncated=True digest_ok=True zip_ok=False); slide iwa present (Index/Slide-2644420.iwa); root type 1; mime=
CC-MAIN-2026-34-cdx-00198-2	78f939e49f4a08b5db5808a2e05f3c46c9b3b5963ea530cfed0ff56ba3e8b405	key	keynote	https://kcsrk.info/slides/fides_wg28.key	https://data.commoncrawl.org/crawl-data/CC-MAIN-2026-34/segments/1786091385381.39/warc/CC-MAIN-20260810190756-20260810220756-00301.warc.gz	4220237	cc payload verified; slide iwa present (Index/Slide-2652150.iwa); root type 1; mime=
CC-MAIN-2026-34-cdx-00182-5	44ecb10118d691b60d48aa2e4eb54e11c2627a573da2078d49862af45b2f4dfb	legacy	legacy-unknown	https://igor-kortchemski.perso.math.cnrs.fr/slides/attachment.key	https://data.commoncrawl.org/crawl-data/CC-MAIN-2026-34/segments/1786091385738.18/warc/CC-MAIN-20260814144954-20260814174954-00203.warc.gz	36932575	origin refetch (cc incomplete: truncated=True digest_ok=True zip_ok=False); legacy bundle: members=['index.apxl'] (pre-iWork-13); mime=
CC-MAIN-2026-34-cdx-00198-1	3c844ac16fa2f0abceaf0d5de44904411bcfdf70b339d7322c7d264f406ee593	key	keynote	https://kcsrk.info/slides/certified_mrdts_nl.key	https://data.commoncrawl.org/crawl-data/CC-MAIN-2026-34/segments/1786091385381.39/warc/CC-MAIN-20260810190756-20260810220756-00342.warc.gz	29446630	origin refetch (cc incomplete: truncated=True digest_ok=True zip_ok=False); slide iwa present (Index/Slide-3800.iwa); root type 1; mime=
CC-MAIN-2026-34-cdx-00198-4	121be18d1147494c238f0d3fa6b9ded5a8d4f9575b8b59c20c87e6c02672ec4e	key	keynote	https://kcsrk.info/slides/nus_effects.key	https://data.commoncrawl.org/crawl-data/CC-MAIN-2026-34/segments/1786091385381.39/warc/CC-MAIN-20260810190756-20260810220756-00018.warc.gz	5221381	cc payload verified; slide iwa present (Index/MasterSlide-3625.iwa); root type 1; mime=
CC-MAIN-2026-34-cdx-00198-7	e28a24b412a4e126afe38027a18e204223c9369bd81e3d5b129c7112d0eab328	key	keynote	https://kcsrk.info/slides/reagents_edinburgh.key	https://data.commoncrawl.org/crawl-data/CC-MAIN-2026-34/segments/1786091385381.39/warc/CC-MAIN-20260810190756-20260810220756-00845.warc.gz	4043535	cc payload verified; slide iwa present (Index/MasterSlide-574093.iwa); root type 1; mime=
CC-MAIN-2026-34-cdx-00198-3	bf604c9e5b3ca31f44f3b1f2f06cdcb92da71322bd519b3b1f2dc3c8f748b511	key	keynote	https://kcsrk.info/slides/multicore_tezos.key	https://data.commoncrawl.org/crawl-data/CC-MAIN-2026-34/segments/1786091385381.39/warc/CC-MAIN-20260810190756-20260810220756-00761.warc.gz	102428394	origin refetch (cc incomplete: truncated=True digest_ok=True zip_ok=False); slide iwa present (Index/MasterSlide-3625.iwa); root type 1; mime=
CC-MAIN-2026-34-cdx-00198-8	e6673433ec32428cf640b84142ed852c74614adb7127c9c05292d33cada462ba	pages	pages	http://www.optimalperformance.info/uploads/6/3/1/3/63137663/website_v2_mental_rehearsal.pages	https://data.commoncrawl.org/crawl-data/CC-MAIN-2026-34/segments/1786091385836.20/warc/CC-MAIN-20260815120940-20260815150940-00629.warc.gz	771420	cc payload verified; Document.iwa root type 10000=TP.DocumentArchive; mime=
CC-MAIN-2026-34-cdx-00198-9	fec299f8f0e10360fdde09cc6e8e93fd1e3ededa4e6f9bac963c8f1770453f8d	pages	pages	http://archiviocanto.pigozzi.info/wp-content/uploads/2015/05/Ultima-rassegna-stampa.pages	https://data.commoncrawl.org/crawl-data/CC-MAIN-2026-34/segments/1786091385439.63/warc/CC-MAIN-20260811223931-20260812013931-00014.warc.gz	251267	cc payload verified; Document.iwa root type 10000=TP.DocumentArchive; mime=
CC-MAIN-2026-34-cdx-00198-5	b516acd262a55770cf2143b5383159024b585c276b318b56c65a4926b2642899	key	keynote	https://kcsrk.info/slides/RDT_verification_Lean_IISc.key	https://data.commoncrawl.org/crawl-data/CC-MAIN-2026-34/segments/1786091385381.39/warc/CC-MAIN-20260810190756-20260810220756-00073.warc.gz	46101542	origin refetch (cc incomplete: truncated=True digest_ok=True zip_ok=False); slide iwa present (Index/Slide-4811863.iwa); root type 1; mime=
CC-MAIN-2026-34-cdx-00198-12	dc3dc072c8971305e7f626509e9dc1e0bce7c1260f0d9da18ffb8c94ba5a2e87	numbers	numbers	https://celebrant.institute/wp-content/uploads/2021/07/Price-increase-by-10-spreadsheet.numbers	https://data.commoncrawl.org/crawl-data/CC-MAIN-2026-34/segments/1786091675778.67/warc/CC-MAIN-20260818011649-20260818041649-00362.warc.gz	168205	cc payload verified; Document.iwa root type 1=TN.DocumentArchive; mime=
CC-MAIN-2026-34-cdx-00198-10	6dbe87e0ee2203900ef902ee3b2f74f261a3f0316997f44be666933598367a48	key	keynote	https://matija.pretnar.info/talks/2020-01-bezigrad.key	https://data.commoncrawl.org/crawl-data/CC-MAIN-2026-34/segments/1786091385553.12/warc/CC-MAIN-20260813050936-20260813080936-00583.warc.gz	10428890	origin refetch (cc incomplete: truncated=True digest_ok=True zip_ok=False); slide iwa present (Index/MasterSlide-16.iwa); root type 1; mime=
CC-MAIN-2026-34-cdx-00198-11	ace0ab1aec410eb9f692a87995e3ff8517e4bcdc26f51583da07a273b4ca9f2d	key	keynote	https://matija.pretnar.info/talks/2024-04-neustadt.key	https://data.commoncrawl.org/crawl-data/CC-MAIN-2026-34/segments/1786091385553.12/warc/CC-MAIN-20260813050936-20260813080936-00882.warc.gz	27264133	origin refetch (cc incomplete: truncated=True digest_ok=True zip_ok=False); slide iwa present (Index/Slide-5415918-2.iwa); root type 1; mime=
CC-MAIN-2026-34-cdx-00246-3	eb2a7cde90d6b0fcddbd09efa706523049a46322c8bd800de100915f01d4ee7f	pages	pages	https://paadopt.org/wp-content/uploads/2025/08/Making-Meaning-with-and-through-Writing-ISancak-Marusa-20250728-MWT.pages	https://data.commoncrawl.org/crawl-data/CC-MAIN-2026-34/segments/1786091385710.35/warc/CC-MAIN-20260814114419-20260814144419-00072.warc.gz	2911589	cc payload verified; Document.iwa root type 10000=TP.DocumentArchive; mime=
CC-MAIN-2026-34-cdx-00246-4	337042f97055c0396719d7a006767974a9affbebf217362cf325aac8b972cac2	pages	pages	https://parkcityreads.org/wp-content/uploads/2016/06/Book-List-Copy-PDF.pages	https://data.commoncrawl.org/crawl-data/CC-MAIN-2026-34/segments/1786091385311.32/warc/CC-MAIN-20260810035143-20260810065143-00446.warc.gz	589152	cc payload verified; Document.iwa root type 10000=TP.DocumentArchive; mime=
CC-MAIN-2026-34-cdx-00198-13	e6e052eaf7f6a38b1fa3b9402378d60b4652ab6c6333313ef393e3cd0b872f02	legacy	legacy-unknown	https://www.cosmos.esa.int/documents/332006/744654/AMartinCarrillo_t.key	https://data.commoncrawl.org/crawl-data/CC-MAIN-2026-34/segments/1786091385801.49/warc/CC-MAIN-20260815030115-20260815060115-00537.warc.gz	6749708	origin refetch (cc incomplete: truncated=True digest_ok=True zip_ok=False); legacy bundle: members=['index.apxl'] (pre-iWork-13); mime=
CC-MAIN-2026-34-cdx-00246-13	946703639cc3ae552a1891540fe4068d19d0d41f48082d9b2986601185e3f823	legacy	legacy-unknown	https://positiveaction.org/media/documents/Growing_Hope.key	https://data.commoncrawl.org/crawl-data/CC-MAIN-2026-34/segments/1786091385757.91/warc/CC-MAIN-20260814205606-20260814235606-00521.warc.gz	4807302	cc payload verified; legacy bundle: members=['index.apxl'] (pre-iWork-13); mime=
CC-MAIN-2026-34-cdx-00198-15	9dc5355b900e5a21f12831de9bd48f8da43d4e38ad4234442ddef308d31c0f6d	legacy	legacy-unknown	https://www.cosmos.esa.int/documents/332006/744654/PKavanagh_t.key	https://data.commoncrawl.org/crawl-data/CC-MAIN-2026-34/segments/1786091674238.48/warc/CC-MAIN-20260817191046-20260817221046-00742.warc.gz	7419826	origin refetch (cc incomplete: truncated=True digest_ok=True zip_ok=False); legacy bundle: members=['index.apxl'] (pre-iWork-13); mime=
CC-MAIN-2026-34-cdx-00246-15	1a7bf9cec0362a9ce1ac3dbe0b51d36e8eff92431b6a3d34fc68fecbbc298744	legacy	legacy-unknown	https://positiveaction.org/media/documents/MKMG_-_Presentations_Key09.key	https://data.commoncrawl.org/crawl-data/CC-MAIN-2026-34/segments/1786091385757.91/warc/CC-MAIN-20260814205606-20260814235606-00062.warc.gz	3294364	cc payload verified; legacy bundle: members=['index.apxl'] (pre-iWork-13); mime=
CC-MAIN-2026-34-cdx-00246-12	d92cef118c402eaef9868af390a742ba254d31fd2808d1330a4669de302ab682	key	keynote	https://positiveaction.org/media/documents/good-news-slides.key	https://data.commoncrawl.org/crawl-data/CC-MAIN-2026-34/segments/1786091385757.91/warc/CC-MAIN-20260814205606-20260814235606-00697.warc.gz	51710698	origin refetch (cc incomplete: truncated=True digest_ok=True zip_ok=False); slide iwa present (Index/Slide-682-2.iwa); root type 1; mime=
CC-MAIN-2026-34-cdx-00246-14	51d704ecc7afe51faa816e071aca9df6f0c2bebfdf3eb01f386cd16e4d36a870	key	keynote	https://positiveaction.org/media/documents/Lectures_-_Teach_Us_to_Pray.key	https://data.commoncrawl.org/crawl-data/CC-MAIN-2026-34/segments/1786091385757.91/warc/CC-MAIN-20260814205606-20260814235606-00048.warc.gz	11692736	origin refetch (cc incomplete: truncated=True digest_ok=True zip_ok=False); slide iwa present (Index/Slide-569-2.iwa); root type 1; mime=
CC-MAIN-2026-34-cdx-00246-17	1a74c319eb3dea565cd2d7f381b9aab73c6b5905dea14e3311777a079c58ad82	legacy	legacy-unknown	https://positiveaction.org/media/documents/Personal_Responsibility.key	https://data.commoncrawl.org/crawl-data/CC-MAIN-2026-34/segments/1786091385757.91/warc/CC-MAIN-20260814205606-20260814235606-00706.warc.gz	4007634	cc payload verified; legacy bundle: members=['index.apxl'] (pre-iWork-13); mime=
CC-MAIN-2026-34-cdx-00246-18	3015551efe5689f2fe6da75c12498dff90437d26b243f2cf6184ee046e24d469	legacy	legacy-unknown	https://positiveaction.org/media/documents/Worshiping_Together.key	https://data.commoncrawl.org/crawl-data/CC-MAIN-2026-34/segments/1786091385757.91/warc/CC-MAIN-20260814205606-20260814235606-00418.warc.gz	2628829	cc payload verified; legacy bundle: members=['index.apxl'] (pre-iWork-13); mime=
CC-MAIN-2026-34-cdx-00246-16	28647c2f31a8f792641268ed8a8a6dd1411bb82e611cd96f8b9d2ed4a2f7cac1	legacy	legacy-unknown	https://positiveaction.org/media/documents/Peer_Pressure.key	https://data.commoncrawl.org/crawl-data/CC-MAIN-2026-34/segments/1786091385757.91/warc/CC-MAIN-20260814205606-20260814235606-00471.warc.gz	4441249	cc payload verified; legacy bundle: members=['index.apxl'] (pre-iWork-13); mime=
CC-MAIN-2026-34-cdx-00246-20	2a4c5742bb88c0287e8c9c8e3b1da7a403d897095c68d8eb861e7c1f7da52b5e	key	keynote	https://www.pre-trib.org/images/2022_Conference/2022-Pre-Trib-Kinley-Priority_of_Prophetic_Truth-Slides.key	https://data.commoncrawl.org/crawl-data/CC-MAIN-2026-34/segments/1786091385322.54/warc/CC-MAIN-20260810065506-20260810095506-00347.warc.gz	2376679	cc payload verified; slide iwa present (Index/Slide-2644420.iwa); root type 1; mime=
CC-MAIN-2026-34-cdx-00246-19	9d73823b3808c70edb4ab05f2683486df366a922ca7a7e7793502ba961be9766	key	keynote	https://www.pre-trib.org/images/2018_Conference/Johannes_Vogel-From_Hate_to_Love-slides.key	https://data.commoncrawl.org/crawl-data/CC-MAIN-2026-34/segments/1786091385840.37/warc/CC-MAIN-20260815151410-20260815181410-00190.warc.gz	26528085	origin refetch (cc incomplete: truncated=True digest_ok=True zip_ok=False); slide iwa present (Index/MasterSlide.iwa); root type 1; mime=
CC-MAIN-2026-34-cdx-00198-14	fceea7b96fa445aa01b0ca3d6065021c83ecb0a8cb5c6c270f2b5582e80c2c72	legacy	legacy-unknown	https://www.cosmos.esa.int/documents/332006/744654/BLehmer_t.key	https://data.commoncrawl.org/crawl-data/CC-MAIN-2026-34/segments/1786091677690.83/warc/CC-MAIN-20260818102432-20260818132432-00190.warc.gz	24806769	origin refetch (cc incomplete: truncated=True digest_ok=True zip_ok=False); legacy bundle: members=['index.apxl'] (pre-iWork-13); mime=
CC-MAIN-2026-34-cdx-00246-21	944a26edd2323c55d11dfbeaa4d6cc01daa35bc9a175acadc9fc93b50eb9b15c	key	keynote	https://www.pre-trib.org/images/2023_Conference/2023-Pre-Trib-Randolph-Future-Oriented_Prophecies_in_Hosea.key	https://data.commoncrawl.org/crawl-data/CC-MAIN-2026-34/segments/1786091385840.37/warc/CC-MAIN-20260815151410-20260815181410-00821.warc.gz	4090302	cc payload verified; slide iwa present (Index/Slide-2644420.iwa); root type 1; mime=
CC-MAIN-2026-34-cdx-00278-3	8403ff4f25dd00091890cd62f4406bc1b2120bff01ebaeace83931355e606021	pages	pages	https://xn--magasinsgatansvnner-uwb.se/wp-content/uploads/2022/02/Magasinsgatan-9-fastighetsbeskrivning.pages	https://data.commoncrawl.org/crawl-data/CC-MAIN-2026-34/segments/1786091385196.13/warc/CC-MAIN-20260809032740-20260809062740-00884.warc.gz	819238	cc payload verified; Document.iwa root type 10000=TP.DocumentArchive; mime=
CC-MAIN-2026-34-cdx-00294-1	ecec4cfeb38aa1441f70aca4cb4167657ca09461174c9bbf4feed63bf63a2369	pages	pages	https://www.wsra.co.uk/wp-content/uploads/Environment-and-Sustainability-Policy-All-Servces-Anchor-Hanover-1.pages	https://data.commoncrawl.org/crawl-data/CC-MAIN-2026-34/segments/1786091385546.31/warc/CC-MAIN-20260813020609-20260813050609-00058.warc.gz	733529	cc payload verified; Document.iwa root type 10000=TP.DocumentArchive; mime=
CC-MAIN-2026-34-cdx-00294-3	fcb2c1c1c3cda9d73aa3d9f1a61143afe79a52111305d7104abbbed24bd007ec	numbers	numbers	https://www.enveloperoom.org.uk/uploads/2/2/8/6/22863594/year_2020_tracker_template.numbers	https://data.commoncrawl.org/crawl-data/CC-MAIN-2026-34/segments/1786091385148.14/warc/CC-MAIN-20260808060658-20260808090658-00992.warc.gz	283153	cc payload verified; Document.iwa root type 1=TN.DocumentArchive; mime=
CC-MAIN-2026-34-cdx-00294-2	6a8fc1809d35e0eaca48c1ae48535013b2f92dbd9343704dc89a188067e5b2cb	pages	pages	https://www.cumberland.gov.uk/sites/default/files/2024-08/community_right_to_challenge_-_expressions_of_interest_form.pages	https://data.commoncrawl.org/crawl-data/CC-MAIN-2026-34/segments/1786091385689.11/warc/CC-MAIN-20260814053915-20260814083915-00016.warc.gz	848771	cc payload verified; Document.iwa root type 10000=TP.DocumentArchive; mime=
CC-MAIN-2026-34-cdx-00278-1	1d7f6e543f7e585415f32a3e5c643ed14cf7fbd36234eb856cfcd7ce7caaca1b	pages	pages	https://swess.se/wp-content/uploads/80mm-BLIKK-PDF.pages	https://data.commoncrawl.org/crawl-data/CC-MAIN-2026-34/segments/1786091385223.27/warc/CC-MAIN-20260809093337-20260809123337-00612.warc.gz	10459485	origin refetch (cc incomplete: truncated=True digest_ok=True zip_ok=False); Document.iwa root type 10000=TP.DocumentArchive; mime=
CC-MAIN-2026-34-cdx-00278-2	ec87efdb797302f7109e115f6c7af6029a1f79f8247797b1bc28e7d63ca444bd	pages	pages	https://swess.se/wp-content/uploads/KDS-BLIKK-PDF.pages	https://data.commoncrawl.org/crawl-data/CC-MAIN-2026-34/segments/1786091385223.27/warc/CC-MAIN-20260809093337-20260809123337-00496.warc.gz	8548653	origin refetch (cc incomplete: truncated=True digest_ok=True zip_ok=False); Document.iwa root type 10000=TP.DocumentArchive; mime=
CC-MAIN-2026-34-cdx-00294-5	a650c831e3ecc3d1bbb4a16c5fd7f8df82047187cf5b2f173f00b4b500c35f3a	legacy	legacy-unknown	https://foepembrokeshire.org.uk/pr/Proposed_Power_Station.pages	https://data.commoncrawl.org/crawl-data/CC-MAIN-2026-34/segments/1786091385254.10/warc/CC-MAIN-20260809154047-20260809184047-00897.warc.gz	108807	cc payload verified; legacy bundle: members=['index.xml'] (pre-iWork-13); mime=
CC-MAIN-2026-34-cdx-00007-5	27357f75e1ab7073ff762b0b170e2ffc500145de1c6bc9dc72e5cf710b2dc587	legacy	legacy-unknown	https://www.positiveaction.org.au/media/documents/RD_Classroom_Presentations.key	https://data.commoncrawl.org/crawl-data/CC-MAIN-2026-34/segments/1786091673393.86/warc/CC-MAIN-20260817160715-20260817190715-00596.warc.gz	2640610	cc payload verified; legacy bundle: members=['index.apxl'] (pre-iWork-13); mime=
CC-MAIN-2026-34-cdx-00294-4	4b136284cbd36b307b7f537f2bf93c9e6dbbc085d91d374c450b4719e8aeb555	pages	pages	https://foepembrokeshire.org.uk/pr/PFN_launch_Press_Release_9_May_2018.pages	https://data.commoncrawl.org/crawl-data/CC-MAIN-2026-34/segments/1786091385254.10/warc/CC-MAIN-20260809154047-20260809184047-00186.warc.gz	803503	cc payload verified; Document.iwa root type 10000=TP.DocumentArchive; mime=
CC-MAIN-2026-34-cdx-00007-7	77540cb4f55e8d5dd1362203d62a96d280686c1d2fe976cc4bcf87b4e9307af6	pages	pages	https://vcc.org.au/wp-content/uploads/2022/05/2022-WDP-Vic-Committee-Report-to-VCC.pages	https://data.commoncrawl.org/crawl-data/CC-MAIN-2026-34/segments/1786091385961.45/warc/CC-MAIN-20260816093115-20260816123115-00844.warc.gz	1038688	cc payload verified; Document.iwa root type 10000=TP.DocumentArchive; mime=
CC-MAIN-2026-34-cdx-00007-4	3cc8202ee86aa4530c948de0dca7eecd164666a48f8e4b4357c448196b8159ed	legacy	legacy-unknown	https://positiveaction.org.au/media/documents/Holiness_and_Honor_09.key	https://data.commoncrawl.org/crawl-data/CC-MAIN-2026-34/segments/1786091679845.84/warc/CC-MAIN-20260818223410-20260819013410-00007.warc.gz	870603	cc payload verified; legacy bundle: members=['index.apxl'] (pre-iWork-13); mime=
CC-MAIN-2026-34-cdx-00007-8	4e1ccb24dd6ce18f3edebc210de95156bebe9b40aa1f10c83dfb22eb4352457f	pages	pages	https://vcc.org.au/wp-content/uploads/2022/05/VCC-2021-AGM-Minutes.pages	https://data.commoncrawl.org/crawl-data/CC-MAIN-2026-34/segments/1786091385961.45/warc/CC-MAIN-20260816093115-20260816123115-00821.warc.gz	972387	cc payload verified; Document.iwa root type 10000=TP.DocumentArchive; mime=
CC-MAIN-2026-34-cdx-00007-10	eb25e763b62fc7cf13ca0d603006cc9f92cd77494e4cdf59d8f7683bc922706e	numbers	numbers	https://adl-security.be/wp-content/uploads/2023/01/subscribersListVISION-1.numbers	https://data.commoncrawl.org/crawl-data/CC-MAIN-2026-34/segments/1786091674238.48/warc/CC-MAIN-20260817191046-20260817221046-00294.warc.gz	371582	cc payload verified; Document.iwa root type 1=TN.DocumentArchive; mime=
CC-MAIN-2026-34-cdx-00007-6	8d144722ea008e064b9f9efa8b0e01f55fa22bf8e0608354350b5c013bad6b96	legacy	legacy-unknown	https://www.positiveaction.org.au/media/documents/Wholly_Holy_-_Presentation_Key09.key	https://data.commoncrawl.org/crawl-data/CC-MAIN-2026-34/segments/1786091673393.86/warc/CC-MAIN-20260817160715-20260817190715-00336.warc.gz	5330517	origin refetch (cc incomplete: truncated=True digest_ok=True zip_ok=False); legacy bundle: members=['index.apxl'] (pre-iWork-13); mime=
CC-MAIN-2026-34-cdx-00055-1	b31db8225fc62ae1a68065e6ba12df8add40bc6c5ad81aaaa4ec96c49e53791c	pages	pages	https://www.cosmeticsupport.com/uploads/1/7/6/5/17651849/2014-12-04_hee_update_appendix_1_-_qualification_requirements_stakeholder_consultation_v13.pages	https://data.commoncrawl.org/crawl-data/CC-MAIN-2026-34/segments/1786091385464.24/warc/CC-MAIN-20260812105035-20260812135035-00139.warc.gz	1280125	cc payload verified; Document.iwa root type 10000=TP.DocumentArchive; mime=
CC-MAIN-2026-34-cdx-00039-1	6dddacfd4f94c4ac5f495d8964a186edff8c92862192e2a16712a45369f24e99	legacy	legacy-unknown	http://www.bawa-plus.com/_Bawa-Plus__-_Bawa-Plus-09.pages	https://data.commoncrawl.org/crawl-data/CC-MAIN-2026-34/segments/1786091385184.15/warc/CC-MAIN-20260808182008-20260808212008-00501.warc.gz	501103	cc payload verified; legacy bundle: members=['index.xml'] (pre-iWork-13); mime=
CC-MAIN-2026-34-cdx-00039-2	c1f70ac89eebab2558d0b5e99e4c8ce38dea8619dd26d1d815c8ebff0da3bba9	legacy	legacy-unknown	http://www.bawa-plus.com/_Bawa-Plus__-_Bawa-Plus-10.pages	https://data.commoncrawl.org/crawl-data/CC-MAIN-2026-34/segments/1786091385184.15/warc/CC-MAIN-20260808182008-20260808212008-00651.warc.gz	713257	cc payload verified; legacy bundle: members=['index.xml'] (pre-iWork-13); mime=
CC-MAIN-2026-34-cdx-00055-4	3152c3cc76b2f8dd1f987778d94b23c1189863fe4d98ddcaf7a3875787793a8b	key	keynote	https://www.creativeipadclassroom.com/uploads/1/1/7/8/117839142/maths_1_example_-_animated_operations_1.key	https://data.commoncrawl.org/crawl-data/CC-MAIN-2026-34/segments/1786091385982.61/warc/CC-MAIN-20260816153610-20260816183610-00130.warc.gz	460628	cc payload verified; slide iwa present (Index/MasterSlide-7661.iwa); root type 1; mime=
CC-MAIN-2026-34-cdx-00055-5	41c1f932ef93474c81b4b7e58ed95bc813fe4a7fb87e91dc4a37424b74210ca1	pages	pages	https://www.creativeipadclassroom.com/uploads/1/1/7/8/117839142/maths_1_template_-_multiplication_think_board.pages	https://data.commoncrawl.org/crawl-data/CC-MAIN-2026-34/segments/1786091385982.61/warc/CC-MAIN-20260816153610-20260816183610-00323.warc.gz	3338079	cc payload verified; Document.iwa root type 10000=TP.DocumentArchive; mime=
CC-MAIN-2026-34-cdx-00007-9	93229becc7699bbfe88503bbb02a34ea3a03511232cc4d6a9f0178c653513741	pages	pages	http://www.outburst.au/download/a-visitor-pack-a3-download.pages	https://data.commoncrawl.org/crawl-data/CC-MAIN-2026-34/segments/1786091674238.48/warc/CC-MAIN-20260817191046-20260817221046-00936.warc.gz	15985721	origin refetch (cc incomplete: truncated=True digest_ok=True zip_ok=False); Document.iwa root type 10000=TP.DocumentArchive; mime=
CC-MAIN-2026-34-cdx-00055-2	b05c6f094d7efd1b41529e37b194bca7ad68a39fe5085bd5bb56fc84f398a39b	pages	pages	https://www.creativeipadclassroom.com/uploads/1/1/7/8/117839142/literacy_3_example_-_interactive_narratives.pages	https://data.commoncrawl.org/crawl-data/CC-MAIN-2026-34/segments/1786091385982.61/warc/CC-MAIN-20260816153610-20260816183610-00923.warc.gz	11168831	origin refetch (cc incomplete: truncated=True digest_ok=True zip_ok=False); Document.iwa root type 10000=TP.DocumentArchive; mime=
CC-MAIN-2026-34-cdx-00055-8	6fc3be771e75c9c86d6f0a2fc0b6ed2eb9a6a5e09e3521d4eff69ec16dff9e97	key	keynote	https://www.creativeipadclassroom.com/uploads/1/1/7/8/117839142/persuasive_text_toolkit_-_template.key	https://data.commoncrawl.org/crawl-data/CC-MAIN-2026-34/segments/1786091385982.61/warc/CC-MAIN-20260816153610-20260816183610-00776.warc.gz	2274749	cc payload verified; slide iwa present (Index/Slide-9070.iwa); root type 1; mime=
CC-MAIN-2026-34-cdx-00055-9	e3d7d580a176b05aa43fe90abf76d961eaf8ae96a6d27f220c3d238e5798bcf0	pages	pages	https://www.creativeipadclassroom.com/uploads/1/1/7/8/117839142/spelling_workbook.pages	https://data.commoncrawl.org/crawl-data/CC-MAIN-2026-34/segments/1786091385982.61/warc/CC-MAIN-20260816153610-20260816183610-00117.warc.gz	2772325	cc payload verified; Document.iwa root type 10000=TP.DocumentArchive; mime=
CC-MAIN-2026-34-cdx-00055-6	ffd833f269280bc6277ea5fb7d67e27440367dc50b0a214770433808e74fbc01	pages	pages	https://www.creativeipadclassroom.com/uploads/1/1/7/8/117839142/maths_4_template_-_capacity_investigation.pages	https://data.commoncrawl.org/crawl-data/CC-MAIN-2026-34/segments/1786091385982.61/warc/CC-MAIN-20260816153610-20260816183610-00707.warc.gz	15272064	origin refetch (cc incomplete: truncated=True digest_ok=True zip_ok=False); Document.iwa root type 10000=TP.DocumentArchive; mime=
CC-MAIN-2026-34-cdx-00055-11	b398d3df6b1e45ab71098714dfe9821f2b0d02612e281c454d5534c259384477	pages	pages	https://creativityonipad.com/wp-content/uploads/2022/01/Ljusets-brytning-del-1.pages	https://data.commoncrawl.org/crawl-data/CC-MAIN-2026-34/segments/1786091680284.93/warc/CC-MAIN-20260819043921-20260819073921-00301.warc.gz	1920788	cc payload verified; Document.iwa root type 10000=TP.DocumentArchive; mime=
CC-MAIN-2026-34-cdx-00055-7	25d7d19ba260065993c608272884c9ab931ab3b4868a43084ae2ea8d5413d3b2	key	keynote	https://www.creativeipadclassroom.com/uploads/1/1/7/8/117839142/maths_dictionary.key	https://data.commoncrawl.org/crawl-data/CC-MAIN-2026-34/segments/1786091385982.61/warc/CC-MAIN-20260816153610-20260816183610-00659.warc.gz	30190776	origin refetch (cc incomplete: truncated=True digest_ok=True zip_ok=False); slide iwa present (Index/MasterSlide-8887.iwa); root type 1; mime=
CC-MAIN-2026-34-cdx-00055-12	6d4f852792fde6a5cc5393d68e41eef099c5c0b629749ce2c951e5660ccbd638	pages	pages	https://creativityonipad.com/wp-content/uploads/2022/01/Ljusets-brytning-del-2-prisma.pages	https://data.commoncrawl.org/crawl-data/CC-MAIN-2026-34/segments/1786091680284.93/warc/CC-MAIN-20260819043921-20260819073921-00811.warc.gz	601480	cc payload verified; Document.iwa root type 10000=TP.DocumentArchive; mime=
CC-MAIN-2026-34-cdx-00055-13	52d17f18504baec96a4c27520f758f9f7c6eb4a9ff3066e0729156e63d801114	pages	pages	https://creativityonipad.com/wp-content/uploads/2022/01/Podcastmall-3-5-minuter.pages	https://data.commoncrawl.org/crawl-data/CC-MAIN-2026-34/segments/1786091680284.93/warc/CC-MAIN-20260819043921-20260819073921-00404.warc.gz	197207	cc payload verified; Document.iwa root type 10000=TP.DocumentArchive; mime=
CC-MAIN-2026-34-cdx-00055-14	aec16b7d2cf668a8a00685661b3989a260f6426f2dc46dbeb7884e5da23d07fc	pages	pages	https://creativityonipad.com/wp-content/uploads/2022/07/Andningen-lungorna.pages	https://data.commoncrawl.org/crawl-data/CC-MAIN-2026-34/segments/1786091680284.93/warc/CC-MAIN-20260819043921-20260819073921-00306.warc.gz	1167148	cc payload verified; Document.iwa root type 10000=TP.DocumentArchive; mime=
CC-MAIN-2026-34-cdx-00071-1	691aeb245f8bf02ab98a2056c185554efad6ed1423f327a179913eeebdc1e9dc	pages	pages	https://fujimorikotsuban.com/wp-content/uploads/2025/08/a1c0cd9196eeb2b557f05b02b84c871a.pages	https://data.commoncrawl.org/crawl-data/CC-MAIN-2026-34/segments/1786091385757.91/warc/CC-MAIN-20260814205606-20260814235606-00387.warc.gz	164401	cc payload verified; Document.iwa root type 10000=TP.DocumentArchive; mime=
CC-MAIN-2026-34-cdx-00055-10	4659b5b6a8db43965c7789c00b62e348275c3f616bc2a5e9af5e4fa17bb5fbd3	pages	pages	https://www.creativeipadclassroom.com/uploads/1/1/7/8/117839142/spelling_workbook_example.pages	https://data.commoncrawl.org/crawl-data/CC-MAIN-2026-34/segments/1786091385982.61/warc/CC-MAIN-20260816153610-20260816183610-00640.warc.gz	27883156	origin refetch (cc incomplete: truncated=True digest_ok=True zip_ok=False); Document.iwa root type 10000=TP.DocumentArchive; mime=
CC-MAIN-2026-34-cdx-00071-3	37cda4e6534c4e8cbc4cfc3c272239b88dc2dede95f0eb0e10ae0b2504f6caed	pages	pages	https://gamelust.com/wp-content/uploads/2018/03/Ghost-of-a-Tale.pages	https://data.commoncrawl.org/crawl-data/CC-MAIN-2026-34/segments/1786091680785.94/warc/CC-MAIN-20260819104324-20260819134324-00991.warc.gz	747664	cc payload verified; Document.iwa root type 10000=TP.DocumentArchive; mime=
CC-MAIN-2026-34-cdx-00071-2	b0775468c556ea0338c4bf5ee0a4e12d5bcf203020d9165e36ddb72c878da2c9	pages	pages	https://galerie-beckers.com/wp-content/uploads/2020/10/Press-release-Grimonprez-DRAFT_fertig.pages	https://data.commoncrawl.org/crawl-data/CC-MAIN-2026-34/segments/1786091385801.49/warc/CC-MAIN-20260815030115-20260815060115-00050.warc.gz	979221	cc payload verified; Document.iwa root type 10000=TP.DocumentArchive; mime=
CC-MAIN-2026-34-cdx-00151-1	c34ed919c7128d2100671a5efb8a214c49ecaeffaab5f3bf702ced0c0494cfc9	key	keynote	https://resources.yliapps.com/assets/file/presentations/OROD-Presentation-Key.key	https://data.commoncrawl.org/crawl-data/CC-MAIN-2026-34/segments/1786091680254.99/warc/CC-MAIN-20260819013647-20260819043647-00536.warc.gz	1555861	cc payload verified; slide iwa present (Index/Slide-2546.iwa); root type 1; mime=
CC-MAIN-2026-34-cdx-00103-1	9f9ef28d93d72ed0646e51d8344376cf8326cf58b02395917c404e5bc2aad865	numbers	numbers	https://www.mushroomcrew.com/wp-content/uploads/2022/05/Swingers-Open-2022-Results-Sortert.numbers	https://data.commoncrawl.org/crawl-data/CC-MAIN-2026-34/segments/1786091680716.98/warc/CC-MAIN-20260819074055-20260819104055-00897.warc.gz	280428	cc payload verified; Document.iwa root type 1=TN.DocumentArchive; mime=
CC-MAIN-2026-34-cdx-00151-2	3643d2b17ffc2193a781f11685d8ff1899642a47ebfc0fead4890c36c8954440	pages	pages	http://www.yogaloftnorth.com/uploads/2/5/5/1/25516787/ryt_teacher_training_application_.pages	https://data.commoncrawl.org/crawl-data/CC-MAIN-2026-34/segments/1786091385413.38/warc/CC-MAIN-20260811042123-20260811072123-00855.warc.gz	692892	cc payload verified; Document.iwa root type 10000=TP.DocumentArchive; mime=
CC-MAIN-2026-34-cdx-00167-2	8dfa2b57f3c62a482a61e3a9eed3a18f8a3d9bf5952cb29e05f2e597046e8d93	legacy	legacy-unknown	http://www.sysoco.de/Projekte_files/Wochenbericht-Beispiel.pages	https://data.commoncrawl.org/crawl-data/CC-MAIN-2026-34/segments/1786091385043.60/warc/CC-MAIN-20260807205817-20260807235817-00262.warc.gz	182664	cc payload verified; legacy bundle: members=['index.xml'] (pre-iWork-13); mime=
CC-MAIN-2026-34-cdx-00151-3	bbb7581104644870755a2719bb01a540b0c17b22d8986caf89fb914135f117f4	pages	pages	https://yskick.com/wp-content/uploads/2024/11/%EF%BC%92%EF%BC%90%EF%BC%924%E5%B9%B4%E5%BA%A6%E3%80%80%E5%86%AC%E4%BC%91%E3%81%BF%E3%80%80%EF%BD%99%EF%BD%93%E3%80%80%EF%BD%8B%EF%BD%89%EF%BD%83%EF%BD%8B%E3%80%80%E3%81%93%E3%82%99%E6%A1%88%E5%86%85-1.pages	https://data.commoncrawl.org/crawl-data/CC-MAIN-2026-34/segments/1786091680716.98/warc/CC-MAIN-20260819074055-20260819104055-00233.warc.gz	1113188	cc payload verified; Document.iwa root type 10000=TP.DocumentArchive; mime=
CC-MAIN-2026-34-cdx-00167-1	c75b5dddb7c48c2e8a0f6adc57e37fb8d9df4f4ec61974f66b48862b7f273e57	key	keynote	https://stapelfux.de/wp-content/uploads/2024/04/How-To-Zeitarbeit-.key	https://data.commoncrawl.org/crawl-data/CC-MAIN-2026-34/segments/1786091677317.76/warc/CC-MAIN-20260818072149-20260818102149-00949.warc.gz	2450673	cc payload verified; slide iwa present (Index/Slide-877-2.iwa); root type 1; mime=
CC-MAIN-2026-34-cdx-00183-2	b6da83d5b49120f5bd267e9d80c8e70999df6ec5b8cf0dcfa27bd481147c0551	key	keynote	https://indico.esrf.fr/event/337/contributions/1945/attachments/1062/2136/ShutdownActivitiesPlanningCOLD.key	https://data.commoncrawl.org/crawl-data/CC-MAIN-2026-34/segments/1786091385311.32/warc/CC-MAIN-20260810035143-20260810065143-00611.warc.gz	710692	cc payload verified; slide iwa present (Index/Slide-2764832.iwa); root type 1; mime=
CC-MAIN-2026-34-cdx-00183-3	9e35a92ecd3f85e241a2e0372dc816bc2462adf45751020bc8394d6c5af2eb74	key	keynote	https://indico.esrf.fr/event/342/attachments/1058/2120/COLD_LN2_refill_drain_plan_V3.key	https://data.commoncrawl.org/crawl-data/CC-MAIN-2026-34/segments/1786091385311.32/warc/CC-MAIN-20260810035143-20260810065143-00704.warc.gz	1839490	cc payload verified; slide iwa present (Index/Slide-2652176.iwa); root type 1; mime=
CC-MAIN-2026-34-cdx-00183-4	55f2cf5988ad543c8820950fac011c94e1f1e41dc65d10b7ca39009a172f1a47	key	keynote	https://indico.esrf.fr/event/343/attachments/1059/2121/ShutdownActivitiesPlanningCOLD.key	https://data.commoncrawl.org/crawl-data/CC-MAIN-2026-34/segments/1786091385311.32/warc/CC-MAIN-20260810035143-20260810065143-00138.warc.gz	513352	cc payload verified; slide iwa present (Index/Slide-2652176.iwa); root type 1; mime=
CC-MAIN-2026-34-cdx-00183-1	8dfc1557a3cfcef038ec6a3b0631119564f3e2a437d20ab716be2c7725171ec7	key	keynote	https://domimplantformation.fr/wp-content/uploads/Formations/acces_implantologie/Modules/Module-1/11-Cas-Clinique.key	https://data.commoncrawl.org/crawl-data/CC-MAIN-2026-34/segments/1786091385233.34/warc/CC-MAIN-20260809123713-20260809153713-00643.warc.gz	5556962	origin refetch (cc incomplete: truncated=True digest_ok=True zip_ok=False); slide iwa present (Index/Slide-21509-2.iwa); root type 1; mime=
CC-MAIN-2026-34-cdx-00199-1	4690ac23b60db31db0bf26721639c9e5d7b52ad0e0011d501e95957efdb6fd2e	key	keynote	https://dadrian.io/srv/talks/censys-ccs.key	https://data.commoncrawl.org/crawl-data/CC-MAIN-2026-34/segments/1786091385689.11/warc/CC-MAIN-20260814053915-20260814083915-00686.warc.gz	5550260	origin refetch (cc incomplete: truncated=True digest_ok=True zip_ok=False); slide iwa present (Index/MasterSlide-4.iwa); root type 1; mime=
CC-MAIN-2026-34-cdx-00199-2	dab74c1b5b8210756be10853940f0f833ca94d12eeb9b14b5ccaa40ab4234836	key	keynote	https://dadrian.io/srv/talks/zmap-emu.key	https://data.commoncrawl.org/crawl-data/CC-MAIN-2026-34/segments/1786091385689.11/warc/CC-MAIN-20260814053915-20260814083915-00873.warc.gz	5473910	origin refetch (cc incomplete: truncated=True digest_ok=True zip_ok=False); slide iwa present (Index/Slide-51.iwa); root type 1; mime=
CC-MAIN-2026-34-cdx-00199-3	ccd9bbec3f804c83a787dfcc00756fda4d41387dadb93dded81a2dc7bcbe6158	key	keynote	https://amandashoe.github.io/files/guoq.key	https://data.commoncrawl.org/crawl-data/CC-MAIN-2026-34/segments/1786091680716.98/warc/CC-MAIN-20260819074055-20260819104055-00452.warc.gz	6089585	origin refetch (cc incomplete: truncated=True digest_ok=True zip_ok=False); slide iwa present (Index/Slide-2652150.iwa); root type 1; mime=
CC-MAIN-2026-34-cdx-00199-4	c57f941b572be1308906255164c94c8768ddf6e93bf19a6f5304ef468b7d9935	key	keynote	https://amandashoe.github.io/files/queso.key	https://data.commoncrawl.org/crawl-data/CC-MAIN-2026-34/segments/1786091680716.98/warc/CC-MAIN-20260819074055-20260819104055-00331.warc.gz	12730859	origin refetch (cc incomplete: truncated=True digest_ok=True zip_ok=False); slide iwa present (Index/Slide-708-2.iwa); root type 1; mime=
CC-MAIN-2026-34-cdx-00199-7	36fba316ad25af4b8fc9e3158bad7c22e8891d951e9801ae7fc83f3f38cbb7f8	key	keynote	https://rohany.github.io/slides/legate-sparse-long-talk.key	https://data.commoncrawl.org/crawl-data/CC-MAIN-2026-34/segments/1786091385836.20/warc/CC-MAIN-20260815120940-20260815150940-00792.warc.gz	55074449	origin refetch (cc incomplete: truncated=True digest_ok=True zip_ok=False); slide iwa present (Index/Slide-2644420.iwa); root type 1; mime=
CC-MAIN-2026-34-cdx-00199-6	2824464302b8fcfbccf9a6fd3bfe05eb88c8c857a6eb03cb1adc08539fc4967e	key	keynote	https://rohany.github.io/slides/legate-cunumeric-paw-atm-23.key	https://data.commoncrawl.org/crawl-data/CC-MAIN-2026-34/segments/1786091385836.20/warc/CC-MAIN-20260815120940-20260815150940-00061.warc.gz	57067474	origin refetch (cc incomplete: truncated=True digest_ok=True zip_ok=False); slide iwa present (Index/Slide-2432-2.iwa); root type 1; mime=
CC-MAIN-2026-34-cdx-00199-8	9dac01ad9e4932c8a1d7164c5ab9c3da48c440b60a98a12f4d96b21936e6a13a	key	keynote	https://rohany.github.io/slides/legate-sparse-SC-23.key	https://data.commoncrawl.org/crawl-data/CC-MAIN-2026-34/segments/1786091385836.20/warc/CC-MAIN-20260815120940-20260815150940-00241.warc.gz	24463860	origin refetch (cc incomplete: truncated=True digest_ok=True zip_ok=False); slide iwa present (Index/Slide-2652717-2.iwa); root type 1; mime=
CC-MAIN-2026-34-cdx-00199-9	cf968090b919a42f3b24e71adbdc77365459111f72e9eeba747c3129e803eb7e	key	keynote	https://shiatsumat.github.io/talks/2024-course-talk.key	https://data.commoncrawl.org/crawl-data/CC-MAIN-2026-34/segments/1786091677317.76/warc/CC-MAIN-20260818072149-20260818102149-00431.warc.gz	11338578	origin refetch (cc incomplete: truncated=True digest_ok=True zip_ok=False); slide iwa present (Index/Slide-11133121.iwa); root type 1; mime=
CC-MAIN-2026-34-cdx-00199-11	98941e9afc9106aa18a303db5cc86b450c0e7901c8b11f27a2ebe48a25d30898	key	keynote	https://www.howtocode.io/images/how-to-create-developer-screencasts-with-keynote/CI-Intro.key	https://data.commoncrawl.org/crawl-data/CC-MAIN-2026-34/segments/1786091385350.21/warc/CC-MAIN-20260810160426-20260810190426-00764.warc.gz	2028824	cc payload verified; slide iwa present (Index/Slide-2771000.iwa); root type 1; mime=
CC-MAIN-2026-34-cdx-00199-12	3039d9f04e5dd2fb5fe283cb0987de71ed11b15ce72d5b5470715396a342fa17	key	keynote	https://www.howtocode.io/images/how-to-create-developer-screencasts-with-keynote/Workflows-Actions.key	https://data.commoncrawl.org/crawl-data/CC-MAIN-2026-34/segments/1786091385350.21/warc/CC-MAIN-20260810160426-20260810190426-00527.warc.gz	4051661	cc payload verified; slide iwa present (Index/MasterSlide.iwa); root type 1; mime=
CC-MAIN-2026-34-cdx-00199-10	e63971143cb0d02fc63ca30d59bf069a544e8c68e2b0b87d7131bc77ec3b2010	key	keynote	https://wenhuchen.github.io/images/moca_presentation.key	https://data.commoncrawl.org/crawl-data/CC-MAIN-2026-34/segments/1786091385738.18/warc/CC-MAIN-20260814144954-20260814174954-00388.warc.gz	34872249	origin refetch (cc incomplete: truncated=True digest_ok=True zip_ok=False); slide iwa present (Index/Slide-800-2.iwa); root type 1; mime=
CC-MAIN-2026-34-cdx-00199-14	79b11d2dd8d235716597f1729eeb604438df021e99e836c2c674af8b222e3c53	key	keynote	https://www.starlingx.io/collateral/StarlingX_SlideDeck_Template_a.key	https://data.commoncrawl.org/crawl-data/CC-MAIN-2026-34/segments/1786091385800.97/warc/CC-MAIN-20260814235839-20260815025839-00477.warc.gz	8525920	origin refetch (cc incomplete: truncated=True digest_ok=True zip_ok=False); slide iwa present (Index/MasterSlide-3637.iwa); root type 1; mime=
CC-MAIN-2026-34-cdx-00199-13	f9ba391474cec332af91e8b25494eb3add52d4e2cbdd12f6139a759b00bc2ed0	key	keynote	https://www.reachreport.io/contents/template/Media_Monitoring_Report_Template.key	https://data.commoncrawl.org/crawl-data/CC-MAIN-2026-34/segments/1786091385381.39/warc/CC-MAIN-20260810190756-20260810220756-00333.warc.gz	816271	cc payload verified; slide iwa present (Index/Slide-611-2.iwa); root type 1; mime=
CC-MAIN-2026-34-cdx-00231-1	78c4c36c4ea74090b5005d370eb5297b095b551912e274b2c113160fc8ef38e3	key	keynote	https://nlnetlabs.nl/downloads/presentations/20191013_CENTRTech41-ODS-CreDNS.key	https://data.commoncrawl.org/crawl-data/CC-MAIN-2026-34/segments/1786091681394.92/warc/CC-MAIN-20260819164830-20260819194830-00985.warc.gz	708668	cc payload verified; slide iwa present (Index/MasterSlide-3683.iwa); root type 1; mime=
CC-MAIN-2026-34-cdx-00247-1	9e35b771258691de903d1719bf81dc14535185b4484d763a66e2a586317e8925	key	keynote	https://files.pyoung.org/agu2018/pyoung_talk.key	https://data.commoncrawl.org/crawl-data/CC-MAIN-2026-34/segments/1786091385322.54/warc/CC-MAIN-20260810065506-20260810095506-00503.warc.gz	8800499	origin refetch (cc incomplete: truncated=True digest_ok=True zip_ok=False); slide iwa present (Index/MasterSlide-8.iwa); root type 1; mime=
CC-MAIN-2026-34-cdx-00247-3	db98ce6b8fa1e4e8c1a7b2bc69ed200cc61830043700166b48dc33e24e83b4cf	pages	pages	https://racinezoo.org/sites/default/files/RacineZoo_GraphicDesignMarketingInternship_Description.pages	https://data.commoncrawl.org/crawl-data/CC-MAIN-2026-34/segments/1786091385416.52/warc/CC-MAIN-20260811102717-20260811132717-00966.warc.gz	802377	cc payload verified; Document.iwa root type 10000=TP.DocumentArchive; mime=
CC-MAIN-2026-34-cdx-00247-2	a0e2186963edd2b2d9cd5b44c7f8273fbcab8407ae31536722fa75a936d746c6	key	keynote	https://indico.qtml2024.org/event/1/contributions/303/attachments/302/447/QTML2024_Greplova.key	https://data.commoncrawl.org/crawl-data/CC-MAIN-2026-34/segments/1786091385428.43/warc/CC-MAIN-20260811132950-20260811162950-00394.warc.gz	49775671	origin refetch (cc incomplete: truncated=True digest_ok=True zip_ok=False); slide iwa present (Index/Slide-2644850.iwa); root type 1; mime=
CC-MAIN-2026-34-cdx-00247-6	cdeaf8425fc7d2e9e7c6ee97a9ab92b899427086f02774cc134a441ce490a6db	pages	pages	https://saintlouisdna.org/wp-content/uploads/2023/04/April-Meeting-Minutes-PDF.pages	https://data.commoncrawl.org/crawl-data/CC-MAIN-2026-34/segments/1786091385821.41/warc/CC-MAIN-20260815060346-20260815090346-00236.warc.gz	1058061	cc payload verified; Document.iwa root type 10000=TP.DocumentArchive; mime=
CC-MAIN-2026-34-cdx-00247-7	69abd00337c0d4d31f7bff178258a2d06bf949832a56be40eef3851b21bca7a7	pages	pages	https://saintlouisdna.org/wp-content/uploads/2023/11/June-2023-DNA-Board-Meeting-Minutes.pages	https://data.commoncrawl.org/crawl-data/CC-MAIN-2026-34/segments/1786091385821.41/warc/CC-MAIN-20260815060346-20260815090346-00746.warc.gz	1068688	cc payload verified; Document.iwa root type 10000=TP.DocumentArchive; mime=
CC-MAIN-2026-34-cdx-00247-4	29afa43c68156c26d47811d5cf9e9bd6859e57eb11f2e130a429b4d7f3f36b75	key	keynote	https://static-files.rhizome.org/Q12084/ikebananana2%20%E2%80%93%20sketchbook.key	https://data.commoncrawl.org/crawl-data/CC-MAIN-2026-34/segments/1786091385043.60/warc/CC-MAIN-20260807205817-20260807235817-00291.warc.gz	92557068	origin refetch (cc incomplete: truncated=True digest_ok=True zip_ok=False); slide iwa present (Index/MasterSlide-4048755.iwa); root type 1; mime=
CC-MAIN-2026-34-cdx-00247-5	6088ef5317bc5e606fa842a91a44b54efe99550360c1c101c868de110518cf05	key	keynote	https://riverofhopehutchinson.org/wp-content/uploads/2018/10/Steady-Eddy-Power-Point-Reduced-Format.key	https://data.commoncrawl.org/crawl-data/CC-MAIN-2026-34/segments/1786091385151.2/warc/CC-MAIN-20260808090928-20260808120928-00334.warc.gz	21717718	origin refetch (cc incomplete: truncated=True digest_ok=True zip_ok=False); slide iwa present (Index/MasterSlide.iwa); root type 1; mime=
CC-MAIN-2026-34-cdx-00247-8	277d723342c84f42336986cf0101ea83cb124019363513c4c9cd030e76a49d74	pages	pages	https://www.salemub.org/hp_wordpress/wp-content/uploads/2024/05/Weekly-Bulletin-April-21-2024.pages	https://data.commoncrawl.org/crawl-data/CC-MAIN-2026-34/segments/1786091385416.52/warc/CC-MAIN-20260811102717-20260811132717-00625.warc.gz	19160922	origin refetch (cc incomplete: truncated=True digest_ok=True zip_ok=False); Document.iwa root type 10000=TP.DocumentArchive; mime=
CC-MAIN-2026-34-cdx-00295-2	d50d67f215118e35806d9ee7ac3e3b46343f8fd10a6dfdc4ee621237acd49293	pages	pages	https://cocreators.university/wp-content/uploads/2020/11/MTB-0017-Proaktives-Buergerforum.pages	https://data.commoncrawl.org/crawl-data/CC-MAIN-2026-34/segments/1786091385689.11/warc/CC-MAIN-20260814053915-20260814083915-00240.warc.gz	536826	cc payload verified; Document.iwa root type 10000=TP.DocumentArchive; mime=
CC-MAIN-2026-34-cdx-00295-3	dfdc8f8391b25e03f45745a50f9ac4694ef5131468a71dc3efe3f4d6baf68f59	numbers	numbers	https://www.democracyinaction.us/2020/chrnnewh/nhhousemembers033119county.numbers	https://data.commoncrawl.org/crawl-data/CC-MAIN-2026-34/segments/1786091385439.63/warc/CC-MAIN-20260811223931-20260812013931-00985.warc.gz	318611	cc payload verified; Document.iwa root type 1=TN.DocumentArchive; mime=
CC-MAIN-2026-34-cdx-00247-9	27ea384e9bc1af5fa4cd0d17419dc9ed8e31121401f2942e611a5468cea08b69	key	keynote	https://www.santafestargazers.org/wp-content/uploads/2020/11/IceCube-Neutrino-.key	https://data.commoncrawl.org/crawl-data/CC-MAIN-2026-34/segments/1786091385205.8/warc/CC-MAIN-20260809063011-20260809093011-00540.warc.gz	141304398	origin refetch (cc incomplete: truncated=True digest_ok=True zip_ok=False); slide iwa present (Index/MasterSlide.iwa); root type 1; mime=
CC-MAIN-2026-34-cdx-00295-5	84ad513e2d9560ad990822ece1e8c13ac5016565b078c4ee406427d84985fe24	pages	pages	https://cursa.ihmc.us/rid=1R7DHYJY3-Y0DNW4-2YLY/DEFINICIONES.pages	https://data.commoncrawl.org/crawl-data/CC-MAIN-2026-34/segments/1786091385166.7/warc/CC-MAIN-20260808151638-20260808181638-00420.warc.gz	903221	cc payload verified; Document.iwa root type 10000=TP.DocumentArchive; mime=
CC-MAIN-2026-34-cdx-00295-1	77442ea50a7e6e72fe3a5c5b212e41fe239afc09564dc54323f00a0721d61c3a	key	keynote	https://stoics.org.uk/~plp2018/presentations/kimmig-plp18.key	https://data.commoncrawl.org/crawl-data/CC-MAIN-2026-34/segments/1786091385934.3/warc/CC-MAIN-20260816032507-20260816062507-00529.warc.gz	108969769	origin refetch (cc incomplete: truncated=True digest_ok=True zip_ok=False); slide iwa present (Index/MasterSlide-7880.iwa); root type 1; mime=
CC-MAIN-2026-34-cdx-00295-4	1249b390ff54f47ae2966e2db31b86d08e411d91dd3da326796a137bf79bccf9	key	keynote	https://fullaccess.us/wp-content/uploads/files/4EAAAA88-24A6-E94C-A540-43676391D76B/Full_Access_Under_the_Hood_Presentation_04.key?v=63918495866	https://data.commoncrawl.org/crawl-data/CC-MAIN-2026-34/segments/1786091385982.61/warc/CC-MAIN-20260816153610-20260816183610-00937.warc.gz	6474315	origin refetch (cc incomplete: truncated=True digest_ok=True zip_ok=False); slide iwa present (Index/Slide-1612-2.iwa); root type 1; mime=
CC-MAIN-2026-34-cdx-00072-1	c8b074b666a1ac3f14050fb6e7b3c1bc379a2001d80822b379417473635018b6	pages	pages	http://www.georgebillis.com/uploads/1/7/6/1/17611121/kulla_resume.pages	https://data.commoncrawl.org/crawl-data/CC-MAIN-2026-34/segments/1786091385861.46/warc/CC-MAIN-20260815212008-20260816002008-00796.warc.gz	836606	cc payload verified; Document.iwa root type 10000=TP.DocumentArchive; mime=
CC-MAIN-2026-34-cdx-00088-1	9dea68d789a8391ea2dfcb354693f60fa27f180989fac156d033d1c88fdce898	pages	pages	https://kakigoori-yamadaya.com/wp-content/uploads/2020/06/5bff0bda1cb3747228bdccee68f7202e-1.pages	https://data.commoncrawl.org/crawl-data/CC-MAIN-2026-34/segments/1786091385184.15/warc/CC-MAIN-20260808182008-20260808212008-00002.warc.gz	191638	cc payload verified; Document.iwa root type 10000=TP.DocumentArchive; mime=
CC-MAIN-2026-34-cdx-00088-2	bae45916f258c0457dc4d5612bd441223345feab45b60dd2c8c2556e82808d60	pages	pages	https://kakigoori-yamadaya.com/wp-content/uploads/2020/06/5bff0bda1cb3747228bdccee68f7202e.pages	https://data.commoncrawl.org/crawl-data/CC-MAIN-2026-34/segments/1786091385184.15/warc/CC-MAIN-20260808182008-20260808212008-00238.warc.gz	245268	cc payload verified; Document.iwa root type 10000=TP.DocumentArchive; mime=
CC-MAIN-2026-34-cdx-00088-3	7a2153f9f6d16b4c9b26e0dd46b1d33c17c19908f32922acc9ddc21f592a3c58	pages	pages	https://kakigoori-yamadaya.com/wp-content/uploads/2020/07/494d0a14e0ef6cab0c68b3ed4a202c0b.pages	https://data.commoncrawl.org/crawl-data/CC-MAIN-2026-34/segments/1786091385184.15/warc/CC-MAIN-20260808182008-20260808212008-00536.warc.gz	690681	cc payload verified; Document.iwa root type 10000=TP.DocumentArchive; mime=
CC-MAIN-2026-34-cdx-00088-4	95fc03c443ae369fd7cdae9f647689b9bfda963ef1a0c72c183c8f75ebbbb194	pages	pages	https://kartingminilandia.com/wp-content/uploads/2025/11/Propuesta-de-patrocinio.pages	https://data.commoncrawl.org/crawl-data/CC-MAIN-2026-34/segments/1786091387097.89/warc/CC-MAIN-20260817004738-20260817034738-00832.warc.gz	675814	cc payload verified; Document.iwa root type 10000=TP.DocumentArchive; mime=
CC-MAIN-2026-34-cdx-00008-1	358525f94eabb82fc9852cba458642046f4bbbe8e80443a93ecb15e32b89267c	key	keynote	http://publi2-as.oma.be/record/8124/files/Dep4%20Presentation.key	https://data.commoncrawl.org/crawl-data/CC-MAIN-2026-34/segments/1786091387114.72/warc/CC-MAIN-20260817035111-20260817065111-00682.warc.gz	521170455	origin refetch (cc incomplete: truncated=True digest_ok=True zip_ok=False); slide iwa present (Index/Slide-21822.iwa); root type 1; mime=
CC-MAIN-2026-34-cdx-00024-1	3775cc34726ff70b2f208a63e16008d83938f50791af73849995f06b3a7f0820	key	keynote	https://indico.pnp.ustc.edu.cn/event/1208/contributions/10422/attachments/3347/5191/Exact%20Solution.key	https://data.commoncrawl.org/crawl-data/CC-MAIN-2026-34/segments/1786091385044.1/warc/CC-MAIN-20260808000048-20260808030048-00292.warc.gz	9374264	origin refetch (cc incomplete: truncated=True digest_ok=True zip_ok=False); slide iwa present (Index/Slide-334745.iwa); root type 1; mime=
CC-MAIN-2026-34-cdx-00104-2	6b1f4c6f40f00371bcc5a879ff2bc11609d418c3108a0f34659c1192d6c2b0d5	pages	pages	https://myregistrywedding.com/wp-content/uploads/2025/11/Healing-After-Betrayal.pages	https://data.commoncrawl.org/crawl-data/CC-MAIN-2026-34/segments/1786091385295.50/warc/CC-MAIN-20260809214541-20260810004541-00901.warc.gz	6237887	origin refetch (cc incomplete: truncated=True digest_ok=True zip_ok=False); Document.iwa root type 10000=TP.DocumentArchive; mime=
CC-MAIN-2026-34-cdx-00120-1	c992e7c1dd0a0533def828d0d86c8c71d3e2244f26af23d7c24b2d9c9a06505c	pages	pages	https://rickigeiger.com/wp-content/uploads/2014/12/Happier-Holidays-Hand-out.pages	https://data.commoncrawl.org/crawl-data/CC-MAIN-2026-34/segments/1786091385565.71/warc/CC-MAIN-20260813081409-20260813111409-00930.warc.gz	245847	cc payload verified; Document.iwa root type 10000=TP.DocumentArchive; mime=
CC-MAIN-2026-34-cdx-00168-3	ad9cc81fff2805fbbde9e31797d7469ba02c3293da65e9048fcbfd3a4bbca797	pages	pages	http://u-helmich.de/che/lexikon/P/Pr/Bilder_PR_Originale/Propanal.pages	https://data.commoncrawl.org/crawl-data/CC-MAIN-2026-34/segments/1786091385010.77/warc/CC-MAIN-20260807175542-20260807205542-00639.warc.gz	347799	cc payload verified; Document.iwa root type 10000=TP.DocumentArchive; mime=
CC-MAIN-2026-34-cdx-00168-4	b12878635228aa40ad9bb32cbeb812eb4a1cf44178f4dc69dcad4a227c53b266	key	keynote	https://ulmen-grundschule.de/wp-content/uploads/2026/06/Praesentation-Brueche-SAE.key	https://data.commoncrawl.org/crawl-data/CC-MAIN-2026-34/segments/1786091385574.53/warc/CC-MAIN-20260813111745-20260813141745-00034.warc.gz	959383	cc payload verified; slide iwa present (Index/Slide-4438758.iwa); root type 1; mime=
CC-MAIN-2026-34-cdx-00168-5	7fba4530557f8c606b2f73481a9f43d9ffd8ad8ea5e5370968f1d64038e56418	legacy	legacy-unknown	https://www.idn.uni-hannover.de/fileadmin/idn/Forschung/Didaktik_der_Chemie/Informationen/CMapTools/cmtoolsintro.key	https://data.commoncrawl.org/crawl-data/CC-MAIN-2026-34/segments/1786091385751.81/warc/CC-MAIN-20260814175232-20260814205232-00341.warc.gz	4499308	cc payload verified; legacy bundle: members=['index.apxl'] (pre-iWork-13); mime=
CC-MAIN-2026-34-cdx-00168-1	a15cbb64b696bdd48ee74e35a1fc713907f4c5be22d40a01d3c24e39ec5a736f	key	keynote	https://indico.e5.physik.tu-dortmund.de/event/2708/contributions/14329/attachments/2257/4392/Basu_Kaustuv_pitch.key	https://data.commoncrawl.org/crawl-data/CC-MAIN-2026-34/segments/1786091385233.34/warc/CC-MAIN-20260809123713-20260809153713-00004.warc.gz	16659681	origin refetch (cc incomplete: truncated=True digest_ok=True zip_ok=False); slide iwa present (Index/Slide-77334.iwa); root type 1; mime=
CC-MAIN-2026-34-cdx-00215-1	31e8a001cb279656b3e1eab5b451a16368302532329cb7ab7dada706a38b6b41	key	keynote	https://indico.ibs.re.kr/event/542/contributions/4066/attachments/3496/4093/dcec-IBS_ICTP_MultiDark_cyncynates.key	https://data.commoncrawl.org/crawl-data/CC-MAIN-2026-34/segments/1786091385116.40/warc/CC-MAIN-20260808030320-20260808060320-00746.warc.gz	173541118	origin refetch (cc incomplete: truncated=True digest_ok=True zip_ok=False); slide iwa present (Index/Slide-4051974-2.iwa); root type 1; mime=
CC-MAIN-2026-34-cdx-00168-6	806df50f615030e51e4333557b56a3a7b9667f1e0c989642397bdbaedc31c243	pages	pages	https://chemiedidaktik.uni-wuppertal.de/fileadmin/Chemie/chemiedidaktik/files/labothek/Material_BNE/Lernbegleiter_BNE_Labothek_CCS_Februar25.pages	https://data.commoncrawl.org/crawl-data/CC-MAIN-2026-34/segments/1786091385043.60/warc/CC-MAIN-20260807205817-20260807235817-00615.warc.gz	8495424	origin refetch (cc incomplete: truncated=True digest_ok=True zip_ok=False); Document.iwa root type 10000=TP.DocumentArchive; mime=
CC-MAIN-2026-34-cdx-00168-9	49238807995807b9a69c71afd8d032fc99b03f63e6d71c910898fcd71ab24392	pages	pages	https://chemiedidaktik.uni-wuppertal.de/fileadmin/Chemie/chemiedidaktik/files/labothek/Material_Innovative_Kunststoffe/Labothek-Block3-Lernbegleiter.pages	https://data.commoncrawl.org/crawl-data/CC-MAIN-2026-34/segments/1786091385043.60/warc/CC-MAIN-20260807205817-20260807235817-00918.warc.gz	3707961	cc payload verified; Document.iwa root type 10000=TP.DocumentArchive; mime=
CC-MAIN-2026-34-cdx-00168-7	e7c5944f00ef90faceaeb8c2b590c0f6c91cb463010066f49e45b8347115bdc2	pages	pages	https://chemiedidaktik.uni-wuppertal.de/fileadmin/Chemie/chemiedidaktik/files/labothek/Material_BNE/Lernbegleiter_BNE_Labothek_Stickoxide_Mai25.pages	https://data.commoncrawl.org/crawl-data/CC-MAIN-2026-34/segments/1786091385043.60/warc/CC-MAIN-20260807205817-20260807235817-00549.warc.gz	25156139	origin refetch (cc incomplete: truncated=True digest_ok=True zip_ok=False); Document.iwa root type 10000=TP.DocumentArchive; mime=
CC-MAIN-2026-34-cdx-00168-8	c72f0891e06febbcae18c647062b93ffd5b9c604a50926fb6df84c025df20575	pages	pages	https://chemiedidaktik.uni-wuppertal.de/fileadmin/Chemie/chemiedidaktik/files/labothek/Material_Innovative_Kunststoffe/Labothek-Block1-Lernbegleiter.pages	https://data.commoncrawl.org/crawl-data/CC-MAIN-2026-34/segments/1786091385043.60/warc/CC-MAIN-20260807205817-20260807235817-00092.warc.gz	8416009	origin refetch (cc incomplete: truncated=True digest_ok=True zip_ok=False); Document.iwa root type 10000=TP.DocumentArchive; mime=
CC-MAIN-2026-34-cdx-00184-4	1c85b8350032f1811b4a4592294344345903a89f0b59d32d1701393931fe234d	key	keynote	https://indico.in2p3.fr/event/27706/contributions/116643/attachments/74180/106767/LISA_workshop_nov.key	https://data.commoncrawl.org/crawl-data/CC-MAIN-2026-34/segments/1786091385515.44/warc/CC-MAIN-20260812135259-20260812165259-00761.warc.gz	4896999	cc payload verified; slide iwa present (Index/Slide-14674-2.iwa); root type 1; mime=
CC-MAIN-2026-34-cdx-00168-2	4db332b52738247de4f8b02a3750914c65f050323b1f60daf5f848e5a801c8ee	key	keynote	https://indico.ph.tum.de/event/6903/contributions/4816/attachments/3796/4761/211122Kruijssen.key	https://data.commoncrawl.org/crawl-data/CC-MAIN-2026-34/segments/1786091385823.62/warc/CC-MAIN-20260815090613-20260815120613-00572.warc.gz	189925168	origin refetch (cc incomplete: truncated=True digest_ok=True zip_ok=False); slide iwa present (Index/MasterSlide-8.iwa); root type 1; mime=
CC-MAIN-2026-34-cdx-00184-1	bd1b298e8f6e82faeed711f5ef68b0a6a6c291761eb14327679a8aa64498f86c	key	keynote	https://indico.ijclab.in2p3.fr/event/8021/contributions/25886/attachments/21268/30016/Aleksandra%20Walczak%20sfp_july23_EN.key	https://data.commoncrawl.org/crawl-data/CC-MAIN-2026-34/segments/1786091384964.66/warc/CC-MAIN-20260807103001-20260807133001-00432.warc.gz	31868980	origin refetch (cc incomplete: truncated=True digest_ok=True zip_ok=False); slide iwa present (Index/Slide-42100-2.iwa); root type 1; mime=
CC-MAIN-2026-34-cdx-00184-3	11bece35059691b8483d5d07587b876f191aa6f79ba5c1abbfc4e745782fb52a	key	keynote	https://indico.in2p3.fr/event/27706/contributions/116637/attachments/74169/106753/LIDA_DL.key	https://data.commoncrawl.org/crawl-data/CC-MAIN-2026-34/segments/1786091385515.44/warc/CC-MAIN-20260812135259-20260812165259-00802.warc.gz	9276972	origin refetch (cc incomplete: truncated=True digest_ok=True zip_ok=False); slide iwa present (Index/Slide-734-2.iwa); root type 1; mime=
CC-MAIN-2026-34-cdx-00184-5	f99b78dd867c612e25490e9b9397bd58cf343385ec444f48b63a61c4333cbeaa	key	keynote	https://indico.in2p3.fr/event/27706/contributions/116647/attachments/74155/106728/Toulouse_workshop%20copy.key	https://data.commoncrawl.org/crawl-data/CC-MAIN-2026-34/segments/1786091385515.44/warc/CC-MAIN-20260812135259-20260812165259-00933.warc.gz	20219526	origin refetch (cc incomplete: truncated=True digest_ok=True zip_ok=False); slide iwa present (Index/Slide-4049140.iwa); root type 1; mime=
CC-MAIN-2026-34-cdx-00184-6	9c2edf58c744349d651f7786163495ad7c2ad78aa59bfeb6b7630a28d7b3b1b6	key	keynote	https://indico.in2p3.fr/event/27706/contributions/116652/attachments/74154/106740/Dirty_GWs.key	https://data.commoncrawl.org/crawl-data/CC-MAIN-2026-34/segments/1786091385515.44/warc/CC-MAIN-20260812135259-20260812165259-00348.warc.gz	22202838	origin refetch (cc incomplete: truncated=True digest_ok=True zip_ok=False); slide iwa present (Index/Slide-11041.iwa); root type 1; mime=
CC-MAIN-2026-34-cdx-00184-7	daac79db3d33eb42501d1110b2746b822b25f5b39af169c6c57d0634deb274e1	key	keynote	https://indico.in2p3.fr/event/27706/contributions/116661/attachments/74152/106723/20221023_lisa_workshop_karnesis.key	https://data.commoncrawl.org/crawl-data/CC-MAIN-2026-34/segments/1786091385515.44/warc/CC-MAIN-20260812135259-20260812165259-00518.warc.gz	47851846	origin refetch (cc incomplete: truncated=True digest_ok=True zip_ok=False); slide iwa present (Index/Slide-2746523.iwa); root type 1; mime=
CC-MAIN-2026-34-cdx-00184-8	b975cdba5b525a3a027864c480c1411edda549712e2fa9a68e0f445ee9b22380	legacy	legacy-unknown	https://indico.in2p3.fr/event/2811/contributions/25976/attachments/20747/25479/masterclasses2010_ms.key	https://data.commoncrawl.org/crawl-data/CC-MAIN-2026-34/segments/1786091385350.21/warc/CC-MAIN-20260810160426-20260810190426-00512.warc.gz	13552682	origin refetch (cc incomplete: truncated=True digest_ok=True zip_ok=False); legacy bundle: members=['index.apxl'] (pre-iWork-13); mime=
CC-MAIN-2026-34-cdx-00184-12	359f755524b4ef37dadb06fa8b3d3cfc0bd8c7ae5ae134ba7e41757baf1c5dc3	key	keynote	https://indico.in2p3.fr/event/39253/contributions/176164/attachments/103081/160602/coupled_scalar_dark_sector_15min_GGI_1.key	https://data.commoncrawl.org/crawl-data/CC-MAIN-2026-34/segments/1786091385184.15/warc/CC-MAIN-20260808182008-20260808212008-00999.warc.gz	4295650	cc payload verified; slide iwa present (Index/Slide-630-2.iwa); root type 1; mime=
CC-MAIN-2026-34-cdx-00184-9	bbc6fe215f984e53b0ccb12896b42528640b4bad8b830c66ca9a8c7ae1d62595	key	keynote	https://indico.in2p3.fr/event/29472/contributions/127561/attachments/79914/117223/axion-GWs-annecy.key	https://data.commoncrawl.org/crawl-data/CC-MAIN-2026-34/segments/1786091384964.66/warc/CC-MAIN-20260807103001-20260807133001-00888.warc.gz	161236645	origin refetch (cc incomplete: truncated=True digest_ok=True zip_ok=False); slide iwa present (Index/Slide-1351-2.iwa); root type 1; mime=
CC-MAIN-2026-34-cdx-00200-1	77890685af377c376ec8a2e62e713c2de18eac1cc7de20d09f7c3f956e8c1b18	pages	pages	https://sa-uc.edu.iq/images/%D8%B3%D9%8A%D8%B1%D8%A9%20%D8%B0%D8%A7%D8%AA%D9%8A%D8%A9.pages	https://data.commoncrawl.org/crawl-data/CC-MAIN-2026-34/segments/1786091673393.86/warc/CC-MAIN-20260817160715-20260817190715-00896.warc.gz	540158	cc payload verified; Document.iwa root type 10000=TP.DocumentArchive; mime=
CC-MAIN-2026-34-cdx-00184-10	a93f6702351683516385a2c41db2bdf1d23ed61f1b18032472974782e0fe2183	key	keynote	https://indico.in2p3.fr/event/29472/contributions/127583/attachments/79972/117315/Eby_SolarHalos.key	https://data.commoncrawl.org/crawl-data/CC-MAIN-2026-34/segments/1786091385543.75/warc/CC-MAIN-20260812230232-20260813020232-00525.warc.gz	172703837	origin refetch (cc incomplete: truncated=True digest_ok=True zip_ok=False); slide iwa present (Index/Slide-4092908.iwa); root type 1; mime=
CC-MAIN-2026-34-cdx-00184-11	6f1a0fc0de60005618f60afbdf415e3c7b6bbff151d9807f016e158c953dae0c	key	keynote	https://indico.in2p3.fr/event/39253/contributions/175984/attachments/102961/160356/Kwanit.key	https://data.commoncrawl.org/crawl-data/CC-MAIN-2026-34/segments/1786091385184.15/warc/CC-MAIN-20260808182008-20260808212008-00026.warc.gz	18582063	origin refetch (cc incomplete: truncated=True digest_ok=True zip_ok=False); slide iwa present (Index/Slide-4046668.iwa); root type 1; mime=
CC-MAIN-2026-34-cdx-00216-2	83629c574971b9b609c97400c3e89017b5b2dcda9e5c7f5773511cc540de12ef	key	keynote	https://media.ncd.life/240/The-3-Colors-of-Your-Spirituality.key	https://data.commoncrawl.org/crawl-data/CC-MAIN-2026-34/segments/1786091385452.6/warc/CC-MAIN-20260812044543-20260812074543-00336.warc.gz	4787504	cc payload verified; slide iwa present (Index/Slide-625-2.iwa); root type 1; mime=
CC-MAIN-2026-34-cdx-00184-13	3b342e88a7cc065bebefebe09ebd6546ca73a8116048abae8de652e84e047299	key	keynote	https://indico.in2p3.fr/event/39253/contributions/176262/attachments/103087/160614/sakstein_GGI_V5.key	https://data.commoncrawl.org/crawl-data/CC-MAIN-2026-34/segments/1786091385184.15/warc/CC-MAIN-20260808182008-20260808212008-00127.warc.gz	18602639	origin refetch (cc incomplete: truncated=True digest_ok=True zip_ok=False); slide iwa present (Index/Slide-969197.iwa); root type 1; mime=
CC-MAIN-2026-34-cdx-00232-1	4c74db4cfdc2d4618a17636ba29a2de3cbefaefcb798d62ac0387a73a8be1ae6	pages	pages	https://www.printenbind.nl/uploads/templates/template_A4_11mm_rug_buitenkant.pages	https://data.commoncrawl.org/crawl-data/CC-MAIN-2026-34/segments/1786091385350.21/warc/CC-MAIN-20260810160426-20260810190426-00970.warc.gz	526338	cc payload verified; Document.iwa root type 10000=TP.DocumentArchive; mime=
CC-MAIN-2026-34-cdx-00232-2	c39970d96f44fa0541cfca4e214933cc552a00e03f7f4daf3e3e4c1649f07292	pages	pages	https://www.printenbind.nl/uploads/templates/template_A4_13mm_rug_binnenkant.pages	https://data.commoncrawl.org/crawl-data/CC-MAIN-2026-34/segments/1786091385525.56/warc/CC-MAIN-20260812165636-20260812195636-00505.warc.gz	530204	cc payload verified; Document.iwa root type 10000=TP.DocumentArchive; mime=
CC-MAIN-2026-34-cdx-00216-1	6ee4ea590b7f8916653c8f8aa5d7532c5452657160e6f32fb57aea2f8729afd5	key	keynote	https://media.ncd.life/235/3-colors-of-leadership.key	https://data.commoncrawl.org/crawl-data/CC-MAIN-2026-34/segments/1786091385452.6/warc/CC-MAIN-20260812044543-20260812074543-00646.warc.gz	6964190	origin refetch (cc incomplete: truncated=True digest_ok=True zip_ok=False); slide iwa present (Index/Slide-910-2.iwa); root type 1; mime=
CC-MAIN-2026-34-cdx-00232-3	aafcb5e1367f387a19084dd74f93123259b150b5944ec39974083126aa9e39d0	pages	pages	https://www.printenbind.nl/uploads/templates/template_A4_24mm_rug_binnenkant.pages	https://data.commoncrawl.org/crawl-data/CC-MAIN-2026-34/segments/1786091385350.21/warc/CC-MAIN-20260810160426-20260810190426-00057.warc.gz	529738	cc payload verified; Document.iwa root type 10000=TP.DocumentArchive; mime=
CC-MAIN-2026-34-cdx-00216-3	ee0d5e9e71430df2ab7dfce7bcfd23dc60b86767d90c40c971868e4eab1c5750	key	keynote	https://media.ncd.life/243/3-colors-of-ministry.key	https://data.commoncrawl.org/crawl-data/CC-MAIN-2026-34/segments/1786091385452.6/warc/CC-MAIN-20260812044543-20260812074543-00555.warc.gz	5973462	origin refetch (cc incomplete: truncated=True digest_ok=True zip_ok=False); slide iwa present (Index/Slide-906-2.iwa); root type 1; mime=
CC-MAIN-2026-34-cdx-00232-5	a0bfc76cefa2ed759e82384d4a1c606451eec22950de6894851c9ca970c3e654	pages	pages	https://www.printenbind.nl/uploads/templates/template_A5_15mm_rug_buitenkant.pages	https://data.commoncrawl.org/crawl-data/CC-MAIN-2026-34/segments/1786091385525.56/warc/CC-MAIN-20260812165636-20260812195636-00975.warc.gz	528729	cc payload verified; Document.iwa root type 10000=TP.DocumentArchive; mime=
CC-MAIN-2026-34-cdx-00232-4	83a3ededed44176cea730b5979726df245187b425245c8fbdf6c71a1c7d3785b	pages	pages	https://www.printenbind.nl/uploads/templates/template_A4_26mm_rug_buitenkant.pages	https://data.commoncrawl.org/crawl-data/CC-MAIN-2026-34/segments/1786091385525.56/warc/CC-MAIN-20260812165636-20260812195636-00510.warc.gz	525083	cc payload verified; Document.iwa root type 10000=TP.DocumentArchive; mime=
CC-MAIN-2026-34-cdx-00232-6	c171263044cc1a1a3eda9739aa330fb2e6c9602619dd6fd40b993bb7f50467d1	pages	pages	https://www.printenbind.nl/uploads/templates/template_A5_16mm_rug_binnenkant.pages	https://data.commoncrawl.org/crawl-data/CC-MAIN-2026-34/segments/1786091385525.56/warc/CC-MAIN-20260812165636-20260812195636-00263.warc.gz	529714	cc payload verified; Document.iwa root type 10000=TP.DocumentArchive; mime=
CC-MAIN-2026-34-cdx-00232-9	9c67c593235fd2371214ef4ef50a4caf0909bcae715f00b4456237a27bcfcf6a	pages	pages	https://www.printenbind.nl/uploads/templates/template_A5_6mm_rug_binnenkant.pages	https://data.commoncrawl.org/crawl-data/CC-MAIN-2026-34/segments/1786091385565.71/warc/CC-MAIN-20260813081409-20260813111409-00086.warc.gz	533445	cc payload verified; Document.iwa root type 10000=TP.DocumentArchive; mime=
CC-MAIN-2026-34-cdx-00232-8	33ff3ca4fa598cc0eb1f79efb65b7e2d995baf8ab80530b918c3394d4a20dc26	pages	pages	https://www.printenbind.nl/uploads/templates/template_A5_3mm_rug_buitenkant.pages	https://data.commoncrawl.org/crawl-data/CC-MAIN-2026-34/segments/1786091385350.21/warc/CC-MAIN-20260810160426-20260810190426-00304.warc.gz	526837	cc payload verified; Document.iwa root type 10000=TP.DocumentArchive; mime=
CC-MAIN-2026-34-cdx-00232-7	176bfee2bdbe6a0338f4e3b0dbcf82564a0fff058894a72b3df7121ccefe65ae	pages	pages	https://www.printenbind.nl/uploads/templates/template_A5_18mm_rug_binnenkant.pages	https://data.commoncrawl.org/crawl-data/CC-MAIN-2026-34/segments/1786091385525.56/warc/CC-MAIN-20260812165636-20260812195636-00757.warc.gz	528816	cc payload verified; Document.iwa root type 10000=TP.DocumentArchive; mime=
CC-MAIN-2026-34-cdx-00248-2	4b5a7b9d32af2b02491f3a1afca40ca9aa6c77e60258557e70be1d191804176c	numbers	numbers	https://slaa-ontario.org/wp-content/uploads/2026/06/SLAALiteratureOrderForm-Revised2.numbers	https://data.commoncrawl.org/crawl-data/CC-MAIN-2026-34/segments/1786091679845.84/warc/CC-MAIN-20260818223410-20260819013410-00721.warc.gz	694839	cc payload verified; Document.iwa root type 1=TN.DocumentArchive; mime=
CC-MAIN-2026-34-cdx-00248-1	bdbcfdc26a60d24cfa6cf5a3c8b4bb2b3fd2b612e0afd15d7ce2946e01c35a1e	pages	pages	https://sedgefieldchurch.org/wp-content/uploads/a-Newsletter.2026.4.03.2026-pdf.pages	https://data.commoncrawl.org/crawl-data/CC-MAIN-2026-34/segments/1786091385044.1/warc/CC-MAIN-20260808000048-20260808030048-00324.warc.gz	26000435	origin refetch (cc incomplete: truncated=True digest_ok=True zip_ok=False); Document.iwa root type 10000=TP.DocumentArchive; mime=
CC-MAIN-2026-34-cdx-00248-3	2581bd24b6a32c056722a4b8a74a7dfe4627346d5b3e7fe1a7241a5b129ad70f	legacy	legacy-unknown	https://alex.smola.org/teaching/berkeley2012/slides/10%20Applications.key	https://data.commoncrawl.org/crawl-data/CC-MAIN-2026-34/segments/1786091385460.47/warc/CC-MAIN-20260812074805-20260812104805-00417.warc.gz	24643178	origin refetch (cc incomplete: truncated=True digest_ok=True zip_ok=False); legacy bundle: members=['index.apxl'] (pre-iWork-13); mime=
CC-MAIN-2026-34-cdx-00248-6	51e34f1cddc7987336f9226340fcbe5bd78a99c04de446ca6fa8b2d6e387cc2d	key	keynote	https://www.smp.org/dynamicmedia/files/3b08225710bc290f0a429f66028e7704/TX004448_3_A_OT_and_the_Trinity_Ch_3.key	https://data.commoncrawl.org/crawl-data/CC-MAIN-2026-34/segments/1786091385982.61/warc/CC-MAIN-20260816153610-20260816183610-00127.warc.gz	3394850	cc payload verified; slide iwa present (Index/MasterSlide-5.iwa); root type 1; mime=
CC-MAIN-2026-34-cdx-00248-4	54a0bf2a9ad1b1ccd5a329e18c9e9293a8f6d14d84fafaa5f5ff454a38a300fe	legacy	legacy-unknown	https://alex.smola.org/teaching/cmu2013-10-701/slides/4_Perceptron.key	https://data.commoncrawl.org/crawl-data/CC-MAIN-2026-34/segments/1786091385460.47/warc/CC-MAIN-20260812074805-20260812104805-00727.warc.gz	61728214	origin refetch (cc incomplete: truncated=True digest_ok=True zip_ok=False); legacy bundle: members=['index.apxl'] (pre-iWork-13); mime=
CC-MAIN-2026-34-cdx-00248-7	384a54e3b966a2d1659a755242a8ba734e13e2d9194a8fb572c7803f0e8fb80d	key	keynote	https://www.smp.org/dynamicmedia/files/3f9c5e25378394459bd7c25b2dcfbfce/TX004710-3-PowerPoint-G-Reflecting_on_Wisdom_Literature.key	https://data.commoncrawl.org/crawl-data/CC-MAIN-2026-34/segments/1786091385328.36/warc/CC-MAIN-20260810095832-20260810125832-00202.warc.gz	11211021	origin refetch (cc incomplete: truncated=True digest_ok=True zip_ok=False); slide iwa present (Index/MasterSlide.iwa); root type 1; mime=
CC-MAIN-2026-34-cdx-00248-5	ef5c02504f40842859a5966e9209c84a6eedb7f6ffeadbc5814a624170507e57	legacy	legacy-unknown	http://alex.smola.org/teaching/cmu2013-10-701x/slides/6_SVM.key	https://data.commoncrawl.org/crawl-data/CC-MAIN-2026-34/segments/1786091385460.47/warc/CC-MAIN-20260812074805-20260812104805-00804.warc.gz	106085439	origin refetch (cc incomplete: truncated=True digest_ok=True zip_ok=False); legacy bundle: members=['index.apxl'] (pre-iWork-13); mime=
CC-MAIN-2026-34-cdx-00248-9	e2929950eadcd3e7a44ca5c9fb8d448e2e3d63b6b90c365363a8f35fba97efe7	key	keynote	https://www.smp.org/dynamicmedia/files/ad506ddb45f0462ded68227c7abb0cce/TX004691-3-PowerPoint-Chapter_13-Revelation_in_and_through_Jesus_in_the_Synoptic_Gospels.key	https://data.commoncrawl.org/crawl-data/CC-MAIN-2026-34/segments/1786091385328.36/warc/CC-MAIN-20260810095832-20260810125832-00199.warc.gz	4079697	cc payload verified; slide iwa present (Index/MasterSlide.iwa); root type 1; mime=
CC-MAIN-2026-34-cdx-00248-8	e9c919c803239a2ed3d2e30200239126b0577e04344cb4753274cafb07f642e8	key	keynote	https://www.smp.org/dynamicmedia/files/43c49614b5efa385838502063d19960f/TX004457_3_A_OT_and_the_Trinity_Ch_D.key	https://data.commoncrawl.org/crawl-data/CC-MAIN-2026-34/segments/1786091385982.61/warc/CC-MAIN-20260816153610-20260816183610-00764.warc.gz	5295959	origin refetch (cc incomplete: truncated=True digest_ok=True zip_ok=False); slide iwa present (Index/MasterSlide-4.iwa); root type 1; mime=
CC-MAIN-2026-34-cdx-00248-10	ac753f356a01edaab56120c65e9f2de5d966e90a9d1059a1ca9515adc0124401	legacy	legacy-unknown	https://www.smp.org/dynamicmedia/files/b3f8800f88a5f6cd7ca3f3aedcde43dd/TX001170-3-Powerpoint-Revelation.key	https://data.commoncrawl.org/crawl-data/CC-MAIN-2026-34/segments/1786091385982.61/warc/CC-MAIN-20260816153610-20260816183610-00775.warc.gz	697791	cc payload verified; legacy bundle: members=['index.apxl'] (pre-iWork-13); mime=
CC-MAIN-2026-34-cdx-00248-13	d7dfa8a4b67bf834a7c5fe82a5d0dc73d847116049340f11b553943a09b36af2	numbers	numbers	https://www.swanseavirtualschool.org/wp-content/uploads/2021/02/Parsons-Farewell-Grade-2-cello.numbers	https://data.commoncrawl.org/crawl-data/CC-MAIN-2026-34/segments/1786091385439.63/warc/CC-MAIN-20260811223931-20260812013931-00595.warc.gz	1400040	cc payload verified; Document.iwa root type 1=TN.DocumentArchive; mime=
CC-MAIN-2026-34-cdx-00248-12	8e0fd79dabd05bb920510ad38eac1f51124f526eeec233bcb54cb1678f1a1ec8	pages	pages	https://www.sosmarblehead.org/uploads/1/2/7/0/127051148/agenda_for_3_18_26-ppc_6_.pages	https://data.commoncrawl.org/crawl-data/CC-MAIN-2026-34/segments/1786091385151.2/warc/CC-MAIN-20260808090928-20260808120928-00310.warc.gz	167908	cc payload verified; Document.iwa root type 10000=TP.DocumentArchive; mime=
CC-MAIN-2026-34-cdx-00248-11	67d61a257755839c3cd7fdb4d771c7e414f746349b7a25c27dd53c694d54d92e	legacy	legacy-unknown	https://www.smp.org/dynamicmedia/files/f7c30bbba9eaac458d560773dbd54cdb/TX002171-3-PowerPoint-The_Sacrament_of_Pardon_and_Peace.key	https://data.commoncrawl.org/crawl-data/CC-MAIN-2026-34/segments/1786091385328.36/warc/CC-MAIN-20260810095832-20260810125832-00990.warc.gz	3230074	cc payload verified; legacy bundle: members=['index.apxl'] (pre-iWork-13); mime=
CC-MAIN-2026-34-cdx-00248-14	cab63a6dd0de6172200a7f94544705ff484551d655a76f313b0286a31cc872f7	numbers	numbers	https://www.swellliving.org/wp-content/uploads/2026/07/Homeschool-Schedule-for-Public-posting.numbers	https://data.commoncrawl.org/crawl-data/CC-MAIN-2026-34/segments/1786091385689.11/warc/CC-MAIN-20260814053915-20260814083915-00166.warc.gz	263371	cc payload verified; Document.iwa root type 1=TN.DocumentArchive; mime=
CC-MAIN-2026-34-cdx-00057-2	70b07ecbbb19b057d685d374b10835cda4494baad38eda0056d7e22280589ada	legacy	legacy-unknown	https://danielcjacobs.com/uploads/Some_HERA_slides.key	https://data.commoncrawl.org/crawl-data/CC-MAIN-2026-34/segments/1786091680785.94/warc/CC-MAIN-20260819104324-20260819134324-00788.warc.gz	47851994	origin refetch (cc incomplete: truncated=True digest_ok=True zip_ok=False); legacy bundle: members=['index.apxl'] (pre-iWork-13); mime=
CC-MAIN-2026-34-cdx-00041-1	ce2400bfe88da47651e0adf07eab205971dadbfad2b641c75edd5711fa489718	key	keynote	https://betterprojectsfaster.com/en/learn/talks-w-jax-2021-data-versions-in-java/WJAX%20Muenchen%202021%20-%20Wie%20Datenversionen%20in%20Front-Ends%20von%20Java-Anwendungen%20zeigen.key	https://data.commoncrawl.org/crawl-data/CC-MAIN-2026-34/segments/1786091674238.48/warc/CC-MAIN-20260817191046-20260817221046-00823.warc.gz	10932731	origin refetch (cc incomplete: truncated=True digest_ok=True zip_ok=False); slide iwa present (Index/Slide-4201672.iwa); root type 1; mime=
CC-MAIN-2026-34-cdx-00073-1	a3f26472d17cabcf6b352bf358e3cdb1786b76f1c3f3d1cc09e3886d8928a57c	key	keynote	https://raw.githubusercontent.com/frenchy64/ambrosebs-talks/main/quals.key	https://data.commoncrawl.org/crawl-data/CC-MAIN-2026-34/segments/1786091387263.73/warc/CC-MAIN-20260817095816-20260817125816-00087.warc.gz	67677191	origin refetch (cc incomplete: truncated=True digest_ok=True zip_ok=False); slide iwa present (Index/MasterSlide-3683.iwa); root type 1; mime=
CC-MAIN-2026-34-cdx-00073-2	83aa975fe736092f03c831b4d99a91be5f99cbe43e966af6ad3f318fc4adcc80	key	keynote	https://raw.githubusercontent.com/frenchy64/ambrosebs-talks/main/squash-work-boston-pi-2017.key	https://data.commoncrawl.org/crawl-data/CC-MAIN-2026-34/segments/1786091384964.66/warc/CC-MAIN-20260807103001-20260807133001-00085.warc.gz	10365571	origin refetch (cc incomplete: truncated=True digest_ok=True zip_ok=False); slide iwa present (Index/MasterSlide-7.iwa); root type 1; mime=
CC-MAIN-2026-34-cdx-00073-4	785904db6fe236125cd2768c168178fb0d87c3663fc89ab78ff46b9b0ab6dd94	key	keynote	https://docs.runway.gitlab.com/reference/architecture/runway-arch.key	https://data.commoncrawl.org/crawl-data/CC-MAIN-2026-34/segments/1786091680716.98/warc/CC-MAIN-20260819074055-20260819104055-00474.warc.gz	2949549	cc payload verified; slide iwa present (Index/Slide-2644420.iwa); root type 1; mime=
CC-MAIN-2026-34-cdx-00105-1	9969860ea0a7910c5e96820f1f2d1f294936c4b4a295a92753b65b7cf25f5d67	legacy	legacy-unknown	https://nathanfarrington.com/presentations/hunting-mice-hotnets12.key	https://data.commoncrawl.org/crawl-data/CC-MAIN-2026-34/segments/1786091385699.0/warc/CC-MAIN-20260814084149-20260814114149-00830.warc.gz	10441202	origin refetch (cc incomplete: truncated=True digest_ok=True zip_ok=False); legacy bundle: members=['index.apxl'] (pre-iWork-13); mime=
CC-MAIN-2026-34-cdx-00073-5	de3427d3205ebadc5354759b0ae273c218c66521da1f7dfba66d9dcfb241e119	legacy	legacy-unknown	http://www.god-talking.com/_God-Talking_Com__-__God-Talking_Comment_02_.pages	https://data.commoncrawl.org/crawl-data/CC-MAIN-2026-34/segments/1786091384984.23/warc/CC-MAIN-20260807145234-20260807175234-00043.warc.gz	243470	cc payload verified; legacy bundle: members=['index.xml'] (pre-iWork-13); mime=
CC-MAIN-2026-34-cdx-00169-1	b6cb26acd6718ac51e603d3373ea591bc834012a5a0541704b7f82c6cdec59a5	pages	pages	https://verschickungsheime.de/wp-content/uploads/2024/08/Beispielorganisation-VeH.pages	https://data.commoncrawl.org/crawl-data/CC-MAIN-2026-34/segments/1786091385982.61/warc/CC-MAIN-20260816153610-20260816183610-00757.warc.gz	299611	cc payload verified; Document.iwa root type 10000=TP.DocumentArchive; mime=
CC-MAIN-2026-34-cdx-00153-1	f2a516705f13c97bf11aa35576e79d5df580d53d0b7dde348b5e1d69aa8f575c	pages	pages	https://www.theo.ac.cy/wp-content/uploads/2021/05/afb94bb24765e9373a99c45d2329645b.pages	https://data.commoncrawl.org/crawl-data/CC-MAIN-2026-34/segments/1786091385452.6/warc/CC-MAIN-20260812044543-20260812074543-00404.warc.gz	2673746	cc payload verified; Document.iwa root type 10000=TP.DocumentArchive; mime=
CC-MAIN-2026-34-cdx-00137-1	27254104743d0d671674bbb7835c80ea1c324b0024834e5d7aa5cc5d10b98a11	pages	pages	https://www.thelastamericanvagabond.com/wp-content/uploads/2021/01/NIH_Biosketch_James_LyonsWeiler11_2020.pages	https://data.commoncrawl.org/crawl-data/CC-MAIN-2026-34/segments/1786091385574.53/warc/CC-MAIN-20260813111745-20260813141745-00131.warc.gz	206841	cc payload verified; Document.iwa root type 10000=TP.DocumentArchive; mime=
CC-MAIN-2026-34-cdx-00169-2	b8f6d6e1e3e4c353b689d783f1cc3283f4a6f53ff305f9d989b42868354da155	pages	pages	http://xn--wingtsun-niebll-cwb.de/wp-content/uploads/2024/02/Modell-der-zyklischen-Beziehung-angenehmer-und-unangenehmer-Gefuehle.pages	https://data.commoncrawl.org/crawl-data/CC-MAIN-2026-34/segments/1786091385565.71/warc/CC-MAIN-20260813081409-20260813111409-00352.warc.gz	558068	cc payload verified; Document.iwa root type 10000=TP.DocumentArchive; mime=
CC-MAIN-2026-34-cdx-00185-1	be16f79f749425945e674ce3f42ad4190069fcc7257a0d540d9d3078261d5946	pages	pages	https://mairie-montastruc.fr/_attachment/registre-des-personnes-fragiles-isolees-article/Bulletin%20d'inscription%20au%20registre%20des%20personnes%20fragiles%20.pages?download=true	https://data.commoncrawl.org/crawl-data/CC-MAIN-2026-34/segments/1786091385413.38/warc/CC-MAIN-20260811042123-20260811072123-00667.warc.gz	334686	cc payload verified; Document.iwa root type 10000=TP.DocumentArchive; mime=
CC-MAIN-2026-34-cdx-00185-3	f99ba141bdebd83662f0da0551e7d9f718f4a71b907d6ab07ffc03cb6a3c38dc	pages	pages	https://maitressemegane.fr/wp-content/uploads/2020/01/PDT-trame-pages.pages	https://data.commoncrawl.org/crawl-data/CC-MAIN-2026-34/segments/1786091386141.90/warc/CC-MAIN-20260816214409-20260817004409-00234.warc.gz	130489	cc payload verified; Document.iwa root type 10000=TP.DocumentArchive; mime=
CC-MAIN-2026-34-cdx-00057-1	eea6c10adef5163e195d25838168d719ed6d34c338c9bcb5987c421b491669b9	legacy	legacy-unknown	https://danielcjacobs.com/uploads/Jacobs_exascale_April_2014.key	https://data.commoncrawl.org/crawl-data/CC-MAIN-2026-34/segments/1786091680785.94/warc/CC-MAIN-20260819104324-20260819134324-00132.warc.gz	153781964	origin refetch (cc incomplete: truncated=True digest_ok=True zip_ok=False); legacy bundle: members=['index.apxl'] (pre-iWork-13); mime=
CC-MAIN-2026-34-cdx-00185-2	95577fa077a3ecd3ea8c0adfb94eaf39547052127a9df49803dbdf7dab6c0ed8	pages	pages	https://www.maitrefafa.fr/wp-content/uploads/2025/01/livrert-qr-codes.pages	https://data.commoncrawl.org/crawl-data/CC-MAIN-2026-34/segments/1786091387263.73/warc/CC-MAIN-20260817095816-20260817125816-00698.warc.gz	817934	cc payload verified; Document.iwa root type 10000=TP.DocumentArchive; mime=
CC-MAIN-2026-34-cdx-00201-1	7bd8e2de5f4f1a8c1cd375272e46bff929806e6a2c50d6f9528dc301294ca266	pages	pages	https://www.piemonte.agesci.it/wp-content/uploads/2019/06/Verbale-Ass-Reg-31-marzo-2019-def.pages	https://data.commoncrawl.org/crawl-data/CC-MAIN-2026-34/segments/1786091385515.44/warc/CC-MAIN-20260812135259-20260812165259-00429.warc.gz	1086252	cc payload verified; Document.iwa root type 10000=TP.DocumentArchive; mime=
CC-MAIN-2026-34-cdx-00201-3	220e55522fa3caaa2664d47218d528d4c2275e793814772dd99e00b9642c0b44	key	keynote	https://www.auge.it/wp/wp-content/uploads/2026/04/Modulo1_UNEP_2026_v2.key	https://data.commoncrawl.org/crawl-data/CC-MAIN-2026-34/segments/1786091385536.64/warc/CC-MAIN-20260812200004-20260812230004-00553.warc.gz	1140677	cc payload verified; slide iwa present (Index/Slide-613-2.iwa); root type 1; mime=
CC-MAIN-2026-34-cdx-00201-2	77179e47ede6cbefd66175c9bab43db7a3769ee84d667249aca1d3c675dc5f6c	legacy	legacy-unknown	https://www.ascenedese.it/docs/review-pages.pages	https://data.commoncrawl.org/crawl-data/CC-MAIN-2026-34/segments/1786091385982.61/warc/CC-MAIN-20260816153610-20260816183610-00918.warc.gz	121158	cc payload verified; legacy bundle: members=['index.xml'] (pre-iWork-13); mime=
CC-MAIN-2026-34-cdx-00217-1	7edb1b23ebd633375346e736cd4a131d307ee846fd6cd5f7d4f75188d3683c99	pages	pages	https://engeco.mc/content/download/549/pdf_file/UBS%20-%20GB2%20-%20Pr%C3%A9sentation%20aux%20riverains.pages?inLanguage=fre-FR&version=165	https://data.commoncrawl.org/crawl-data/CC-MAIN-2026-34/segments/1786091681394.92/warc/CC-MAIN-20260819164830-20260819194830-00195.warc.gz	5189010	cc payload verified; Document.iwa root type 10000=TP.DocumentArchive; mime=
CC-MAIN-2026-34-cdx-00217-4	ab87dfdfdaa18fffa6f585eb0d4a7f1ee122688d311ab7d8d95e98323300c4d0	legacy	legacy-unknown	http://cavar.me/cls2010/resources/SummerSchoolSchedule.numbers	https://data.commoncrawl.org/crawl-data/CC-MAIN-2026-34/segments/1786091387120.69/warc/CC-MAIN-20260817065350-20260817095350-00817.warc.gz	331262	cc payload verified; legacy bundle: members=['index.xml'] (pre-iWork-13); mime=
CC-MAIN-2026-34-cdx-00233-1	918d5b9fca8ea3a9e2e1531a0bf09203dfb558516632836979595d01ac2da072	pages	pages	https://www.zorgheldopsokken.nl/wp-content/uploads/2026/07/Zorgheldopsokken-Voorbeeld-modelformulier-voor-herroeping-2-2.pages	https://data.commoncrawl.org/crawl-data/CC-MAIN-2026-34/segments/1786091387120.69/warc/CC-MAIN-20260817065350-20260817095350-00359.warc.gz	705441	cc payload verified; Document.iwa root type 10000=TP.DocumentArchive; mime=
CC-MAIN-2026-34-cdx-00185-4	25f4b519ec3fefa2f899cc800d784702361e23ca73d713b40184b52dd86bbe87	pages	pages	https://maitressemegane.fr/wp-content/uploads/2023/12/Ateliers-autonomes-mode%CC%80le-fiche-de-suivi.pages	https://data.commoncrawl.org/crawl-data/CC-MAIN-2026-34/segments/1786091386141.90/warc/CC-MAIN-20260816214409-20260817004409-00193.warc.gz	8326272	origin refetch (cc incomplete: truncated=True digest_ok=True zip_ok=False); Document.iwa root type 10000=TP.DocumentArchive; mime=
CC-MAIN-2026-34-cdx-00249-2	e17635a2f0c73639a075b4311aa0bbb9e28f44307ac88bcb7de7665d32091cf5	legacy	legacy-unknown	https://www.uahirise.org/epo/nuggets/polar-topography.key	https://data.commoncrawl.org/crawl-data/CC-MAIN-2026-34/segments/1786091385574.53/warc/CC-MAIN-20260813111745-20260813141745-00990.warc.gz	1640745	cc payload verified; legacy bundle: members=['index.apxl'] (pre-iWork-13); mime=
CC-MAIN-2026-34-cdx-00217-3	22027da69a62e60fe3fe556ca2a2abdcbc73105eb6564c3decdf3c0db33e9f41	key	keynote	https://beanway.me/academic-blurb/talk-slides/triangulating-once-punctured-torus-bundles.key	https://data.commoncrawl.org/crawl-data/CC-MAIN-2026-34/segments/1786091385699.0/warc/CC-MAIN-20260814084149-20260814114149-00449.warc.gz	27116860	origin refetch (cc incomplete: truncated=True digest_ok=True zip_ok=False); slide iwa present (Index/Slide-2644420.iwa); root type 1; mime=
CC-MAIN-2026-34-cdx-00217-5	c35bd31d6622eba29da8f5ad7473acdc48296873e69b36b87a9a58285d7fa784	key	keynote	https://talks.cpsievert.me/20201215/rstudio-global.key	https://data.commoncrawl.org/crawl-data/CC-MAIN-2026-34/segments/1786091385858.80/warc/CC-MAIN-20260815181639-20260815211639-00018.warc.gz	23066546	origin refetch (cc incomplete: truncated=True digest_ok=True zip_ok=False); slide iwa present (Index/MasterSlide-9093.iwa); root type 1; mime=
CC-MAIN-2026-34-cdx-00249-3	a6a28a25275231a8846960763577938fee76f36d75034a69ca8ddc3be2b26f13	legacy	legacy-unknown	https://www.uahirise.org/es/hislides/ESP_026992_2025.key	https://data.commoncrawl.org/crawl-data/CC-MAIN-2026-34/segments/1786091385565.71/warc/CC-MAIN-20260813081409-20260813111409-00199.warc.gz	1925839	cc payload verified; legacy bundle: members=['index.apxl'] (pre-iWork-13); mime=
CC-MAIN-2026-34-cdx-00249-4	a20d39f2fada758328ba0c748c4d99486fe05c5e814fcf9a7497968b71f42d32	legacy	legacy-unknown	https://www.uahirise.org/es/hislides/ESP_030014_1245.key	https://data.commoncrawl.org/crawl-data/CC-MAIN-2026-34/segments/1786091385961.45/warc/CC-MAIN-20260816093115-20260816123115-00448.warc.gz	3039941	cc payload verified; legacy bundle: members=['index.apxl'] (pre-iWork-13); mime=
CC-MAIN-2026-34-cdx-00249-6	29a280ac9da7e0857d7f95c9874d1ba9d917d00014340b476d750d95775ceac0	legacy	legacy-unknown	https://www.uahirise.org/es/hislides/ESP_034234_1255.key	https://data.commoncrawl.org/crawl-data/CC-MAIN-2026-34/segments/1786091679845.84/warc/CC-MAIN-20260818223410-20260819013410-00587.warc.gz	3081725	cc payload verified; legacy bundle: members=['index.apxl'] (pre-iWork-13); mime=
CC-MAIN-2026-34-cdx-00249-1	fb97b738e068b4659e5ff6bc77a8ee886af0c96020c154a365a7c7ad77ce08d1	pages	pages	https://www.therapeuticdimensions.org/wp-content/uploads/Welcome-Letter-TD-3.pages	https://data.commoncrawl.org/crawl-data/CC-MAIN-2026-34/segments/1786091680284.93/warc/CC-MAIN-20260819043921-20260819073921-00054.warc.gz	9165864	origin refetch (cc incomplete: truncated=True digest_ok=True zip_ok=False); Document.iwa root type 10000=TP.DocumentArchive; mime=
CC-MAIN-2026-34-cdx-00249-7	57f48a1adef34ad8ed52b0e00fff1c815f2090385e3461a8a08558cb547860fc	legacy	legacy-unknown	https://www.uahirise.org/fr/hislides/ESP_030014_1245.key	https://data.commoncrawl.org/crawl-data/CC-MAIN-2026-34/segments/1786091385993.82/warc/CC-MAIN-20260816183940-20260816213940-00258.warc.gz	3041574	cc payload verified; legacy bundle: members=['index.apxl'] (pre-iWork-13); mime=
CC-MAIN-2026-34-cdx-00249-5	9d0ec42529405f52103ee7e97c9933044ed82fdfae84aca187d19bec3b9863e0	legacy	legacy-unknown	https://www.uahirise.org/es/hislides/ESP_032436_1755.key	https://data.commoncrawl.org/crawl-data/CC-MAIN-2026-34/segments/1786091385574.53/warc/CC-MAIN-20260813111745-20260813141745-00138.warc.gz	3048784	cc payload verified; legacy bundle: members=['index.apxl'] (pre-iWork-13); mime=
CC-MAIN-2026-34-cdx-00249-8	d30ca9665867ecf65c8202deb100c822fbb4d628be928775e625af042d439984	legacy	legacy-unknown	https://www.uahirise.org/fr/hislides/ESP_032562_1670.key	https://data.commoncrawl.org/crawl-data/CC-MAIN-2026-34/segments/1786091385565.71/warc/CC-MAIN-20260813081409-20260813111409-00922.warc.gz	3880667	cc payload verified; legacy bundle: members=['index.apxl'] (pre-iWork-13); mime=
CC-MAIN-2026-34-cdx-00249-10	5d18d497ae0614d7e5129e7452a43feabccc0bc4570f82e267851d89deec8346	legacy	legacy-unknown	https://www.uahirise.org/it/hislides/ESP_027864_2295.key	https://data.commoncrawl.org/crawl-data/CC-MAIN-2026-34/segments/1786091385565.71/warc/CC-MAIN-20260813081409-20260813111409-00890.warc.gz	1789601	cc payload verified; legacy bundle: members=['index.apxl'] (pre-iWork-13); mime=
CC-MAIN-2026-34-cdx-00249-9	0189c9dc3da0c1477042f5e4e7594116b4baa7621f7ed747808f9833a168e14a	legacy	legacy-unknown	https://www.uahirise.org/it/hislides/ESP_023328_1325.key	https://data.commoncrawl.org/crawl-data/CC-MAIN-2026-34/segments/1786091385993.82/warc/CC-MAIN-20260816183940-20260816213940-00084.warc.gz	5236417	cc payload verified; legacy bundle: members=['index.apxl'] (pre-iWork-13); mime=
CC-MAIN-2026-34-cdx-00249-12	330a341fcfc9a7765b9ce9979198c33f5e8f8ef4e43bccbdc86dbaeb6d129856	legacy	legacy-unknown	https://www.uahirise.org/nl/hislides/ESP_030014_1245.key	https://data.commoncrawl.org/crawl-data/CC-MAIN-2026-34/segments/1786091385961.45/warc/CC-MAIN-20260816093115-20260816123115-00696.warc.gz	3974816	cc payload verified; legacy bundle: members=['index.apxl'] (pre-iWork-13); mime=
CC-MAIN-2026-34-cdx-00249-11	3149666f0b12384d30b0bd0bfe04e928b232f938b98ce34bb71133d07c969eae	legacy	legacy-unknown	https://www.uahirise.org/nl/hislides/ESP_027864_2295.key	https://data.commoncrawl.org/crawl-data/CC-MAIN-2026-34/segments/1786091385565.71/warc/CC-MAIN-20260813081409-20260813111409-00911.warc.gz	2764034	cc payload verified; legacy bundle: members=['index.apxl'] (pre-iWork-13); mime=
CC-MAIN-2026-34-cdx-00249-13	5a5ab4de4bdfcc52882f3957237ceccb02b3ac56cfae98ae5b4bc175027a0b5a	legacy	legacy-unknown	https://www.uahirise.org/pt/hislides/ESP_023674_1590.key	https://data.commoncrawl.org/crawl-data/CC-MAIN-2026-34/segments/1786091385565.71/warc/CC-MAIN-20260813081409-20260813111409-00135.warc.gz	5236604	cc payload verified; legacy bundle: members=['index.apxl'] (pre-iWork-13); mime=
CC-MAIN-2026-34-cdx-00249-15	191cc1f4c99d6f76f9c70bca263c7a3eb4eba71a97b09cc277fb9292b1cfd0b2	legacy	legacy-unknown	https://static.uahirise.org/epo/hislides/ESP_020945_1690.key	https://data.commoncrawl.org/crawl-data/CC-MAIN-2026-34/segments/1786091386141.90/warc/CC-MAIN-20260816214409-20260817004409-00237.warc.gz	4535751	cc payload verified; legacy bundle: members=['index.apxl'] (pre-iWork-13); mime=
CC-MAIN-2026-34-cdx-00249-14	16251c5105e65488c3b2eeec6c90168c7b95ddce2b889e4e378c7295bb981c95	legacy	legacy-unknown	https://static.uahirise.org/epo/hislides/ESP_020914_0930.key	https://data.commoncrawl.org/crawl-data/CC-MAIN-2026-34/segments/1786091681394.92/warc/CC-MAIN-20260819164830-20260819194830-00677.warc.gz	2290132	cc payload verified; legacy bundle: members=['index.apxl'] (pre-iWork-13); mime=
CC-MAIN-2026-34-cdx-00249-18	f985e405ede3f7efb190ff761fb3e35b07579188b30188362c3cfa7ba95d4630	legacy	legacy-unknown	https://static.uahirise.org/epo/hislides/ESP_022949_1650.key	https://data.commoncrawl.org/crawl-data/CC-MAIN-2026-34/segments/1786091681394.92/warc/CC-MAIN-20260819164830-20260819194830-00599.warc.gz	2805132	cc payload verified; legacy bundle: members=['index.apxl'] (pre-iWork-13); mime=
CC-MAIN-2026-34-cdx-00249-17	52305625c65a7788fe9e80bd0141fa98c4045f19e76bcf06b878dbac307a9e3e	legacy	legacy-unknown	https://static.uahirise.org/epo/hislides/ESP_022774_1865.key	https://data.commoncrawl.org/crawl-data/CC-MAIN-2026-34/segments/1786091681394.92/warc/CC-MAIN-20260819164830-20260819194830-00023.warc.gz	2770569	cc payload verified; legacy bundle: members=['index.apxl'] (pre-iWork-13); mime=
CC-MAIN-2026-34-cdx-00249-16	982905a0909d96ca7f338b85317739d66b70e547f4e40fe8105cd4b433f77536	legacy	legacy-unknown	https://static.uahirise.org/epo/hislides/ESP_021699_1405.key	https://data.commoncrawl.org/crawl-data/CC-MAIN-2026-34/segments/1786091386141.90/warc/CC-MAIN-20260816214409-20260817004409-00382.warc.gz	20918139	origin refetch (cc incomplete: truncated=True digest_ok=True zip_ok=False); legacy bundle: members=['index.apxl'] (pre-iWork-13); mime=
CC-MAIN-2026-34-cdx-00249-20	60f5e141ce0dc470cbfad9af25c6cbe071644c9b9ea9a6e8a80ad32f84626cce	legacy	legacy-unknown	https://static.uahirise.org/epo/hislides/ESP_023099_1545.key	https://data.commoncrawl.org/crawl-data/CC-MAIN-2026-34/segments/1786091681394.92/warc/CC-MAIN-20260819164830-20260819194830-00987.warc.gz	3128146	cc payload verified; legacy bundle: members=['index.apxl'] (pre-iWork-13); mime=
CC-MAIN-2026-34-cdx-00249-19	470bf8045cbb05a0f173ff8ab57210c7733da92ef2810523853d289f57633bcd	legacy	legacy-unknown	https://static.uahirise.org/epo/hislides/ESP_022998_0980.key	https://data.commoncrawl.org/crawl-data/CC-MAIN-2026-34/segments/1786091681394.92/warc/CC-MAIN-20260819164830-20260819194830-00062.warc.gz	3763001	cc payload verified; legacy bundle: members=['index.apxl'] (pre-iWork-13); mime=
CC-MAIN-2026-34-cdx-00249-21	d80895a914223ff6f6016ccd8061a9cf4bc249f97e6845857716f8e14af48275	legacy	legacy-unknown	https://static.uahirise.org/epo/hislides/ESP_023314_1440.key	https://data.commoncrawl.org/crawl-data/CC-MAIN-2026-34/segments/1786091681394.92/warc/CC-MAIN-20260819164830-20260819194830-00719.warc.gz	4213072	cc payload verified; legacy bundle: members=['index.apxl'] (pre-iWork-13); mime=
CC-MAIN-2026-34-cdx-00249-22	57d11b3a4f8c210f93bc987b477df6a4f7901a4a9b99c023645648d460f471bf	legacy	legacy-unknown	https://static.uahirise.org/epo/hislides/ESP_023734_1270.key	https://data.commoncrawl.org/crawl-data/CC-MAIN-2026-34/segments/1786091681394.92/warc/CC-MAIN-20260819164830-20260819194830-00264.warc.gz	2486044	cc payload verified; legacy bundle: members=['index.apxl'] (pre-iWork-13); mime=
CC-MAIN-2026-34-cdx-00249-23	ffb2811d0cf8fd53f844d430b8bd774a6062fabb7d23d00db25ca4fbe04751f4	legacy	legacy-unknown	https://static.uahirise.org/epo/hislides/ESP_024103_2565.key	https://data.commoncrawl.org/crawl-data/CC-MAIN-2026-34/segments/1786091681394.92/warc/CC-MAIN-20260819164830-20260819194830-00765.warc.gz	3018898	cc payload verified; legacy bundle: members=['index.apxl'] (pre-iWork-13); mime=
CC-MAIN-2026-34-cdx-00249-26	706db32c93a145811b1166c7ee922ab2eb8dbe5a31b883d9e2f01b4814ef5e45	legacy	legacy-unknown	https://static.uahirise.org/epo/hislides/ESP_025020_1720.key	https://data.commoncrawl.org/crawl-data/CC-MAIN-2026-34/segments/1786091681394.92/warc/CC-MAIN-20260819164830-20260819194830-00302.warc.gz	3213451	cc payload verified; legacy bundle: members=['index.apxl'] (pre-iWork-13); mime=
CC-MAIN-2026-34-cdx-00249-27	e646f5df69f2f6b7bb722cc077bbf6b7e6ce09e79c04d49aae2f2b844e567e0d	legacy	legacy-unknown	https://static.uahirise.org/epo/hislides/ESP_025067_1970.key	https://data.commoncrawl.org/crawl-data/CC-MAIN-2026-34/segments/1786091681394.92/warc/CC-MAIN-20260819164830-20260819194830-00040.warc.gz	3321832	cc payload verified; legacy bundle: members=['index.apxl'] (pre-iWork-13); mime=
CC-MAIN-2026-34-cdx-00249-24	17004b9db0d056c249c49f03b74018ecd2f7ca3d238f02093ac63cfe56ab54b1	legacy	legacy-unknown	https://static.uahirise.org/epo/hislides/ESP_024473_2205.key	https://data.commoncrawl.org/crawl-data/CC-MAIN-2026-34/segments/1786091681394.92/warc/CC-MAIN-20260819164830-20260819194830-00996.warc.gz	4135806	cc payload verified; legacy bundle: members=['index.apxl'] (pre-iWork-13); mime=
CC-MAIN-2026-34-cdx-00249-30	4c650b302c9779ca9583e1374628a2430155540ef0d076e9f8a36ffa8a4c913d	legacy	legacy-unknown	https://static.uahirise.org/epo/hislides/ESP_025646_1440.key	https://data.commoncrawl.org/crawl-data/CC-MAIN-2026-34/segments/1786091681394.92/warc/CC-MAIN-20260819164830-20260819194830-00719.warc.gz	2615584	cc payload verified; legacy bundle: members=['index.apxl'] (pre-iWork-13); mime=
CC-MAIN-2026-34-cdx-00249-25	33d3a4a4970b79c517cedc7d838842701a8bc13d8586a499098aed95957ab79e	legacy	legacy-unknown	https://static.uahirise.org/epo/hislides/ESP_025010_2650.key	https://data.commoncrawl.org/crawl-data/CC-MAIN-2026-34/segments/1786091681394.92/warc/CC-MAIN-20260819164830-20260819194830-00120.warc.gz	2679747	cc payload verified; legacy bundle: members=['index.apxl'] (pre-iWork-13); mime=
CC-MAIN-2026-34-cdx-00249-31	f381bae11112fd079cd47afbb12741b826478e54457976105acd3c251de66aa5	legacy	legacy-unknown	https://static.uahirise.org/epo/hislides/ESP_025716_2200.key	https://data.commoncrawl.org/crawl-data/CC-MAIN-2026-34/segments/1786091681394.92/warc/CC-MAIN-20260819164830-20260819194830-00940.warc.gz	1940234	cc payload verified; legacy bundle: members=['index.apxl'] (pre-iWork-13); mime=
CC-MAIN-2026-34-cdx-00249-28	e9a45d64009b820de5df0cd398e1673086e79d7f82ae8549586937295b1c55c5	legacy	legacy-unknown	https://static.uahirise.org/epo/hislides/ESP_025415_1675.key	https://data.commoncrawl.org/crawl-data/CC-MAIN-2026-34/segments/1786091681394.92/warc/CC-MAIN-20260819164830-20260819194830-00691.warc.gz	2222779	cc payload verified; legacy bundle: members=['index.apxl'] (pre-iWork-13); mime=
CC-MAIN-2026-34-cdx-00249-32	4cf5d0b19ac888de9bc73f8a433dac2838e351ef5d54b0827a9cba973748d8c6	numbers	numbers	https://static.uahirise.org/epo/hislides/ESP_025840_2240.key	https://data.commoncrawl.org/crawl-data/CC-MAIN-2026-34/segments/1786091681394.92/warc/CC-MAIN-20260819164830-20260819194830-00512.warc.gz	3513442	cc payload verified; Document.iwa root type 1=TN.DocumentArchive; mime=
CC-MAIN-2026-34-cdx-00249-34	a635770543e7743bb849620c8151e58650c927a1debb3ef14436b552c8afb9fc	legacy	legacy-unknown	https://static.uahirise.org/epo/hislides/ESP_026312_1700.key	https://data.commoncrawl.org/crawl-data/CC-MAIN-2026-34/segments/1786091681394.92/warc/CC-MAIN-20260819164830-20260819194830-00499.warc.gz	2222865	cc payload verified; legacy bundle: members=['index.apxl'] (pre-iWork-13); mime=
CC-MAIN-2026-34-cdx-00249-29	5baa9fd62bbf3c98abe4ff79ddaf853a993554d6e814b6ca966cf3e14490082f	legacy	legacy-unknown	https://static.uahirise.org/epo/hislides/ESP_025620_2275.key	https://data.commoncrawl.org/crawl-data/CC-MAIN-2026-34/segments/1786091386141.90/warc/CC-MAIN-20260816214409-20260817004409-00554.warc.gz	3954156	cc payload verified; legacy bundle: members=['index.apxl'] (pre-iWork-13); mime=
CC-MAIN-2026-34-cdx-00249-33	e864a6289b0b1884e1b4b710899a181c312b25758a547c39376372bf34c539de	legacy	legacy-unknown	https://static.uahirise.org/epo/hislides/ESP_025900_1330.key	https://data.commoncrawl.org/crawl-data/CC-MAIN-2026-34/segments/1786091681394.92/warc/CC-MAIN-20260819164830-20260819194830-00918.warc.gz	1483930	cc payload verified; legacy bundle: members=['index.apxl'] (pre-iWork-13); mime=
CC-MAIN-2026-34-cdx-00249-37	ee7f6168d051691adfa1dfbc9873b462878dfacfc9960dfec115634da0bfd678	legacy	legacy-unknown	https://static.uahirise.org/epo/hislides/ESP_026515_1435.key	https://data.commoncrawl.org/crawl-data/CC-MAIN-2026-34/segments/1786091681394.92/warc/CC-MAIN-20260819164830-20260819194830-00085.warc.gz	1460573	cc payload verified; legacy bundle: members=['index.apxl'] (pre-iWork-13); mime=
CC-MAIN-2026-34-cdx-00249-35	e2bc25142ff3504e8127f6ab2d5aa45b257f84d35e5687e224340ebb817f42a1	legacy	legacy-unknown	https://static.uahirise.org/epo/hislides/ESP_026412_2035.key	https://data.commoncrawl.org/crawl-data/CC-MAIN-2026-34/segments/1786091681394.92/warc/CC-MAIN-20260819164830-20260819194830-00140.warc.gz	3296965	cc payload verified; legacy bundle: members=['index.apxl'] (pre-iWork-13); mime=
CC-MAIN-2026-34-cdx-00249-38	28c380bcf14828d69accd7cc6a05387ea8facdad0bc23b520836fd1dffc30c6f	legacy	legacy-unknown	https://static.uahirise.org/epo/hislides/ESP_026738_2080.key	https://data.commoncrawl.org/crawl-data/CC-MAIN-2026-34/segments/1786091681394.92/warc/CC-MAIN-20260819164830-20260819194830-00995.warc.gz	2040780	cc payload verified; legacy bundle: members=['index.apxl'] (pre-iWork-13); mime=
CC-MAIN-2026-34-cdx-00249-39	b81d36903409e3879104e67a4a159b38c0d7cabc26d8cd74ddf17f373d1d67a6	legacy	legacy-unknown	https://static.uahirise.org/epo/hislides/ESP_027236_1680.key	https://data.commoncrawl.org/crawl-data/CC-MAIN-2026-34/segments/1786091681394.92/warc/CC-MAIN-20260819164830-20260819194830-00858.warc.gz	1903259	cc payload verified; legacy bundle: members=['index.apxl'] (pre-iWork-13); mime=
CC-MAIN-2026-34-cdx-00249-36	5abc607d85502fd0cf050043139dee98e52cc6c9bb796319deca5aa6fecb6db0	legacy	legacy-unknown	https://static.uahirise.org/epo/hislides/ESP_026461_2080.key	https://data.commoncrawl.org/crawl-data/CC-MAIN-2026-34/segments/1786091681394.92/warc/CC-MAIN-20260819164830-20260819194830-00592.warc.gz	2367419	cc payload verified; legacy bundle: members=['index.apxl'] (pre-iWork-13); mime=
CC-MAIN-2026-34-cdx-00249-40	0a4d8a32d8c3ead71c304fea034e0991392df07d3d7fa044540e6f13813fd3cb	legacy	legacy-unknown	https://static.uahirise.org/epo/hislides/ESP_027417_2200.key	https://data.commoncrawl.org/crawl-data/CC-MAIN-2026-34/segments/1786091681394.92/warc/CC-MAIN-20260819164830-20260819194830-00912.warc.gz	1762615	cc payload verified; legacy bundle: members=['index.apxl'] (pre-iWork-13); mime=
CC-MAIN-2026-34-cdx-00249-41	28a00610bd66a10604bc21bde309b72ee654d3c4c3044c495e35b11106869e98	legacy	legacy-unknown	https://static.uahirise.org/epo/hislides/ESP_027610_2205.key	https://data.commoncrawl.org/crawl-data/CC-MAIN-2026-34/segments/1786091681394.92/warc/CC-MAIN-20260819164830-20260819194830-00842.warc.gz	1894848	cc payload verified; legacy bundle: members=['index.apxl'] (pre-iWork-13); mime=
CC-MAIN-2026-34-cdx-00249-43	3527c6befc25c71029f7483ba0e9d8fedda366c40fd06d941137801940a6d177	legacy	legacy-unknown	https://static.uahirise.org/epo/hislides/ESP_028004_1825.key	https://data.commoncrawl.org/crawl-data/CC-MAIN-2026-34/segments/1786091386141.90/warc/CC-MAIN-20260816214409-20260817004409-00617.warc.gz	1970142	cc payload verified; legacy bundle: members=['index.apxl'] (pre-iWork-13); mime=
CC-MAIN-2026-34-cdx-00249-44	0764ab0ad938d7479ff6f87181b8c9065434d686dadaea33ce19b34835d97b05	legacy	legacy-unknown	https://static.uahirise.org/epo/hislides/ESP_028269_1755.key	https://data.commoncrawl.org/crawl-data/CC-MAIN-2026-34/segments/1786091681394.92/warc/CC-MAIN-20260819164830-20260819194830-00036.warc.gz	1506991	cc payload verified; legacy bundle: members=['index.apxl'] (pre-iWork-13); mime=
CC-MAIN-2026-34-cdx-00249-42	6b888db0af811e102155e4553b0e0f8ed6a8ca28dbfd9a4ab5388f4cffe374c9	legacy	legacy-unknown	https://static.uahirise.org/epo/hislides/ESP_027973_1650.key	https://data.commoncrawl.org/crawl-data/CC-MAIN-2026-34/segments/1786091681394.92/warc/CC-MAIN-20260819164830-20260819194830-00461.warc.gz	1842511	cc payload verified; legacy bundle: members=['index.apxl'] (pre-iWork-13); mime=
CC-MAIN-2026-34-cdx-00249-47	9feceb06245ce3cb4c237e96d92659376ff6341b5a2731080deb6c7d91b274b0	legacy	legacy-unknown	https://static.uahirise.org/epo/hislides/ESP_029583_1825.key	https://data.commoncrawl.org/crawl-data/CC-MAIN-2026-34/segments/1786091681394.92/warc/CC-MAIN-20260819164830-20260819194830-00374.warc.gz	2059089	cc payload verified; legacy bundle: members=['index.apxl'] (pre-iWork-13); mime=
CC-MAIN-2026-34-cdx-00249-45	3c2e8b5bdbce3a6f50a1635648c3c8eed2734d9a67e01344db7e0dbd542b95c7	legacy	legacy-unknown	https://static.uahirise.org/epo/hislides/ESP_028288_1720.key	https://data.commoncrawl.org/crawl-data/CC-MAIN-2026-34/segments/1786091681394.92/warc/CC-MAIN-20260819164830-20260819194830-00413.warc.gz	2349953	cc payload verified; legacy bundle: members=['index.apxl'] (pre-iWork-13); mime=
CC-MAIN-2026-34-cdx-00249-46	7d60439bf284551618aa2622a9ea2918cb95db6fcd1d04f6eb3a5abd3c0e3d43	legacy	legacy-unknown	https://static.uahirise.org/epo/hislides/ESP_029545_0950.key	https://data.commoncrawl.org/crawl-data/CC-MAIN-2026-34/segments/1786091681394.92/warc/CC-MAIN-20260819164830-20260819194830-00050.warc.gz	2990288	cc payload verified; legacy bundle: members=['index.apxl'] (pre-iWork-13); mime=
CC-MAIN-2026-34-cdx-00249-49	c02fd7b4f6bca98460b0a54d51dcbf0549b5afc647fc78bed8ee767f7e2a183a	legacy	legacy-unknown	https://static.uahirise.org/epo/hislides/ESP_029877_2160.key	https://data.commoncrawl.org/crawl-data/CC-MAIN-2026-34/segments/1786091681394.92/warc/CC-MAIN-20260819164830-20260819194830-00085.warc.gz	2416851	cc payload verified; legacy bundle: members=['index.apxl'] (pre-iWork-13); mime=
CC-MAIN-2026-34-cdx-00249-48	d46386ead6d94a8f38f831edfd68728032c86b3dd58fc26bc68faa789fc978e3	legacy	legacy-unknown	https://static.uahirise.org/epo/hislides/ESP_029660_1350.key	https://data.commoncrawl.org/crawl-data/CC-MAIN-2026-34/segments/1786091681394.92/warc/CC-MAIN-20260819164830-20260819194830-00769.warc.gz	2239642	cc payload verified; legacy bundle: members=['index.apxl'] (pre-iWork-13); mime=
CC-MAIN-2026-34-cdx-00249-53	94ab662651fc6385c9eb92f8d79782a8edc86d0fc0723690a6dfd6751a02c4d2	legacy	legacy-unknown	https://static.uahirise.org/epo/hislides/ESP_032573_1775.key	https://data.commoncrawl.org/crawl-data/CC-MAIN-2026-34/segments/1786091681394.92/warc/CC-MAIN-20260819164830-20260819194830-00935.warc.gz	3196039	cc payload verified; legacy bundle: members=['index.apxl'] (pre-iWork-13); mime=
CC-MAIN-2026-34-cdx-00249-50	ac6c257423e4af68b9d304c6c03a7dc76840203fb785d7d26e49848b3dda8701	legacy	legacy-unknown	https://static.uahirise.org/epo/hislides/ESP_030222_1220.key	https://data.commoncrawl.org/crawl-data/CC-MAIN-2026-34/segments/1786091681394.92/warc/CC-MAIN-20260819164830-20260819194830-00031.warc.gz	3445948	cc payload verified; legacy bundle: members=['index.apxl'] (pre-iWork-13); mime=
CC-MAIN-2026-34-cdx-00249-54	aca6f4fe4e4780a24cb45f26a364e19995c757ed438861e5d43b426abf6b3048	legacy	legacy-unknown	https://static.uahirise.org/epo/hislides/ESP_032735_1680.key	https://data.commoncrawl.org/crawl-data/CC-MAIN-2026-34/segments/1786091681394.92/warc/CC-MAIN-20260819164830-20260819194830-00720.warc.gz	3275227	cc payload verified; legacy bundle: members=['index.apxl'] (pre-iWork-13); mime=
CC-MAIN-2026-34-cdx-00249-52	01e96ac0cee203c94ea3ce64f0b6f4bdd9f734d97f696c1618a2928a041a4809	legacy	legacy-unknown	https://static.uahirise.org/epo/hislides/ESP_032283_2115.key	https://data.commoncrawl.org/crawl-data/CC-MAIN-2026-34/segments/1786091681394.92/warc/CC-MAIN-20260819164830-20260819194830-00706.warc.gz	2408382	cc payload verified; legacy bundle: members=['index.apxl'] (pre-iWork-13); mime=
CC-MAIN-2026-34-cdx-00249-51	5ec685f4379a890d3aa1ab5c24120d24bbf3f24cbcb4e981844a0459518c3bf2	legacy	legacy-unknown	https://static.uahirise.org/epo/hislides/ESP_030916_1250.key	https://data.commoncrawl.org/crawl-data/CC-MAIN-2026-34/segments/1786091681394.92/warc/CC-MAIN-20260819164830-20260819194830-00208.warc.gz	3041258	cc payload verified; legacy bundle: members=['index.apxl'] (pre-iWork-13); mime=
CC-MAIN-2026-34-cdx-00249-57	10fb25ed6ac37f93a5d62f859e23a98a1ecff22ea6df8c6e8cda381945417f35	key	keynote	https://static.uahirise.org/epo/hislides/ESP_033471_1580.key	https://data.commoncrawl.org/crawl-data/CC-MAIN-2026-34/segments/1786091681394.92/warc/CC-MAIN-20260819164830-20260819194830-00051.warc.gz	1811000	cc payload verified; slide iwa present (Index/MasterSlide-7.iwa); root type 1; mime=
CC-MAIN-2026-34-cdx-00249-55	71352cd147853b1314e77a94cc427a5c0f39f4af74f968e2b537f09f805bad3c	legacy	legacy-unknown	https://static.uahirise.org/epo/hislides/ESP_033014_2260.key	https://data.commoncrawl.org/crawl-data/CC-MAIN-2026-34/segments/1786091681394.92/warc/CC-MAIN-20260819164830-20260819194830-00212.warc.gz	3217642	cc payload verified; legacy bundle: members=['index.apxl'] (pre-iWork-13); mime=
CC-MAIN-2026-34-cdx-00249-58	995661298a9bbeff9a13226fcf9c8f7bb1b0c32f2f3c0dbc8aa3a08ed04fc8f4	legacy	legacy-unknown	https://static.uahirise.org/epo/hislides/ESP_033565_1945.key	https://data.commoncrawl.org/crawl-data/CC-MAIN-2026-34/segments/1786091681394.92/warc/CC-MAIN-20260819164830-20260819194830-00538.warc.gz	2996293	cc payload verified; legacy bundle: members=['index.apxl'] (pre-iWork-13); mime=
CC-MAIN-2026-34-cdx-00249-56	34e523cad2663efb2314eb4d9a35c69ecd70a1c750cea4134a0d5736f79bd713	legacy	legacy-unknown	https://static.uahirise.org/epo/hislides/ESP_033242_2315.key	https://data.commoncrawl.org/crawl-data/CC-MAIN-2026-34/segments/1786091681394.92/warc/CC-MAIN-20260819164830-20260819194830-00410.warc.gz	2415308	cc payload verified; legacy bundle: members=['index.apxl'] (pre-iWork-13); mime=
CC-MAIN-2026-34-cdx-00249-59	b28673200e8d47774e959a6e506e9a22f98290ded12d7b2bfd259a6a3cc338d1	legacy	legacy-unknown	https://static.uahirise.org/epo/hislides/ESP_033814_1525.key	https://data.commoncrawl.org/crawl-data/CC-MAIN-2026-34/segments/1786091681394.92/warc/CC-MAIN-20260819164830-20260819194830-00025.warc.gz	2399947	cc payload verified; legacy bundle: members=['index.apxl'] (pre-iWork-13); mime=
CC-MAIN-2026-34-cdx-00249-60	1315805eab5185853a0012b1db3e60566669eded4db15724513b10f0f0c05c10	legacy	legacy-unknown	https://static.uahirise.org/epo/hislides/ESP_034101_1385.key	https://data.commoncrawl.org/crawl-data/CC-MAIN-2026-34/segments/1786091386141.90/warc/CC-MAIN-20260816214409-20260817004409-00403.warc.gz	2805713	cc payload verified; legacy bundle: members=['index.apxl'] (pre-iWork-13); mime=
CC-MAIN-2026-34-cdx-00249-64	13f1f0906b58613b26d8dad8a2aa2c6233f708b8d188d525af6f653a13d97e8b	legacy	legacy-unknown	https://static.uahirise.org/epo/hislides/ESP_035421_1810.key	https://data.commoncrawl.org/crawl-data/CC-MAIN-2026-34/segments/1786091681394.92/warc/CC-MAIN-20260819164830-20260819194830-00578.warc.gz	2378616	cc payload verified; legacy bundle: members=['index.apxl'] (pre-iWork-13); mime=
CC-MAIN-2026-34-cdx-00249-62	16ca9138ba2b74c6f2c7f6222e12113a8a4220fd5cdbdb5a02ea604c39c080cd	legacy	legacy-unknown	https://static.uahirise.org/epo/hislides/ESP_034941_2130.key	https://data.commoncrawl.org/crawl-data/CC-MAIN-2026-34/segments/1786091681394.92/warc/CC-MAIN-20260819164830-20260819194830-00276.warc.gz	2462652	cc payload verified; legacy bundle: members=['index.apxl'] (pre-iWork-13); mime=
CC-MAIN-2026-34-cdx-00249-63	0f900645ae4dcf4a9d01e894bc2fbe5ad3e7c482dc7ece33c3337cb9e10510dc	legacy	legacy-unknown	https://static.uahirise.org/epo/hislides/ESP_035189_2240.key	https://data.commoncrawl.org/crawl-data/CC-MAIN-2026-34/segments/1786091681394.92/warc/CC-MAIN-20260819164830-20260819194830-00113.warc.gz	2954036	cc payload verified; legacy bundle: members=['index.apxl'] (pre-iWork-13); mime=
CC-MAIN-2026-34-cdx-00249-61	5414fc8ffa8be16aee14d775118d3dbfd7f14d13c595d97e734876c96f2a6177	legacy	legacy-unknown	https://static.uahirise.org/epo/hislides/ESP_034829_1325.key	https://data.commoncrawl.org/crawl-data/CC-MAIN-2026-34/segments/1786091681394.92/warc/CC-MAIN-20260819164830-20260819194830-00716.warc.gz	2947393	cc payload verified; legacy bundle: members=['index.apxl'] (pre-iWork-13); mime=
CC-MAIN-2026-34-cdx-00249-65	a2c0bda2b1069165e821af9f529773a5521b842c8f465ebc3ef8ee00ccd9b4b8	legacy	legacy-unknown	https://static.uahirise.org/epo/hislides/ESP_035558_1830.key	https://data.commoncrawl.org/crawl-data/CC-MAIN-2026-34/segments/1786091681394.92/warc/CC-MAIN-20260819164830-20260819194830-00931.warc.gz	2897720	cc payload verified; legacy bundle: members=['index.apxl'] (pre-iWork-13); mime=
CC-MAIN-2026-34-cdx-00249-66	5ed21b28dcfe327094689171479a5dd8d4a8d718b0a3a980e0a2a40462775689	legacy	legacy-unknown	https://static.uahirise.org/epo/hislides/ESP_035863_1710.key	https://data.commoncrawl.org/crawl-data/CC-MAIN-2026-34/segments/1786091681394.92/warc/CC-MAIN-20260819164830-20260819194830-00919.warc.gz	2710451	cc payload verified; legacy bundle: members=['index.apxl'] (pre-iWork-13); mime=
CC-MAIN-2026-34-cdx-00249-67	6a42037b54234b70de86131ca12341af087e4582638acb07a43e99299b85295a	legacy	legacy-unknown	https://static.uahirise.org/epo/hislides/ESP_035926_2640.key	https://data.commoncrawl.org/crawl-data/CC-MAIN-2026-34/segments/1786091681394.92/warc/CC-MAIN-20260819164830-20260819194830-00074.warc.gz	2906747	cc payload verified; legacy bundle: members=['index.apxl'] (pre-iWork-13); mime=
CC-MAIN-2026-34-cdx-00249-69	a009e44da5f23e4daa5736388416f52777024de2464452ec557631429a538888	legacy	legacy-unknown	https://static.uahirise.org/epo/hislides/ESP_035969_1825.key	https://data.commoncrawl.org/crawl-data/CC-MAIN-2026-34/segments/1786091681394.92/warc/CC-MAIN-20260819164830-20260819194830-00045.warc.gz	1644684	cc payload verified; legacy bundle: members=['index.apxl'] (pre-iWork-13); mime=
CC-MAIN-2026-34-cdx-00249-71	29bef9f679c9901cf1eccb903d139a7ef2182628caed0c18db746f4c0379cf10	legacy	legacy-unknown	https://static.uahirise.org/epo/hislides/ESP_036382_2255.key	https://data.commoncrawl.org/crawl-data/CC-MAIN-2026-34/segments/1786091681394.92/warc/CC-MAIN-20260819164830-20260819194830-00187.warc.gz	2839695	cc payload verified; legacy bundle: members=['index.apxl'] (pre-iWork-13); mime=
CC-MAIN-2026-34-cdx-00249-68	cd56b2e2ea4758c6d9863400c44db9339afa4f5817783782ffe4409296dca875	legacy	legacy-unknown	https://static.uahirise.org/epo/hislides/ESP_035945_1755.key	https://data.commoncrawl.org/crawl-data/CC-MAIN-2026-34/segments/1786091681394.92/warc/CC-MAIN-20260819164830-20260819194830-00259.warc.gz	3092766	cc payload verified; legacy bundle: members=['index.apxl'] (pre-iWork-13); mime=
CC-MAIN-2026-34-cdx-00249-73	118b2c116b47378a4d6f4b707391e75cecff3ae95588e3347a54a900e5fc9e7f	legacy	legacy-unknown	https://static.uahirise.org/epo/hislides/ESP_038896_1255.key	https://data.commoncrawl.org/crawl-data/CC-MAIN-2026-34/segments/1786091681394.92/warc/CC-MAIN-20260819164830-20260819194830-00350.warc.gz	2765439	cc payload verified; legacy bundle: members=['index.apxl'] (pre-iWork-13); mime=
CC-MAIN-2026-34-cdx-00249-70	9b13ada20d700737200d90555a63bce1b4821542bec6249391f2d5406f5bab2e	legacy	legacy-unknown	https://static.uahirise.org/epo/hislides/ESP_036376_2160.key	https://data.commoncrawl.org/crawl-data/CC-MAIN-2026-34/segments/1786091681394.92/warc/CC-MAIN-20260819164830-20260819194830-00391.warc.gz	2575353	cc payload verified; legacy bundle: members=['index.apxl'] (pre-iWork-13); mime=
CC-MAIN-2026-34-cdx-00249-72	722bea699740d9bf5e516320e75df3252e8fb93cc4f66df25d35d6a574af71a2	legacy	legacy-unknown	https://static.uahirise.org/epo/hislides/ESP_038143_2205.key	https://data.commoncrawl.org/crawl-data/CC-MAIN-2026-34/segments/1786091681394.92/warc/CC-MAIN-20260819164830-20260819194830-00967.warc.gz	2324351	cc payload verified; legacy bundle: members=['index.apxl'] (pre-iWork-13); mime=
CC-MAIN-2026-34-cdx-00249-75	3d0be1b11b984eb9c9e24a725be9f39d363c46c79a53b0289bb845d37fd0a96c	legacy	legacy-unknown	https://static.uahirise.org/epo/hislides/ESP_039280_1755.key	https://data.commoncrawl.org/crawl-data/CC-MAIN-2026-34/segments/1786091681394.92/warc/CC-MAIN-20260819164830-20260819194830-00879.warc.gz	2401258	cc payload verified; legacy bundle: members=['index.apxl'] (pre-iWork-13); mime=
CC-MAIN-2026-34-cdx-00249-74	4f002aec675db75fa715401acd4bd1afd68e7d371d060ae0561ce6d2924e2fcd	legacy	legacy-unknown	https://static.uahirise.org/epo/hislides/ESP_038918_1650.key	https://data.commoncrawl.org/crawl-data/CC-MAIN-2026-34/segments/1786091681394.92/warc/CC-MAIN-20260819164830-20260819194830-00866.warc.gz	2532909	cc payload verified; legacy bundle: members=['index.apxl'] (pre-iWork-13); mime=
CC-MAIN-2026-34-cdx-00249-76	9eefa4afed005b7c9d8fe2274058660dbc8f043e87466ea37dfff1fd2fb1d71f	legacy	legacy-unknown	https://static.uahirise.org/epo/hislides/ESP_039308_1915.key	https://data.commoncrawl.org/crawl-data/CC-MAIN-2026-34/segments/1786091681394.92/warc/CC-MAIN-20260819164830-20260819194830-00652.warc.gz	1304714	cc payload verified; legacy bundle: members=['index.apxl'] (pre-iWork-13); mime=
CC-MAIN-2026-34-cdx-00249-77	7a11477c0c912199ef87724085a10fd2f54a4d27e26fa8ba0072147ff01bb985	legacy	legacy-unknown	https://static.uahirise.org/epo/hislides/ESP_039701_1095.key	https://data.commoncrawl.org/crawl-data/CC-MAIN-2026-34/segments/1786091681394.92/warc/CC-MAIN-20260819164830-20260819194830-00086.warc.gz	2436814	cc payload verified; legacy bundle: members=['index.apxl'] (pre-iWork-13); mime=
CC-MAIN-2026-34-cdx-00249-78	6c681030ca9a9ca8249b1b25c12675ba6991f31f1dc06fb958178ae3323e7de5	legacy	legacy-unknown	https://static.uahirise.org/epo/hislides/ESP_039820_1750.key	https://data.commoncrawl.org/crawl-data/CC-MAIN-2026-34/segments/1786091681394.92/warc/CC-MAIN-20260819164830-20260819194830-00502.warc.gz	2188350	cc payload verified; legacy bundle: members=['index.apxl'] (pre-iWork-13); mime=
CC-MAIN-2026-34-cdx-00249-80	39f33984328f633880cce9f7a4c7ac9280456efe41ddf3f31c49dd30d6d11ed7	legacy	legacy-unknown	https://static.uahirise.org/epo/hislides/ESP_040976_1725.key	https://data.commoncrawl.org/crawl-data/CC-MAIN-2026-34/segments/1786091681394.92/warc/CC-MAIN-20260819164830-20260819194830-00930.warc.gz	2405877	cc payload verified; legacy bundle: members=['index.apxl'] (pre-iWork-13); mime=
CC-MAIN-2026-34-cdx-00249-79	af5e90f848829f4a88ed5419e36c2f09482a46c5b586639be59573e5d978a2b3	legacy	legacy-unknown	https://static.uahirise.org/epo/hislides/ESP_040881_1880.key	https://data.commoncrawl.org/crawl-data/CC-MAIN-2026-34/segments/1786091681394.92/warc/CC-MAIN-20260819164830-20260819194830-00359.warc.gz	2628145	cc payload verified; legacy bundle: members=['index.apxl'] (pre-iWork-13); mime=
CC-MAIN-2026-34-cdx-00249-82	3d49516c33972b6edc23b0303599c582246a5966f81bd0070d83b100d7641a3c	legacy	legacy-unknown	https://static.uahirise.org/epo/hislides/ESP_042527_1555.key	https://data.commoncrawl.org/crawl-data/CC-MAIN-2026-34/segments/1786091681394.92/warc/CC-MAIN-20260819164830-20260819194830-00125.warc.gz	2387822	cc payload verified; legacy bundle: members=['index.apxl'] (pre-iWork-13); mime=
CC-MAIN-2026-34-cdx-00249-84	5343f8527f8f4b5a590a6a4c71f0b0ee2f4182775df93634fd12c4d47d7f506e	legacy	legacy-unknown	https://static.uahirise.org/epo/hislides/ESP_043834_2160.key	https://data.commoncrawl.org/crawl-data/CC-MAIN-2026-34/segments/1786091681394.92/warc/CC-MAIN-20260819164830-20260819194830-00236.warc.gz	2142108	cc payload verified; legacy bundle: members=['index.apxl'] (pre-iWork-13); mime=
CC-MAIN-2026-34-cdx-00249-85	627115d6069785ed8d8f613f70678f497b79cada574f2b57aa90cddc87c32a6d	legacy	legacy-unknown	https://static.uahirise.org/epo/hislides/ESP_044258_1715.key	https://data.commoncrawl.org/crawl-data/CC-MAIN-2026-34/segments/1786091681394.92/warc/CC-MAIN-20260819164830-20260819194830-00426.warc.gz	1669127	cc payload verified; legacy bundle: members=['index.apxl'] (pre-iWork-13); mime=
CC-MAIN-2026-34-cdx-00249-81	cd45da3a9b8b8405ee27add2702915640169d7c7ce8d8a82d45b424d4cc5ae1c	legacy	legacy-unknown	https://static.uahirise.org/epo/hislides/ESP_042433_1535.key	https://data.commoncrawl.org/crawl-data/CC-MAIN-2026-34/segments/1786091681394.92/warc/CC-MAIN-20260819164830-20260819194830-00765.warc.gz	2182827	cc payload verified; legacy bundle: members=['index.apxl'] (pre-iWork-13); mime=
CC-MAIN-2026-34-cdx-00249-83	5401a1fffc2259898f37109ca7df74ed9058515caa51e6f843f85e02ded0c9b8	legacy	legacy-unknown	https://static.uahirise.org/epo/hislides/ESP_042835_1800.key	https://data.commoncrawl.org/crawl-data/CC-MAIN-2026-34/segments/1786091681394.92/warc/CC-MAIN-20260819164830-20260819194830-00968.warc.gz	2604391	cc payload verified; legacy bundle: members=['index.apxl'] (pre-iWork-13); mime=
CC-MAIN-2026-34-cdx-00249-86	61509a978ea77f975790e962c822c50fbc507118582cbb12dd752ef8b85ce0ff	legacy	legacy-unknown	https://static.uahirise.org/epo/hislides/ESP_044327_1375.key	https://data.commoncrawl.org/crawl-data/CC-MAIN-2026-34/segments/1786091681394.92/warc/CC-MAIN-20260819164830-20260819194830-00261.warc.gz	2352527	cc payload verified; legacy bundle: members=['index.apxl'] (pre-iWork-13); mime=
CC-MAIN-2026-34-cdx-00249-87	9cc3cec84f51a6907622f5488aef81da23bcd374fc907e3688242cfcc2b3ee25	legacy	legacy-unknown	https://static.uahirise.org/epo/hislides/ESP_044653_1915.key	https://data.commoncrawl.org/crawl-data/CC-MAIN-2026-34/segments/1786091681394.92/warc/CC-MAIN-20260819164830-20260819194830-00893.warc.gz	2291162	cc payload verified; legacy bundle: members=['index.apxl'] (pre-iWork-13); mime=
CC-MAIN-2026-34-cdx-00249-88	76245b132035fac974990eae79cfe8347614ca1a284245ee38d35d1ee735db9c	legacy	legacy-unknown	https://static.uahirise.org/epo/hislides/ESP_044671_2050.key	https://data.commoncrawl.org/crawl-data/CC-MAIN-2026-34/segments/1786091681394.92/warc/CC-MAIN-20260819164830-20260819194830-00630.warc.gz	2611579	cc payload verified; legacy bundle: members=['index.apxl'] (pre-iWork-13); mime=
CC-MAIN-2026-34-cdx-00249-89	3e038d03dd2923f05b5c40946906176044921fdc57255671b8aaaad5896fa962	legacy	legacy-unknown	https://static.uahirise.org/epo/hislides/ESP_044745_2210.key	https://data.commoncrawl.org/crawl-data/CC-MAIN-2026-34/segments/1786091681394.92/warc/CC-MAIN-20260819164830-20260819194830-00220.warc.gz	2440711	cc payload verified; legacy bundle: members=['index.apxl'] (pre-iWork-13); mime=
CC-MAIN-2026-34-cdx-00249-90	73fbefdffe9efd7b83e45d961a8058268a437b5ba316787fda99d5c3c0adbf84	legacy	legacy-unknown	https://static.uahirise.org/epo/hislides/ESP_045300_1630.key	https://data.commoncrawl.org/crawl-data/CC-MAIN-2026-34/segments/1786091681394.92/warc/CC-MAIN-20260819164830-20260819194830-00749.warc.gz	2588212	cc payload verified; legacy bundle: members=['index.apxl'] (pre-iWork-13); mime=
CC-MAIN-2026-34-cdx-00249-94	e70011c971edc6195e509388475fe6966a3153e7fd841c06d9500c1760af6b3b	legacy	legacy-unknown	https://static.uahirise.org/epo/hislides/ESP_047304_0930.key	https://data.commoncrawl.org/crawl-data/CC-MAIN-2026-34/segments/1786091681394.92/warc/CC-MAIN-20260819164830-20260819194830-00071.warc.gz	21242872	origin refetch (cc incomplete: truncated=True digest_ok=True zip_ok=False); legacy bundle: members=['index.apxl'] (pre-iWork-13); mime=
CC-MAIN-2026-34-cdx-00249-92	4ecc5666d53179fd313358614c00e189302f55f9202293f66a7fa8920b7adece	legacy	legacy-unknown	https://static.uahirise.org/epo/hislides/ESP_046381_1665.key	https://data.commoncrawl.org/crawl-data/CC-MAIN-2026-34/segments/1786091681394.92/warc/CC-MAIN-20260819164830-20260819194830-00959.warc.gz	21932419	origin refetch (cc incomplete: truncated=True digest_ok=True zip_ok=False); legacy bundle: members=['index.apxl'] (pre-iWork-13); mime=
CC-MAIN-2026-34-cdx-00249-93	74b9d17fa1a4885494874aab97c4e84d785a4b3cd2046251b6f464a66cc913ac	legacy	legacy-unknown	https://static.uahirise.org/epo/hislides/ESP_046504_1785.key	https://data.commoncrawl.org/crawl-data/CC-MAIN-2026-34/segments/1786091681394.92/warc/CC-MAIN-20260819164830-20260819194830-00201.warc.gz	21765613	origin refetch (cc incomplete: truncated=True digest_ok=True zip_ok=False); legacy bundle: members=['index.apxl'] (pre-iWork-13); mime=
CC-MAIN-2026-34-cdx-00249-96	e5fbc8b0c45108ac392ff3021247cc6271179c61e05cbc35125d7fdce48a40c6	legacy	legacy-unknown	https://static.uahirise.org/epo/hislides/ESP_049017_2060.key	https://data.commoncrawl.org/crawl-data/CC-MAIN-2026-34/segments/1786091681394.92/warc/CC-MAIN-20260819164830-20260819194830-00964.warc.gz	14208772	origin refetch (cc incomplete: truncated=True digest_ok=True zip_ok=False); legacy bundle: members=['index.apxl'] (pre-iWork-13); mime=
CC-MAIN-2026-34-cdx-00249-95	306723501dcaba5123078b24085b0604bf159d071388901e5fe5980b76de8dd7	legacy	legacy-unknown	https://static.uahirise.org/epo/hislides/ESP_048124_0975.key	https://data.commoncrawl.org/crawl-data/CC-MAIN-2026-34/segments/1786091681394.92/warc/CC-MAIN-20260819164830-20260819194830-00413.warc.gz	20802794	origin refetch (cc incomplete: truncated=True digest_ok=True zip_ok=False); legacy bundle: members=['index.apxl'] (pre-iWork-13); mime=
CC-MAIN-2026-34-cdx-00249-98	fe1af3be6d7b50f2e9b34def7368a9fb57ce615feafae2ffce732003acd1deb5	key	keynote	https://static.uahirise.org/epo/hislides/ESP_049481_1310.key	https://data.commoncrawl.org/crawl-data/CC-MAIN-2026-34/segments/1786091681394.92/warc/CC-MAIN-20260819164830-20260819194830-00550.warc.gz	2038765	cc payload verified; slide iwa present (Index/MasterSlide-10.iwa); root type 1; mime=
CC-MAIN-2026-34-cdx-00249-97	43aea847575f2c6d6089f0c7edf1c21e4ee764926303d378ef6deb8863a5467f	legacy	legacy-unknown	https://static.uahirise.org/epo/hislides/ESP_049076_1845.key	https://data.commoncrawl.org/crawl-data/CC-MAIN-2026-34/segments/1786091681394.92/warc/CC-MAIN-20260819164830-20260819194830-00675.warc.gz	21220596	origin refetch (cc incomplete: truncated=True digest_ok=True zip_ok=False); legacy bundle: members=['index.apxl'] (pre-iWork-13); mime=
CC-MAIN-2026-34-cdx-00249-100	f258477ca82f39b0ef5445df3a9a84761e25dd49ecd9b1bdd5654c932ad57326	key	keynote	https://static.uahirise.org/epo/hislides/ESP_049818_2005.key	https://data.commoncrawl.org/crawl-data/CC-MAIN-2026-34/segments/1786091681394.92/warc/CC-MAIN-20260819164830-20260819194830-00910.warc.gz	2062577	cc payload verified; slide iwa present (Index/MasterSlide-11.iwa); root type 1; mime=
CC-MAIN-2026-34-cdx-00249-102	df3b50cf1c549d10153acde14a18f8c2599475aedb74d5b80059c23ab5885233	key	keynote	https://static.uahirise.org/epo/hislides/ESP_049990_1635.key	https://data.commoncrawl.org/crawl-data/CC-MAIN-2026-34/segments/1786091681394.92/warc/CC-MAIN-20260819164830-20260819194830-00593.warc.gz	1885908	cc payload verified; slide iwa present (Index/MasterSlide-1.iwa); root type 1; mime=
CC-MAIN-2026-34-cdx-00249-99	e3e66b46d2acd6987fe85c0a26fbffaaf8bf5e250dadedc06c5bff6009379a4e	legacy	legacy-unknown	https://static.uahirise.org/epo/hislides/ESP_049723_1880.key	https://data.commoncrawl.org/crawl-data/CC-MAIN-2026-34/segments/1786091681394.92/warc/CC-MAIN-20260819164830-20260819194830-00777.warc.gz	21217277	origin refetch (cc incomplete: truncated=True digest_ok=True zip_ok=False); legacy bundle: members=['index.apxl'] (pre-iWork-13); mime=
CC-MAIN-2026-34-cdx-00249-101	c7abfdd1d0ffda45529d8dd325cb95b5b6066d6d753e1b85d8e6be0d86a8b7ee	key	keynote	https://static.uahirise.org/epo/hislides/ESP_049981_1710.key	https://data.commoncrawl.org/crawl-data/CC-MAIN-2026-34/segments/1786091681394.92/warc/CC-MAIN-20260819164830-20260819194830-00573.warc.gz	2189719	cc payload verified; slide iwa present (Index/MasterSlide-10.iwa); root type 1; mime=
CC-MAIN-2026-34-cdx-00249-103	5339071fd6649fef2e8848bb98c6a75a41dc675c710a1cc8da204b6d4c4afa7d	key	keynote	https://static.uahirise.org/epo/hislides/ESP_050182_1165.key	https://data.commoncrawl.org/crawl-data/CC-MAIN-2026-34/segments/1786091681394.92/warc/CC-MAIN-20260819164830-20260819194830-00324.warc.gz	1173771	cc payload verified; slide iwa present (Index/MasterSlide-11.iwa); root type 1; mime=
CC-MAIN-2026-34-cdx-00249-106	688e8e8190247ed963c8ae82e18148b986b4856ca93083de1e03e90e198c7be0	key	keynote	https://static.uahirise.org/epo/hislides/ESP_051244_1315.key	https://data.commoncrawl.org/crawl-data/CC-MAIN-2026-34/segments/1786091681394.92/warc/CC-MAIN-20260819164830-20260819194830-00477.warc.gz	1783806	cc payload verified; slide iwa present (Index/MasterSlide-11.iwa); root type 1; mime=
CC-MAIN-2026-34-cdx-00249-105	c7b64acc64055d4cfc8d6955332f0e890d1f1668b8fc87db4fa8b0e99b6754d7	key	keynote	https://static.uahirise.org/epo/hislides/ESP_050948_1430.key	https://data.commoncrawl.org/crawl-data/CC-MAIN-2026-34/segments/1786091681394.92/warc/CC-MAIN-20260819164830-20260819194830-00875.warc.gz	1835417	cc payload verified; slide iwa present (Index/MasterSlide-10.iwa); root type 1; mime=
CC-MAIN-2026-34-cdx-00249-104	6eee65cb60e18c80cf2dc4dd70dcc4f0c0b9b8c4567e1d653c8a676175795dcd	key	keynote	https://static.uahirise.org/epo/hislides/ESP_050259_1380.key	https://data.commoncrawl.org/crawl-data/CC-MAIN-2026-34/segments/1786091681394.92/warc/CC-MAIN-20260819164830-20260819194830-00700.warc.gz	1908845	cc payload verified; slide iwa present (Index/MasterSlide-11.iwa); root type 1; mime=
CC-MAIN-2026-34-cdx-00249-107	e2f7afe6adf315fe97429182baf01487fc286b78977c7b543673c63daa7eadc5	key	keynote	https://static.uahirise.org/epo/hislides/ESP_052430_1425.key	https://data.commoncrawl.org/crawl-data/CC-MAIN-2026-34/segments/1786091681394.92/warc/CC-MAIN-20260819164830-20260819194830-00471.warc.gz	1835554	cc payload verified; slide iwa present (Index/MasterSlide-7.iwa); root type 1; mime=
CC-MAIN-2026-34-cdx-00249-108	a26c82da7b0bb164d3ae1250ca97f5c9adfb261b36528c3e98206288f56583e0	key	keynote	https://static.uahirise.org/epo/hislides/ESP_053745_1915.key	https://data.commoncrawl.org/crawl-data/CC-MAIN-2026-34/segments/1786091681394.92/warc/CC-MAIN-20260819164830-20260819194830-00343.warc.gz	1853983	cc payload verified; slide iwa present (Index/MasterSlide-7.iwa); root type 1; mime=
CC-MAIN-2026-34-cdx-00249-110	f8e283a9caad5060167b929bad13246fa0f6a585225950300a2ac917e04f1b90	key	keynote	https://static.uahirise.org/epo/hislides/ESP_054609_1720.key	https://data.commoncrawl.org/crawl-data/CC-MAIN-2026-34/segments/1786091681394.92/warc/CC-MAIN-20260819164830-20260819194830-00921.warc.gz	1638705	cc payload verified; slide iwa present (Index/MasterSlide-7.iwa); root type 1; mime=
CC-MAIN-2026-34-cdx-00249-109	074c090467d10dff5b3154bb87dcd48d3c3257c96b45c206e9fde8adbe38c4aa	key	keynote	https://static.uahirise.org/epo/hislides/ESP_054117_1585.key	https://data.commoncrawl.org/crawl-data/CC-MAIN-2026-34/segments/1786091681394.92/warc/CC-MAIN-20260819164830-20260819194830-00422.warc.gz	1786373	cc payload verified; slide iwa present (Index/MasterSlide-7.iwa); root type 1; mime=
CC-MAIN-2026-34-cdx-00249-111	c569ed933928e34c0bb04e5aed789515676aca423a6494872a3ebe0c6b5c2045	key	keynote	https://static.uahirise.org/epo/hislides/ESP_054649_1665.key	https://data.commoncrawl.org/crawl-data/CC-MAIN-2026-34/segments/1786091681394.92/warc/CC-MAIN-20260819164830-20260819194830-00605.warc.gz	2044541	cc payload verified; slide iwa present (Index/MasterSlide-7.iwa); root type 1; mime=
CC-MAIN-2026-34-cdx-00249-112	73f80f83de33ff67dde0296cbbd63d90132d253337eff570f3bc23b81fed5e20	key	keynote	https://static.uahirise.org/epo/hislides/ESP_054682_1685.key	https://data.commoncrawl.org/crawl-data/CC-MAIN-2026-34/segments/1786091681394.92/warc/CC-MAIN-20260819164830-20260819194830-00302.warc.gz	1897460	cc payload verified; slide iwa present (Index/MasterSlide-7.iwa); root type 1; mime=
CC-MAIN-2026-34-cdx-00249-114	ee5aad227d19a9d961904f7b3a96b438b3a9207209aeca0fbd5802f50fb6450b	key	keynote	https://static.uahirise.org/epo/hislides/ESP_055392_1510.key	https://data.commoncrawl.org/crawl-data/CC-MAIN-2026-34/segments/1786091681394.92/warc/CC-MAIN-20260819164830-20260819194830-00732.warc.gz	1676816	cc payload verified; slide iwa present (Index/MasterSlide-7.iwa); root type 1; mime=
CC-MAIN-2026-34-cdx-00249-113	8bb21e3c09fe8fbeff46e37062ec7d39b57da93ef2bd50ceae1164da2a752239	key	keynote	https://static.uahirise.org/epo/hislides/ESP_054832_2185.key	https://data.commoncrawl.org/crawl-data/CC-MAIN-2026-34/segments/1786091681394.92/warc/CC-MAIN-20260819164830-20260819194830-00521.warc.gz	1883663	cc payload verified; slide iwa present (Index/MasterSlide-7.iwa); root type 1; mime=
CC-MAIN-2026-34-cdx-00249-115	9a89815ddaf0e2a3f3aa9bb926a9d82635411ced4793edf5128a8a67cc7cd31a	key	keynote	https://static.uahirise.org/epo/hislides/ESP_055407_1485.key	https://data.commoncrawl.org/crawl-data/CC-MAIN-2026-34/segments/1786091681394.92/warc/CC-MAIN-20260819164830-20260819194830-00602.warc.gz	1679977	cc payload verified; slide iwa present (Index/MasterSlide-7.iwa); root type 1; mime=
CC-MAIN-2026-34-cdx-00249-116	dd27e525080ede473e0640c1d45a7f7e12d8c2de764954bc7b256811a37d00c8	key	keynote	https://static.uahirise.org/epo/hislides/ESP_056563_0960.key	https://data.commoncrawl.org/crawl-data/CC-MAIN-2026-34/segments/1786091386141.90/warc/CC-MAIN-20260816214409-20260817004409-00935.warc.gz	1657478	cc payload verified; slide iwa present (Index/MasterSlide-7.iwa); root type 1; mime=
CC-MAIN-2026-34-cdx-00249-117	6b980fdcbb29a4c61f976524c8a94f3953cffd56897fbfd5fa0718c1d4632f8a	key	keynote	https://static.uahirise.org/epo/hislides/ESP_057978_1875.key	https://data.commoncrawl.org/crawl-data/CC-MAIN-2026-34/segments/1786091681394.92/warc/CC-MAIN-20260819164830-20260819194830-00330.warc.gz	1540245	cc payload verified; slide iwa present (Index/MasterSlide-7.iwa); root type 1; mime=
CC-MAIN-2026-34-cdx-00249-118	388ca218f4d397eb9f8a5a7a77e83373a9959e5c00506347cacdfb3cb59ab4b6	key	keynote	https://static.uahirise.org/epo/hislides/ESP_058008_2225.key	https://data.commoncrawl.org/crawl-data/CC-MAIN-2026-34/segments/1786091681394.92/warc/CC-MAIN-20260819164830-20260819194830-00915.warc.gz	1990821	cc payload verified; slide iwa present (Index/MasterSlide-7.iwa); root type 1; mime=
CC-MAIN-2026-34-cdx-00249-120	7e006abca5d2eb617b73f6f000186fb6d2a3a60219a06d2382bc167e2eb62db9	key	keynote	https://static.uahirise.org/epo/hislides/ESP_058427_1080.key	https://data.commoncrawl.org/crawl-data/CC-MAIN-2026-34/segments/1786091681394.92/warc/CC-MAIN-20260819164830-20260819194830-00126.warc.gz	2090655	cc payload verified; slide iwa present (Index/MasterSlide-7.iwa); root type 1; mime=
CC-MAIN-2026-34-cdx-00249-121	e9ff4c332b6d0b0b48f09929d4fb57e35bab96ebebe11419531d50862ff3c35d	key	keynote	https://static.uahirise.org/epo/hislides/ESP_058565_1620.key	https://data.commoncrawl.org/crawl-data/CC-MAIN-2026-34/segments/1786091681394.92/warc/CC-MAIN-20260819164830-20260819194830-00599.warc.gz	1994710	cc payload verified; slide iwa present (Index/MasterSlide-7.iwa); root type 1; mime=
CC-MAIN-2026-34-cdx-00249-122	a919cb7f11f07d3a2b37a0f07c79194b02f03a9907bb6e512cfbc4f2c79dca3e	key	keynote	https://static.uahirise.org/epo/hislides/ESP_058593_1710.key	https://data.commoncrawl.org/crawl-data/CC-MAIN-2026-34/segments/1786091681394.92/warc/CC-MAIN-20260819164830-20260819194830-00358.warc.gz	1919138	cc payload verified; slide iwa present (Index/MasterSlide-7.iwa); root type 1; mime=
CC-MAIN-2026-34-cdx-00249-119	934dcc6c172322c100533480750db7da87dad32a4ff1f27e154e1e84a5c4c58a	key	keynote	https://static.uahirise.org/epo/hislides/ESP_058399_1415.key	https://data.commoncrawl.org/crawl-data/CC-MAIN-2026-34/segments/1786091681394.92/warc/CC-MAIN-20260819164830-20260819194830-00748.warc.gz	2059971	cc payload verified; slide iwa present (Index/MasterSlide-7.iwa); root type 1; mime=
CC-MAIN-2026-34-cdx-00249-91	8de7fc036b98d4ffcea5b361e23f0e5496d8e8b056ef89f2c0ba5238fb4a50e5	legacy	legacy-unknown	https://static.uahirise.org/epo/hislides/ESP_045960_1705.key	https://data.commoncrawl.org/crawl-data/CC-MAIN-2026-34/segments/1786091681394.92/warc/CC-MAIN-20260819164830-20260819194830-00982.warc.gz	2562722	cc payload verified; legacy bundle: members=['index.apxl'] (pre-iWork-13); mime=
CC-MAIN-2026-34-cdx-00249-126	d79731a0d18d0a0a3562ddefc0ca5bb9df70c83b21d61e11320376cd25ae1084	key	keynote	https://static.uahirise.org/epo/hislides/ESP_061582_2010.key	https://data.commoncrawl.org/crawl-data/CC-MAIN-2026-34/segments/1786091681394.92/warc/CC-MAIN-20260819164830-20260819194830-00862.warc.gz	1031890	cc payload verified; slide iwa present (Index/MasterSlide-9093.iwa); root type 1; mime=
CC-MAIN-2026-34-cdx-00249-124	c88cba83546c6883848326adb585515c27250a8ffb919d11b4903873dd2e4f83	key	keynote	https://static.uahirise.org/epo/hislides/ESP_060176_2640.key	https://data.commoncrawl.org/crawl-data/CC-MAIN-2026-34/segments/1786091681394.92/warc/CC-MAIN-20260819164830-20260819194830-00927.warc.gz	1502739	cc payload verified; slide iwa present (Index/MasterSlide-7.iwa); root type 1; mime=
CC-MAIN-2026-34-cdx-00249-123	a21070e626a66c7af599a4f35a025c348ce996e45f52687c44cd7dbd7dfcfd39	key	keynote	https://static.uahirise.org/epo/hislides/ESP_059329_2095.key	https://data.commoncrawl.org/crawl-data/CC-MAIN-2026-34/segments/1786091681394.92/warc/CC-MAIN-20260819164830-20260819194830-00833.warc.gz	2018154	cc payload verified; slide iwa present (Index/MasterSlide-7.iwa); root type 1; mime=
CC-MAIN-2026-34-cdx-00249-127	23ff86a2ebc4f889908ad0cc7acacc3b7453b55c680f9f0361d3540dcc7cfed2	key	keynote	https://static.uahirise.org/epo/hislides/ESP_062562_1670.key	https://data.commoncrawl.org/crawl-data/CC-MAIN-2026-34/segments/1786091681394.92/warc/CC-MAIN-20260819164830-20260819194830-00286.warc.gz	2194887	cc payload verified; slide iwa present (Index/MasterSlide-9093.iwa); root type 1; mime=
CC-MAIN-2026-34-cdx-00249-125	e4456d1009fddecb4ada6092448650279171483285c4f6d01c65da5dbd8eb4b2	key	keynote	https://static.uahirise.org/epo/hislides/ESP_060953_2185.key	https://data.commoncrawl.org/crawl-data/CC-MAIN-2026-34/segments/1786091681394.92/warc/CC-MAIN-20260819164830-20260819194830-00716.warc.gz	2259174	cc payload verified; slide iwa present (Index/MasterSlide-7.iwa); root type 1; mime=
CC-MAIN-2026-34-cdx-00249-128	73ab4ac8e307cae964aa1d4db2e992bef5bbc1c47cfbfc65349d142ae3b1f28a	key	keynote	https://static.uahirise.org/epo/hislides/ESP_062877_1690.key	https://data.commoncrawl.org/crawl-data/CC-MAIN-2026-34/segments/1786091681394.92/warc/CC-MAIN-20260819164830-20260819194830-00509.warc.gz	2097151	cc payload verified; slide iwa present (Index/MasterSlide-9093.iwa); root type 1; mime=
CC-MAIN-2026-34-cdx-00249-129	93c5373a54e588a24c71b047aa43290c699ea2790190392746ef9001e804dc4e	key	keynote	https://static.uahirise.org/epo/hislides/ESP_062898_2060.key	https://data.commoncrawl.org/crawl-data/CC-MAIN-2026-34/segments/1786091681394.92/warc/CC-MAIN-20260819164830-20260819194830-00026.warc.gz	1943235	cc payload verified; slide iwa present (Index/MasterSlide-9093.iwa); root type 1; mime=
CC-MAIN-2026-34-cdx-00249-130	17efd237796ef042e3e8e43065a17f358d1d44af3c8d3a5d7dca46c93436d73e	key	keynote	https://static.uahirise.org/epo/hislides/ESP_063947_2310.key	https://data.commoncrawl.org/crawl-data/CC-MAIN-2026-34/segments/1786091681394.92/warc/CC-MAIN-20260819164830-20260819194830-00086.warc.gz	5210183	cc payload verified; slide iwa present (Index/MasterSlide-9093.iwa); root type 1; mime=
CC-MAIN-2026-34-cdx-00249-132	c181a178d212a245449cbf384baef7fd4c79c4acbc17e59e3916d697ed1de639	key	keynote	https://static.uahirise.org/epo/hislides/ESP_065881_1225.key	https://data.commoncrawl.org/crawl-data/CC-MAIN-2026-34/segments/1786091681394.92/warc/CC-MAIN-20260819164830-20260819194830-00279.warc.gz	2360808	cc payload verified; slide iwa present (Index/MasterSlide-9093.iwa); root type 1; mime=
CC-MAIN-2026-34-cdx-00249-131	0ae204f5564ca2234b132cfb36b0927d3cd3ac0fe3eabf29a073d533cea17233	key	keynote	https://static.uahirise.org/epo/hislides/ESP_064090_2250.key	https://data.commoncrawl.org/crawl-data/CC-MAIN-2026-34/segments/1786091681394.92/warc/CC-MAIN-20260819164830-20260819194830-00863.warc.gz	3108260	cc payload verified; slide iwa present (Index/MasterSlide-9093.iwa); root type 1; mime=
CC-MAIN-2026-34-cdx-00249-134	0ddd4eac5189ca175c99d9670aba14d2b94c75dc16443ef047bbdadcd87f707b	key	keynote	https://static.uahirise.org/epo/hislides/ESP_067045_1775.key	https://data.commoncrawl.org/crawl-data/CC-MAIN-2026-34/segments/1786091681394.92/warc/CC-MAIN-20260819164830-20260819194830-00497.warc.gz	1739578	cc payload verified; slide iwa present (Index/MasterSlide-9093.iwa); root type 1; mime=
CC-MAIN-2026-34-cdx-00249-136	779c883e8eccdd835a2286bf438695023e00a7b2f39123eebac41f2005829352	key	keynote	https://static.uahirise.org/epo/hislides/ESP_069092_2310.key	https://data.commoncrawl.org/crawl-data/CC-MAIN-2026-34/segments/1786091681394.92/warc/CC-MAIN-20260819164830-20260819194830-00543.warc.gz	1635285	cc payload verified; slide iwa present (Index/Slide-9273.iwa); root type 1; mime=
CC-MAIN-2026-34-cdx-00249-133	994a56823086ee77202bcd8985ab27d8f0cf97014ac5fae532bc08dc01642732	numbers	numbers	https://static.uahirise.org/epo/hislides/ESP_067031_1935.key	https://data.commoncrawl.org/crawl-data/CC-MAIN-2026-34/segments/1786091681394.92/warc/CC-MAIN-20260819164830-20260819194830-00338.warc.gz	3115520	cc payload verified; Document.iwa root type 1=TN.DocumentArchive; mime=
CC-MAIN-2026-34-cdx-00249-135	a8b799d23431e7e25c9f0e6f7bdf527749aff21ca522590ad07021bc678bd321	key	keynote	https://static.uahirise.org/epo/hislides/ESP_068559_1405.key	https://data.commoncrawl.org/crawl-data/CC-MAIN-2026-34/segments/1786091681394.92/warc/CC-MAIN-20260819164830-20260819194830-00902.warc.gz	2843043	cc payload verified; slide iwa present (Index/Slide-9273.iwa); root type 1; mime=
CC-MAIN-2026-34-cdx-00249-137	6578d2e80d2d6ae40897aed6ab570cf6c750236438c7ae9e36b1c96331442f5c	numbers	numbers	https://static.uahirise.org/epo/hislides/ESP_071661_1570.key	https://data.commoncrawl.org/crawl-data/CC-MAIN-2026-34/segments/1786091681394.92/warc/CC-MAIN-20260819164830-20260819194830-00211.warc.gz	3258551	cc payload verified; Document.iwa root type 1=TN.DocumentArchive; mime=
CC-MAIN-2026-34-cdx-00249-138	4b271b8687140e4e220a112918f337f835173ac0d9d7368674c857c853793fc7	numbers	numbers	https://static.uahirise.org/epo/hislides/ESP_072530_1815.key	https://data.commoncrawl.org/crawl-data/CC-MAIN-2026-34/segments/1786091681394.92/warc/CC-MAIN-20260819164830-20260819194830-00217.warc.gz	3457717	cc payload verified; Document.iwa root type 1=TN.DocumentArchive; mime=
CC-MAIN-2026-34-cdx-00249-139	f442028226e04271837c3c1d7e931e9d5b606afc7600fca9af23b008c732bffb	numbers	numbers	https://static.uahirise.org/epo/hislides/ESP_072715_1475.key	https://data.commoncrawl.org/crawl-data/CC-MAIN-2026-34/segments/1786091681394.92/warc/CC-MAIN-20260819164830-20260819194830-00678.warc.gz	2167946	cc payload verified; Document.iwa root type 1=TN.DocumentArchive; mime=
CC-MAIN-2026-34-cdx-00249-140	90fc1c4878b35a2fe88dcf2a436719ec9dd21e1610bb40e11a3e1d5aca214e9a	numbers	numbers	https://static.uahirise.org/epo/hislides/ESP_075413_1505.key	https://data.commoncrawl.org/crawl-data/CC-MAIN-2026-34/segments/1786091681394.92/warc/CC-MAIN-20260819164830-20260819194830-00134.warc.gz	2770269	cc payload verified; Document.iwa root type 1=TN.DocumentArchive; mime=
CC-MAIN-2026-34-cdx-00249-143	08a4af8d00619475a9780029e23f34ddab90482839abf239074372e435861a51	numbers	numbers	https://static.uahirise.org/epo/hislides/ESP_076986_1375.key	https://data.commoncrawl.org/crawl-data/CC-MAIN-2026-34/segments/1786091681394.92/warc/CC-MAIN-20260819164830-20260819194830-00277.warc.gz	3328777	cc payload verified; Document.iwa root type 1=TN.DocumentArchive; mime=
CC-MAIN-2026-34-cdx-00249-142	29a7ab76e648f2f0fd9da7e665494877ec06539726d674af15aa380094f6f80f	numbers	numbers	https://static.uahirise.org/epo/hislides/ESP_076769_1380.key	https://data.commoncrawl.org/crawl-data/CC-MAIN-2026-34/segments/1786091681394.92/warc/CC-MAIN-20260819164830-20260819194830-00940.warc.gz	2349691	cc payload verified; Document.iwa root type 1=TN.DocumentArchive; mime=
CC-MAIN-2026-34-cdx-00249-141	a8e153f57697335b1bd1ed11ce30ebec3a853c5f8dc5eb1e9e71ffab73e66cce	numbers	numbers	https://static.uahirise.org/epo/hislides/ESP_075422_2040.key	https://data.commoncrawl.org/crawl-data/CC-MAIN-2026-34/segments/1786091681394.92/warc/CC-MAIN-20260819164830-20260819194830-00505.warc.gz	1809350	cc payload verified; Document.iwa root type 1=TN.DocumentArchive; mime=
CC-MAIN-2026-34-cdx-00249-145	8f477f1c9aebec9dd945e35dd283b94e244210f620f2e62e8927b46eacb2e757	numbers	numbers	https://static.uahirise.org/epo/hislides/ESP_082700_1670.key	https://data.commoncrawl.org/crawl-data/CC-MAIN-2026-34/segments/1786091681394.92/warc/CC-MAIN-20260819164830-20260819194830-00398.warc.gz	3054009	cc payload verified; Document.iwa root type 1=TN.DocumentArchive; mime=
CC-MAIN-2026-34-cdx-00249-144	4aff830e8295654d40a53d548d45745ffc1d5ac9347b66d265bf81cf53c20e88	numbers	numbers	https://static.uahirise.org/epo/hislides/ESP_080081_1735.key	https://data.commoncrawl.org/crawl-data/CC-MAIN-2026-34/segments/1786091681394.92/warc/CC-MAIN-20260819164830-20260819194830-00572.warc.gz	2699993	cc payload verified; Document.iwa root type 1=TN.DocumentArchive; mime=
CC-MAIN-2026-34-cdx-00249-148	216e67ee0b6bac069a634c8cb714adb240ee376ae6168fa3e915af2f9a94b489	legacy	legacy-unknown	https://static.uahirise.org/epo/hislides/PSP_004275_1275.key	https://data.commoncrawl.org/crawl-data/CC-MAIN-2026-34/segments/1786091681394.92/warc/CC-MAIN-20260819164830-20260819194830-00179.warc.gz	3554539	cc payload verified; legacy bundle: members=['index.apxl'] (pre-iWork-13); mime=
CC-MAIN-2026-34-cdx-00249-147	06de9d7fcbb569c2091dad91c482c727cd4220db909ed926ae38c09da45d01c1	legacy	legacy-unknown	https://static.uahirise.org/epo/hislides/PSP_002424_1765.key	https://data.commoncrawl.org/crawl-data/CC-MAIN-2026-34/segments/1786091681394.92/warc/CC-MAIN-20260819164830-20260819194830-00649.warc.gz	2222657	cc payload verified; legacy bundle: members=['index.apxl'] (pre-iWork-13); mime=
CC-MAIN-2026-34-cdx-00249-149	dac1eb6c0439ca41c1e28fefbf8a2575d623a79753d81c06cdc3cb4b977e3a52	key	keynote	https://static.uahirise.org/epo/hislides/PSP_005811_1470.key	https://data.commoncrawl.org/crawl-data/CC-MAIN-2026-34/segments/1786091681394.92/warc/CC-MAIN-20260819164830-20260819194830-00881.warc.gz	1538046	cc payload verified; slide iwa present (Index/MasterSlide-7.iwa); root type 1; mime=
CC-MAIN-2026-34-cdx-00249-146	5989fd3ac979576fe7858cb79f7c0c54b2e0f0403e90af94be9bb473165c7898	key	keynote	https://static.uahirise.org/epo/hislides/ESP_089986_1980.key	https://data.commoncrawl.org/crawl-data/CC-MAIN-2026-34/segments/1786091681394.92/warc/CC-MAIN-20260819164830-20260819194830-00615.warc.gz	4739093	cc payload verified; slide iwa present (Index/Slide-4046668.iwa); root type 1; mime=
CC-MAIN-2026-34-cdx-00249-151	2a90f500dff91412dd75ba9ed74813b761c10adbd93ade3ea682b2e344772696	legacy	legacy-unknown	https://static.uahirise.org/epo/hislides/PSP_009819_2130.key	https://data.commoncrawl.org/crawl-data/CC-MAIN-2026-34/segments/1786091681394.92/warc/CC-MAIN-20260819164830-20260819194830-00797.warc.gz	20885602	origin refetch (cc incomplete: truncated=True digest_ok=True zip_ok=False); legacy bundle: members=['index.apxl'] (pre-iWork-13); mime=
CC-MAIN-2026-34-cdx-00249-150	4f5583aa1faa9e5b3de0b1e519816c67d3c814f43dc2155312c5d8c7b4cf48cf	legacy	legacy-unknown	https://static.uahirise.org/epo/hislides/PSP_008206_1620.key	https://data.commoncrawl.org/crawl-data/CC-MAIN-2026-34/segments/1786091681394.92/warc/CC-MAIN-20260819164830-20260819194830-00987.warc.gz	20779114	origin refetch (cc incomplete: truncated=True digest_ok=True zip_ok=False); legacy bundle: members=['index.apxl'] (pre-iWork-13); mime=
CC-MAIN-2026-34-cdx-00249-153	0de7b717bca78adc26dddaf246b4e9fe2e50c43c215d0ca966ff839c69259419	legacy	legacy-unknown	https://static.uahirise.org/hislides/archive/hislides-01-jul-2015.key	https://data.commoncrawl.org/crawl-data/CC-MAIN-2026-34/segments/1786091681394.92/warc/CC-MAIN-20260819164830-20260819194830-00759.warc.gz	6990316	origin refetch (cc incomplete: truncated=True digest_ok=True zip_ok=False); legacy bundle: members=['index.apxl'] (pre-iWork-13); mime=
CC-MAIN-2026-34-cdx-00249-152	073c69bcdf07b7f009c952692bb4e7a7ccf60659102ea9dba71b921d390df5cc	legacy	legacy-unknown	https://static.uahirise.org/epo/hislides/PSP_009840_2745.key	https://data.commoncrawl.org/crawl-data/CC-MAIN-2026-34/segments/1786091681394.92/warc/CC-MAIN-20260819164830-20260819194830-00459.warc.gz	20717258	origin refetch (cc incomplete: truncated=True digest_ok=True zip_ok=False); legacy bundle: members=['index.apxl'] (pre-iWork-13); mime=
CC-MAIN-2026-34-cdx-00249-154	c5c75335ff5d3a6baddbc5ca473e11ac2b5526bcea0180e492ae38d00f13188f	legacy	legacy-unknown	https://static.uahirise.org/hislides/archive/hislides-01-oct-2014.key	https://data.commoncrawl.org/crawl-data/CC-MAIN-2026-34/segments/1786091681394.92/warc/CC-MAIN-20260819164830-20260819194830-00183.warc.gz	6232844	origin refetch (cc incomplete: truncated=True digest_ok=True zip_ok=False); legacy bundle: members=['index.apxl'] (pre-iWork-13); mime=
CC-MAIN-2026-34-cdx-00249-155	405ae211e9b813ccddb6bfc98e058a16009db244f185e3dfe19fd26e895cc6cd	legacy	legacy-unknown	https://static.uahirise.org/hislides/archive/hislides-09-dec-15.key	https://data.commoncrawl.org/crawl-data/CC-MAIN-2026-34/segments/1786091681394.92/warc/CC-MAIN-20260819164830-20260819194830-00856.warc.gz	6797027	origin refetch (cc incomplete: truncated=True digest_ok=True zip_ok=False); legacy bundle: members=['index.apxl'] (pre-iWork-13); mime=
CC-MAIN-2026-34-cdx-00281-1	1066e15850317ea1cc367edf050b1e9a8f0e1e1165a510ef1ce7eaa59f7dbef6	numbers	numbers	https://oddio.space/wp-content/uploads/2023/03/Gina_Bachauer_3_10_2023.numbers	https://data.commoncrawl.org/crawl-data/CC-MAIN-2026-34/segments/1786091385861.46/warc/CC-MAIN-20260815212008-20260816002008-00038.warc.gz	10447244	origin refetch (cc incomplete: truncated=True digest_ok=True zip_ok=False); Document.iwa root type 1=TN.DocumentArchive; mime=
CC-MAIN-2026-34-cdx-00281-3	b2abceb03dbbbb362fecf27edaf01fda2ad86c4e6779d79a9ed1ad20f50ca265	numbers	numbers	https://mtd.tax/templates/Self%20Employed.numbers	https://data.commoncrawl.org/crawl-data/CC-MAIN-2026-34/segments/1786091385416.52/warc/CC-MAIN-20260811102717-20260811132717-00797.warc.gz	815415	cc payload verified; Document.iwa root type 1=TN.DocumentArchive; mime=
CC-MAIN-2026-34-cdx-00010-1	d3babe3d7f61034324d9484b47ac3f01f7c5370f2a2d0c0d7c2e2d1878151ff7	key	keynote	https://ballpen.blog/wp-content/uploads/2025/01/bound_charges_example.key	https://data.commoncrawl.org/crawl-data/CC-MAIN-2026-34/segments/1786091675778.67/warc/CC-MAIN-20260818011649-20260818041649-00332.warc.gz	611556	cc payload verified; slide iwa present (Index/Slide-2652150.iwa); root type 1; mime=
CC-MAIN-2026-34-cdx-00058-1	2a85aa6f3ca45483e0985315d6eec7e80b13d03d2d1391c8a60008037a895186	key	keynote	https://dawidrylko.com/files/presentations/js_01_node_pl.key	https://data.commoncrawl.org/crawl-data/CC-MAIN-2026-34/segments/1786091677910.78/warc/CC-MAIN-20260818132700-20260818162700-00028.warc.gz	1750705	cc payload verified; slide iwa present (Index/Slide-21512.iwa); root type 1; mime=
CC-MAIN-2026-34-cdx-00042-1	a6c716f24d8d6124584e6bf30a79193646c60fcedcfb9def713b9729d045a03d	pages	pages	https://blissfuldesignstudio.com/wp-content/uploads/2018/08/Shop-this-Look-Elm.pages	https://data.commoncrawl.org/crawl-data/CC-MAIN-2026-34/segments/1786091385189.22/warc/CC-MAIN-20260809002508-20260809032508-00200.warc.gz	16269090	origin refetch (cc incomplete: truncated=True digest_ok=True zip_ok=False); Document.iwa root type 10000=TP.DocumentArchive; mime=
CC-MAIN-2026-34-cdx-00058-3	295fd14db3bc4960f98b10201272e8b810678efbf460fe897640c5cd58a7843c	key	keynote	https://dawidrylko.com/files/presentations/js_03_npm_pl.key	https://data.commoncrawl.org/crawl-data/CC-MAIN-2026-34/segments/1786091677910.78/warc/CC-MAIN-20260818132700-20260818162700-00877.warc.gz	3659250	cc payload verified; slide iwa present (Index/Slide-21512.iwa); root type 1; mime=
CC-MAIN-2026-34-cdx-00058-4	7a4e6e48c9ba64807b0259446b15daf4f6a5a732fb976b1f5bb1977176affbf3	legacy	legacy-unknown	https://dekvek.com/presentations/netflix-paper.key	https://data.commoncrawl.org/crawl-data/CC-MAIN-2026-34/segments/1786091385565.71/warc/CC-MAIN-20260813081409-20260813111409-00466.warc.gz	4317074	cc payload verified; legacy bundle: members=['index.apxl'] (pre-iWork-13); mime=
CC-MAIN-2026-34-cdx-00058-5	bd3a64fbd95432c63216fc0a0c33806ae78a9f61281e51d520348b341e484589	numbers	numbers	https://www.delpupitrealasestrellas.com/contenido/escapeprofe.numbers	https://data.commoncrawl.org/crawl-data/CC-MAIN-2026-34/segments/1786091387114.72/warc/CC-MAIN-20260817035111-20260817065111-00070.warc.gz	783278	cc payload verified; Document.iwa root type 1=TN.DocumentArchive; mime=
CC-MAIN-2026-34-cdx-00058-6	740d73e548bd410a1ab84d6fb774095dca9e07aa8ed97035614df52fe471a8f9	numbers	numbers	https://www.delpupitrealasestrellas.com/contenido/escaperesolucion.numbers	https://data.commoncrawl.org/crawl-data/CC-MAIN-2026-34/segments/1786091387114.72/warc/CC-MAIN-20260817035111-20260817065111-00851.warc.gz	780854	cc payload verified; Document.iwa root type 1=TN.DocumentArchive; mime=
CC-MAIN-2026-34-cdx-00281-4	4c3b52bf8f678a6bcfbd73d35f1852f554a65e5e7a1d875409df3a732bb44907	key	keynote	https://squidex.jugru.team/api/assets/srm/5cb3fa7e-6904-402c-8a7f-00faa4f2accb/holyjs-2024.key	https://data.commoncrawl.org/crawl-data/CC-MAIN-2026-34/segments/1786091385821.41/warc/CC-MAIN-20260815060346-20260815090346-00753.warc.gz	89650930	origin refetch (cc incomplete: truncated=True digest_ok=True zip_ok=False); slide iwa present (Index/Slide-1079-2.iwa); root type 1; mime=
CC-MAIN-2026-34-cdx-00058-2	b5552f35681ca1ded2bf3ea494b7aeedff7e47cd85e85f9f96c8306d1f60e6ba	key	keynote	https://dawidrylko.com/files/presentations/js_02_npm_pl.key	https://data.commoncrawl.org/crawl-data/CC-MAIN-2026-34/segments/1786091677910.78/warc/CC-MAIN-20260818132700-20260818162700-00158.warc.gz	9766597	origin refetch (cc incomplete: truncated=True digest_ok=True zip_ok=False); slide iwa present (Index/Slide-21512.iwa); root type 1; mime=
CC-MAIN-2026-34-cdx-00090-1	bc5e6bd192100df4b0cbc86a675f2171d8c2d8d661bf3fb867d7d679bc6a0475	pages	pages	http://kobysh.com/wp-content/uploads/2015/12/IVS%E3%83%86%E3%82%B9%E3%83%88%E3%82%B7%E3%83%BC%E3%83%88%EF%BC%88%E5%90%AB%E6%9A%AB%E5%AE%9A%E7%A7%81%E7%94%A8%E5%A4%96%E5%AD%97%EF%BC%89.pages	https://data.commoncrawl.org/crawl-data/CC-MAIN-2026-34/segments/1786091680716.98/warc/CC-MAIN-20260819074055-20260819104055-00654.warc.gz	735123	cc payload verified; Document.iwa root type 10000=TP.DocumentArchive; mime=
CC-MAIN-2026-34-cdx-00281-5	972d213b5dfee2c019775235ce54660634e74e909465d58da6cbaa8598fedf95	key	keynote	https://squidex.jugru.team/api/assets/srm/6510d571-49f0-4e16-bcff-ddb599764a54/webmcp.key	https://data.commoncrawl.org/crawl-data/CC-MAIN-2026-34/segments/1786091385166.7/warc/CC-MAIN-20260808151638-20260808181638-00523.warc.gz	109563869	origin refetch (cc incomplete: truncated=True digest_ok=True zip_ok=False); slide iwa present (Index/Slide-596-2.iwa); root type 1; mime=
CC-MAIN-2026-34-cdx-00122-1	737c7eccbed415b2d0b1b724c84a371e395e0d6d3f02001e53746a73b73cc662	numbers	numbers	https://www.rotostreetjournal.com/wp-content/uploads/2022/09/2022_week_2_UsageReport.numbers	https://data.commoncrawl.org/crawl-data/CC-MAIN-2026-34/segments/1786091385439.63/warc/CC-MAIN-20260811223931-20260812013931-00373.warc.gz	488465	cc payload verified; Document.iwa root type 1=TN.DocumentArchive; mime=
CC-MAIN-2026-34-cdx-00106-1	87560fc1b5b0172a0ba7945e7bcb0cadd073e3527fc01fc70959df1e9a9cce54	pages	pages	https://www.nfgymcheer.com/assets/dynamic_image/content/content_file_27416_57076.pages	https://data.commoncrawl.org/crawl-data/CC-MAIN-2026-34/segments/1786091387097.89/warc/CC-MAIN-20260817004738-20260817034738-00886.warc.gz	1124434	cc payload verified; Document.iwa root type 10000=TP.DocumentArchive; mime=
CC-MAIN-2026-34-cdx-00122-2	ae1cc13b298f55665f169beb7be8d94cc42b18a11e31ba5e36bbaec232c7433f	pages	pages	https://rustedradishes.com/wp-content/uploads/2025/09/%D9%86%D8%A7%D8%B3-%D9%85%D8%B4-%D9%81%D9%88%D9%82.pages	https://data.commoncrawl.org/crawl-data/CC-MAIN-2026-34/segments/1786091385460.47/warc/CC-MAIN-20260812074805-20260812104805-00289.warc.gz	357880	cc payload verified; Document.iwa root type 10000=TP.DocumentArchive; mime=
CC-MAIN-2026-34-cdx-00138-2	6d17e7c902558884e578ff8277750622736ff34b3ebf53159e3545df4bca085c	pages	pages	http://tiffanytimbric.com/Tiffany_Timbric-resume.pages	https://data.commoncrawl.org/crawl-data/CC-MAIN-2026-34/segments/1786091677317.76/warc/CC-MAIN-20260818072149-20260818102149-00142.warc.gz	800910	cc payload verified; Document.iwa root type 10000=TP.DocumentArchive; mime=
CC-MAIN-2026-34-cdx-00138-3	74a69a677d68302ebbe5c9b5fd90b7a97b49dbac073595241c0699c7f8d43f7e	legacy	legacy-unknown	http://www.timeandquantummechanics.com/papers/grandfathers-gravity3.key	https://data.commoncrawl.org/crawl-data/CC-MAIN-2026-34/segments/1786091385254.10/warc/CC-MAIN-20260809154047-20260809184047-00262.warc.gz	27326050	origin refetch (cc incomplete: truncated=True digest_ok=True zip_ok=False); legacy bundle: members=['index.apxl'] (pre-iWork-13); mime=
CC-MAIN-2026-34-cdx-00138-4	d43ee257e1bcee4574ac333939396479805b3cbfd440f680387d4fdb489dbd26	legacy	legacy-unknown	http://www.timeandquantummechanics.com/papers/PhysicsOfParadox.key	https://data.commoncrawl.org/crawl-data/CC-MAIN-2026-34/segments/1786091385254.10/warc/CC-MAIN-20260809154047-20260809184047-00562.warc.gz	20358921	origin refetch (cc incomplete: truncated=True digest_ok=True zip_ok=False); legacy bundle: members=['index.apxl'] (pre-iWork-13); mime=
CC-MAIN-2026-34-cdx-00138-5	b120ebb3475d939407c65d4276ad19c29042c535cd78eb3697bfeb131fb958e1	legacy	legacy-unknown	http://www.timeandquantummechanics.com/papers/TemporalParadoxes3.key	https://data.commoncrawl.org/crawl-data/CC-MAIN-2026-34/segments/1786091385254.10/warc/CC-MAIN-20260809154047-20260809184047-00229.warc.gz	8597795	origin refetch (cc incomplete: truncated=True digest_ok=True zip_ok=False); legacy bundle: members=['index.apxl'] (pre-iWork-13); mime=
CC-MAIN-2026-34-cdx-00154-1	f0a7059699e42e5cb87bb61b89bd54c1f44b0b47fa804c1d828a56efe42a0335	pages	pages	https://www.early-music.cz/media/Ps.-94-Venite-.pages	https://data.commoncrawl.org/crawl-data/CC-MAIN-2026-34/segments/1786091385196.13/warc/CC-MAIN-20260809032740-20260809062740-00585.warc.gz	283839	cc payload verified; Document.iwa root type 10000=TP.DocumentArchive; mime=
CC-MAIN-2026-34-cdx-00154-2	33499baadcc37d1f0878ed9764483e4ebf73e079ad76da170cd1a61e15de888c	numbers	numbers	https://cdnweb.fakturoid.cz/download/kalkulace-hodinove-sazby.numbers	https://data.commoncrawl.org/crawl-data/CC-MAIN-2026-34/segments/1786091385438.28/warc/CC-MAIN-20260811193657-20260811223657-00559.warc.gz	215068	cc payload verified; Document.iwa root type 1=TN.DocumentArchive; mime=
CC-MAIN-2026-34-cdx-00138-6	f8cae860cc8f64ffa026d966d5b3596a0457abe482b5754034349c82b4751f30	key	keynote	http://timeandquantummechanics.com/wp-content/uploads/2018/08/Telepathy11.key	https://data.commoncrawl.org/crawl-data/CC-MAIN-2026-34/segments/1786091385982.61/warc/CC-MAIN-20260816153610-20260816183610-00750.warc.gz	26999583	origin refetch (cc incomplete: truncated=True digest_ok=True zip_ok=False); slide iwa present (Index/MasterSlide-1.iwa); root type 1; mime=
CC-MAIN-2026-34-cdx-00170-2	baabe23e067ff098793299c554ab309cefb49889021a5f83e8119519c7604cac	numbers	numbers	https://benmatselby.dev/files/burndown.numbers	https://data.commoncrawl.org/crawl-data/CC-MAIN-2026-34/segments/1786091683786.95/warc/CC-MAIN-20260819225241-20260820015241-00177.warc.gz	282385	cc payload verified; Document.iwa root type 1=TN.DocumentArchive; mime=
CC-MAIN-2026-34-cdx-00170-7	251aeddf1bf32e9926f4186133a46fec133668af1962130a686297e07eb35c85	key	keynote	https://neas.dev/currying/functionalSwift.key	https://data.commoncrawl.org/crawl-data/CC-MAIN-2026-34/segments/1786091385961.45/warc/CC-MAIN-20260816093115-20260816123115-00980.warc.gz	1134523	cc payload verified; slide iwa present (Index/MasterSlide-8887.iwa); root type 1; mime=
CC-MAIN-2026-34-cdx-00170-9	6ebab1ba164f63bd4d986e817f9afe89cd9ded5dae67787bf608fc6f137c86eb	key	keynote	https://radan.dev/talks/files/stumbling_off_the_rails.key	https://data.commoncrawl.org/crawl-data/CC-MAIN-2026-34/segments/1786091385607.42/warc/CC-MAIN-20260813202929-20260813232929-00606.warc.gz	4723267	cc payload verified; slide iwa present (Index/MasterSlide-3637.iwa); root type 1; mime=
CC-MAIN-2026-34-cdx-00170-8	747593c592149c9ca64b1cf457d20fdf0340d393903eda89ac5be72eb73fc1b9	key	keynote	https://radan.dev/talks/files/microservices.key	https://data.commoncrawl.org/crawl-data/CC-MAIN-2026-34/segments/1786091385607.42/warc/CC-MAIN-20260813202929-20260813232929-00357.warc.gz	6949784	origin refetch (cc incomplete: truncated=True digest_ok=True zip_ok=False); slide iwa present (Index/MasterSlide-3.iwa); root type 1; mime=
CC-MAIN-2026-34-cdx-00170-10	a01fd96d3e7a3aa916300759ad5073b67e8059b9f1d1e08ea9e97c191d16a2f4	key	keynote	https://sodic.dev/choosing-typescript-matters-cascadiajs-2026.key	https://data.commoncrawl.org/crawl-data/CC-MAIN-2026-34/segments/1786091385189.22/warc/CC-MAIN-20260809002508-20260809032508-00462.warc.gz	17655200	origin refetch (cc incomplete: truncated=True digest_ok=True zip_ok=False); slide iwa present (Index/Slide-2746767-2.iwa); root type 1; mime=
CC-MAIN-2026-34-cdx-00074-2	5b2026102f48d310f1531bd40a798670f13fc2bc599e6275523564065123c509	key	keynote	https://storage.googleapis.com/zume-file-mirror/bho/zume-training-20-bho.key	https://data.commoncrawl.org/crawl-data/CC-MAIN-2026-34/segments/1786091385582.55/warc/CC-MAIN-20260813142326-20260813172326-00516.warc.gz	1227430752	origin refetch (cc incomplete: truncated=True digest_ok=True zip_ok=False); slide iwa present (Index/Slide-2652937-2.iwa); root type 1; mime=
CC-MAIN-2026-34-cdx-00170-1	2dccc804091e1ac60d0fd3aa727388b9d5b08051008828bf7cb23e88a5df9ab3	key	keynote	https://stephanieliu.design/wp-content/uploads/2026/01/StephanieLiu_PortfolioPreview2026_Keynote.key	https://data.commoncrawl.org/crawl-data/CC-MAIN-2026-34/segments/1786091385710.35/warc/CC-MAIN-20260814114419-20260814144419-00983.warc.gz	49016789	origin refetch (cc incomplete: truncated=True digest_ok=True zip_ok=False); slide iwa present (Index/Slide-593-2.iwa); root type None; mime=
CC-MAIN-2026-34-cdx-00170-11	9334a5a768cda7bd0ffcf3a3a1e588f1b3453fc27b96ddd69c26b359e8722d29	key	keynote	https://sodic.dev/treat-the-compiler-with-compassion-jsconf-2025.key	https://data.commoncrawl.org/crawl-data/CC-MAIN-2026-34/segments/1786091385189.22/warc/CC-MAIN-20260809002508-20260809032508-00193.warc.gz	12639714	origin refetch (cc incomplete: truncated=True digest_ok=True zip_ok=False); slide iwa present (Index/Slide-762-2.iwa); root type 1; mime=
CC-MAIN-2026-34-cdx-00170-14	2d1a43658f40e77f7a209e38115604febf1390be08d713b9d3e8f2c74b133477	pages	pages	https://www-static.casablancaanholt.dk/wp-content/uploads/2026/06/Barkort-2026.pages?media=1762851711	https://data.commoncrawl.org/crawl-data/CC-MAIN-2026-34/segments/1786091385536.64/warc/CC-MAIN-20260812200004-20260812230004-00183.warc.gz	242482	cc payload verified; Document.iwa root type 10000=TP.DocumentArchive; mime=
CC-MAIN-2026-34-cdx-00186-2	da5a66a7e8e1465a11ce694adc90c549599fd842aa43dd568b3e980968e7385c	pages	pages	https://sciences-tec.fr/cours/wp-content/uploads/2024/11/Peripheriques.pages	https://data.commoncrawl.org/crawl-data/CC-MAIN-2026-34/segments/1786091682406.79/warc/CC-MAIN-20260819195004-20260819225004-00863.warc.gz	266593	cc payload verified; Document.iwa root type 10000=TP.DocumentArchive; mime=
CC-MAIN-2026-34-cdx-00170-12	de6050650e7b0836fbaefa91e5359d4928bcd433f9b9672b5ec8722c7f1940f0	key	keynote	https://sodic.dev/treat-the-compiler-with-compassion-jsday-2026.key	https://data.commoncrawl.org/crawl-data/CC-MAIN-2026-34/segments/1786091385189.22/warc/CC-MAIN-20260809002508-20260809032508-00302.warc.gz	13229430	origin refetch (cc incomplete: truncated=True digest_ok=True zip_ok=False); slide iwa present (Index/Slide-762-2.iwa); root type 1; mime=
CC-MAIN-2026-34-cdx-00186-3	0ebb13574f52560c7ddd4aadb3def6b983f87f8432c086e8408c0a55c784108c	pages	pages	https://sciences-tec.fr/cours/wp-content/uploads/2024/11/Reseau.pages	https://data.commoncrawl.org/crawl-data/CC-MAIN-2026-34/segments/1786091682406.79/warc/CC-MAIN-20260819195004-20260819225004-00352.warc.gz	747990	cc payload verified; Document.iwa root type 10000=TP.DocumentArchive; mime=
CC-MAIN-2026-34-cdx-00186-1	90fbb6c536741aae6d59423acd312f3181360dbd52c0d33416eb0c437e5fd0be	numbers	numbers	http://www.blog.psp-learning.fr/wp-content/uploads/2019/02/Maison-Martos_Ibot.numbers	https://data.commoncrawl.org/crawl-data/CC-MAIN-2026-34/segments/1786091385622.16/warc/CC-MAIN-20260814023636-20260814053636-00963.warc.gz	1908383	cc payload verified; Document.iwa root type 1=TN.DocumentArchive; mime=
CC-MAIN-2026-34-cdx-00186-4	6359764330a7ecd9b776812e643ac2e7e25a7407defd6d6932131f9165cb6059	numbers	numbers	https://www.shaapb.fr/wp-content/uploads/2024/04/ARCHIVES-SHAAPB-indice-A-1.numbers	https://data.commoncrawl.org/crawl-data/CC-MAIN-2026-34/segments/1786091678553.88/warc/CC-MAIN-20260818193129-20260818223129-00122.warc.gz	854031	cc payload verified; Document.iwa root type 1=TN.DocumentArchive; mime=
CC-MAIN-2026-34-cdx-00202-1	c206bd59c70fa45b8c29febd544a0eaae9733f7026f8c81ae1b39eee3f9297fb	pages	pages	https://www.boardtrip.it/wp-content/uploads/2023/11/Convocaz-Assemblea.pages	https://data.commoncrawl.org/crawl-data/CC-MAIN-2026-34/segments/1786091676506.70/warc/CC-MAIN-20260818042017-20260818072017-00693.warc.gz	1299146	cc payload verified; Document.iwa root type 10000=TP.DocumentArchive; mime=
CC-MAIN-2026-34-cdx-00202-2	b49a5af350a32fa42ef04eeb15c4357c50b12d02c4bc75865c5019589b99a817	pages	pages	https://www.cediumlibri.it/wp-content/uploads/2023/04/tecnografica-seconda-edizione-2-volumi.pages	https://data.commoncrawl.org/crawl-data/CC-MAIN-2026-34/segments/1786091385439.63/warc/CC-MAIN-20260811223931-20260812013931-00332.warc.gz	815428	cc payload verified; Document.iwa root type 10000=TP.DocumentArchive; mime=
CC-MAIN-2026-34-cdx-00202-3	6cc59a8bf652d93e53feb8334efbda8c969aabc6025cc43c400b22c9884fa98f	pages	pages	https://www.cediumlibri.it/wp-content/uploads/2023/04/Tecnografica-seconda-edizione-volume-unico.pages	https://data.commoncrawl.org/crawl-data/CC-MAIN-2026-34/segments/1786091385439.63/warc/CC-MAIN-20260811223931-20260812013931-00516.warc.gz	818408	cc payload verified; Document.iwa root type 10000=TP.DocumentArchive; mime=
CC-MAIN-2026-34-cdx-00202-4	6bdd6d93d8f2f574bee6ac34cf53b3f970a2a9e56cc8bd1840596ecae518efd1	pages	pages	https://cesaregualdoni.it/wp-content/uploads/2023/09/Hiroshima-Mon-Amour-1-2.pages	https://data.commoncrawl.org/crawl-data/CC-MAIN-2026-34/segments/1786091385821.41/warc/CC-MAIN-20260815060346-20260815090346-00246.warc.gz	306021	cc payload verified; Document.iwa root type 10000=TP.DocumentArchive; mime=
CC-MAIN-2026-34-cdx-00202-5	4c35d2f0a30dd013cbd2b179e1e3ec8b657847dd37e6b1d88fc64cab6a177051	pages	pages	https://www.chiesapantelleria.it/wp-content/uploads/2023/11/IC-da-modificare.pages	https://data.commoncrawl.org/crawl-data/CC-MAIN-2026-34/segments/1786091385964.96/warc/CC-MAIN-20260816123341-20260816153341-00937.warc.gz	956079	cc payload verified; Document.iwa root type 10000=TP.DocumentArchive; mime=
CC-MAIN-2026-34-cdx-00218-1	efd16a6659ba0924317c8376f2d8458ffa999faea1912993ce86095504d7360b	key	keynote	https://haroen.me/presentations/en/github/github.key	https://data.commoncrawl.org/crawl-data/CC-MAIN-2026-34/segments/1786091680785.94/warc/CC-MAIN-20260819104324-20260819134324-00608.warc.gz	3883347	cc payload verified; slide iwa present (Index/Slide-5.iwa); root type 1; mime=
CC-MAIN-2026-34-cdx-00218-2	ef8096927e0e1c144a6bde82e8e52def8980be49cfc3970554b747d8da9b711e	pages	pages	http://khural.mn/storage/files/53/turshlaga1.pages	https://data.commoncrawl.org/crawl-data/CC-MAIN-2026-34/segments/1786091385452.6/warc/CC-MAIN-20260812044543-20260812074543-00689.warc.gz	2318713	cc payload verified; Document.iwa root type 10000=TP.DocumentArchive; mime=
CC-MAIN-2026-34-cdx-00234-1	d02199e67136a5be0a63d89b79e06696f4476c7226fb4d800e8b6ee40ff82b11	key	keynote	https://cmb.wintherscoming.no/pdfs/ast5220_milestone_1_2024.key	https://data.commoncrawl.org/crawl-data/CC-MAIN-2026-34/segments/1786091385536.64/warc/CC-MAIN-20260812200004-20260812230004-00217.warc.gz	7425405	origin refetch (cc incomplete: truncated=True digest_ok=True zip_ok=False); slide iwa present (Index/Slide-8060.iwa); root type 1; mime=
CC-MAIN-2026-34-cdx-00234-4	98092c30143ec8026189c476dec612f6a2690e2b4c8bc1776c87d9fdb98a8051	pages	pages	https://veganer.nu/wp-content/uploads/2016/02/Valentina-01.pages	https://data.commoncrawl.org/crawl-data/CC-MAIN-2026-34/segments/1786091385823.62/warc/CC-MAIN-20260815090613-20260815120613-00294.warc.gz	382998	cc payload verified; Document.iwa root type 10000=TP.DocumentArchive; mime=
CC-MAIN-2026-34-cdx-00234-5	8c12ded3edb1777a549147758343ccbb95729be9a5f8c66bd969ea13b878a12a	pages	pages	https://veganer.nu/wp-content/uploads/2016/02/Valentina-02.pages	https://data.commoncrawl.org/crawl-data/CC-MAIN-2026-34/segments/1786091385823.62/warc/CC-MAIN-20260815090613-20260815120613-00975.warc.gz	419112	cc payload verified; Document.iwa root type 10000=TP.DocumentArchive; mime=
CC-MAIN-2026-34-cdx-00234-2	3b5c8b2466691840d27eb5428cbd5269018b2be84d4136e123d5dd3c3c0fd495	key	keynote	https://cmb.wintherscoming.no/pdfs/ast5220_milestone_4.key	https://data.commoncrawl.org/crawl-data/CC-MAIN-2026-34/segments/1786091385536.64/warc/CC-MAIN-20260812200004-20260812230004-00547.warc.gz	5519306	origin refetch (cc incomplete: truncated=True digest_ok=True zip_ok=False); slide iwa present (Index/Slide-8060.iwa); root type 1; mime=
CC-MAIN-2026-34-cdx-00234-3	45b1a1046bb6fcd9042a49c18ca5c7acc1054de92fdbb6156eb84c5dcf186bdc	key	keynote	https://cmb.wintherscoming.no/pdfs/lecture1_2022.key	https://data.commoncrawl.org/crawl-data/CC-MAIN-2026-34/segments/1786091385536.64/warc/CC-MAIN-20260812200004-20260812230004-00554.warc.gz	25250027	origin refetch (cc incomplete: truncated=True digest_ok=True zip_ok=False); slide iwa present (Index/MasterSlide-7880.iwa); root type 1; mime=
CC-MAIN-2026-34-cdx-00250-1	c8fc9155eea89c28351919d605a9c0d628611a59243d83c47f74fbcedbc6f4f9	key	keynote	https://www.wesleyanrooted.org/uploads/1/3/2/7/132790944/week_1_heart_standard.key	https://data.commoncrawl.org/crawl-data/CC-MAIN-2026-34/segments/1786091674238.48/warc/CC-MAIN-20260817191046-20260817221046-00287.warc.gz	86279928	origin refetch (cc incomplete: truncated=True digest_ok=True zip_ok=False); slide iwa present (Index/Slide-1221831.iwa); root type 1; mime=
CC-MAIN-2026-34-cdx-00170-15	f14d040866c24ddce474461c9f7e59ceaa453288742806703300097c06ef8e94	key	keynote	https://events.dknog.dk/event/1/contributions/21/attachments/5/5/sarimner_condensed_english_external.key	https://data.commoncrawl.org/crawl-data/CC-MAIN-2026-34/segments/1786091385444.26/warc/CC-MAIN-20260812014208-20260812044208-00319.warc.gz	5595307	origin refetch (cc incomplete: truncated=True digest_ok=True zip_ok=False); slide iwa present (Index/MasterSlide.iwa); root type 1; mime=
CC-MAIN-2026-34-cdx-00250-2	478efdf6bbbf3cf5f84672fccc0a2ceadbcc3bb4c894367e73b1f25b69a8bd02	key	keynote	https://www.wesleyanrooted.org/uploads/1/3/2/7/132790944/week_1_heart_widescreen.key	https://data.commoncrawl.org/crawl-data/CC-MAIN-2026-34/segments/1786091674238.48/warc/CC-MAIN-20260817191046-20260817221046-00049.warc.gz	86276986	origin refetch (cc incomplete: truncated=True digest_ok=True zip_ok=False); slide iwa present (Index/Slide-1221831.iwa); root type 1; mime=
CC-MAIN-2026-34-cdx-00250-3	a458b6b6f87b7c9535db5d04e2fcd2fb401c5da7a0e4411cd5767a15747ff734	key	keynote	https://www.wesleyanrooted.org/uploads/1/3/2/7/132790944/week_2_soul_standard.key	https://data.commoncrawl.org/crawl-data/CC-MAIN-2026-34/segments/1786091674238.48/warc/CC-MAIN-20260817191046-20260817221046-00579.warc.gz	97240693	origin refetch (cc incomplete: truncated=True digest_ok=True zip_ok=False); slide iwa present (Index/Slide-1221831.iwa); root type 1; mime=
CC-MAIN-2026-34-cdx-00250-5	26102c948d691ed381cd07fd9e9b3ce27193141686f3ceceb2f13ec6a1d7944c	key	keynote	https://www.wesleyanrooted.org/uploads/1/3/2/7/132790944/week_3_mind_standard.key	https://data.commoncrawl.org/crawl-data/CC-MAIN-2026-34/segments/1786091674238.48/warc/CC-MAIN-20260817191046-20260817221046-00165.warc.gz	11716550	origin refetch (cc incomplete: truncated=True digest_ok=True zip_ok=False); slide iwa present (Index/Slide-1221831.iwa); root type 1; mime=
CC-MAIN-2026-34-cdx-00250-6	bc01d7acc793f1545225b82be15b6d6fee4bda90f8f0071187a6be03c1f85cd0	key	keynote	https://www.wesleyanrooted.org/uploads/1/3/2/7/132790944/week_3_mind_widescreen.key	https://data.commoncrawl.org/crawl-data/CC-MAIN-2026-34/segments/1786091674238.48/warc/CC-MAIN-20260817191046-20260817221046-00615.warc.gz	11715073	origin refetch (cc incomplete: truncated=True digest_ok=True zip_ok=False); slide iwa present (Index/Slide-1221831.iwa); root type 1; mime=
CC-MAIN-2026-34-cdx-00250-7	1b9c4fa1ff7f7cadd52efd1e08e61ec8645a5de89369d4befc93ddcffd54a21f	key	keynote	https://www.wesleyanrooted.org/uploads/1/3/2/7/132790944/week_4_strength_standard.key	https://data.commoncrawl.org/crawl-data/CC-MAIN-2026-34/segments/1786091674238.48/warc/CC-MAIN-20260817191046-20260817221046-00959.warc.gz	9696647	origin refetch (cc incomplete: truncated=True digest_ok=True zip_ok=False); slide iwa present (Index/Slide-1221831.iwa); root type 1; mime=
CC-MAIN-2026-34-cdx-00250-8	b6fbd42ce5419545ad5fc0603aafd76ff6e66f2efa8c4333a5030013dbec82ba	key	keynote	https://www.wesleyanrooted.org/uploads/1/3/2/7/132790944/week_4_strength_widescreen.key	https://data.commoncrawl.org/crawl-data/CC-MAIN-2026-34/segments/1786091674238.48/warc/CC-MAIN-20260817191046-20260817221046-00985.warc.gz	9707476	origin refetch (cc incomplete: truncated=True digest_ok=True zip_ok=False); slide iwa present (Index/Slide-1221831.iwa); root type 1; mime=
CC-MAIN-2026-34-cdx-00250-11	76e92cd683a83ba94c9b51e91187ec2e888d0b394f112a3e5d07a4a2c4509a73	pages	pages	http://www.westendarts.org/uploads/7/9/1/8/7918494/wea_application.pages	https://data.commoncrawl.org/crawl-data/CC-MAIN-2026-34/segments/1786091385836.20/warc/CC-MAIN-20260815120940-20260815150940-00908.warc.gz	292766	cc payload verified; Document.iwa root type 10000=TP.DocumentArchive; mime=
CC-MAIN-2026-34-cdx-00250-9	a9d68e7e37b51bef6dcec37c28598877ea0b78b76466048c67b620cd3fb5ae34	key	keynote	https://www.wesleyanrooted.org/uploads/1/3/2/7/132790944/week_5_neighbor_standard.key	https://data.commoncrawl.org/crawl-data/CC-MAIN-2026-34/segments/1786091674238.48/warc/CC-MAIN-20260817191046-20260817221046-00087.warc.gz	11734759	origin refetch (cc incomplete: truncated=True digest_ok=True zip_ok=False); slide iwa present (Index/Slide-1221831.iwa); root type 1; mime=
CC-MAIN-2026-34-cdx-00027-2	7a94b365c1c94abdbe5489ec3f4656fe1b5d1e90879fe94f9c1613ba23b80485	pages	pages	https://static.showit.co/file/hL2gRF8z1RI5PAMkyIDJrw/289730/algemene_voorwaarden_2024.pages	https://data.commoncrawl.org/crawl-data/CC-MAIN-2026-34/segments/1786091385934.3/warc/CC-MAIN-20260816032507-20260816062507-00051.warc.gz	367299	cc payload verified; Document.iwa root type 10000=TP.DocumentArchive; mime=
CC-MAIN-2026-34-cdx-00027-1	ba68b8e684f245ae6d5747b119b74b8f9e265804440f7bd76c7dc38c262cf1b2	pages	pages	https://static.showit.co/file/CR0Bd4_5RKQc3PwrI2y7iQ/289730/privacyverklaring.pages	https://data.commoncrawl.org/crawl-data/CC-MAIN-2026-34/segments/1786091680716.98/warc/CC-MAIN-20260819074055-20260819104055-00893.warc.gz	366368	cc payload verified; Document.iwa root type 10000=TP.DocumentArchive; mime=
CC-MAIN-2026-34-cdx-00250-10	200eb9cc14fcff6ebd9416358a41f50541aecf05f701c69fae21218bafb846a7	key	keynote	https://www.wesleyanrooted.org/uploads/1/3/2/7/132790944/week_5_neighbor_widescreen.key	https://data.commoncrawl.org/crawl-data/CC-MAIN-2026-34/segments/1786091674238.48/warc/CC-MAIN-20260817191046-20260817221046-00457.warc.gz	11746807	origin refetch (cc incomplete: truncated=True digest_ok=True zip_ok=False); slide iwa present (Index/Slide-1221831.iwa); root type 1; mime=
CC-MAIN-2026-34-cdx-00250-4	efef5d3a9a32585ca11b4757ad9ababd165b9a43b8c32c78c19d677e8da88435	key	keynote	https://www.wesleyanrooted.org/uploads/1/3/2/7/132790944/week_2_soul_widescreen.key	https://data.commoncrawl.org/crawl-data/CC-MAIN-2026-34/segments/1786091674238.48/warc/CC-MAIN-20260817191046-20260817221046-00765.warc.gz	97247211	origin refetch (cc incomplete: truncated=True digest_ok=True zip_ok=False); slide iwa present (Index/Slide-1221831.iwa); root type 1; mime=
CC-MAIN-2026-34-cdx-00027-3	ff576d4e35bfc94e17d493c6018e206e2d6f3388f023d4b98ff372d2ad25ca8c	pages	pages	https://static.showit.co/file/LuGmQlKC0Re6L1jPd1nBvQ/289730/disclamer.pages	https://data.commoncrawl.org/crawl-data/CC-MAIN-2026-34/segments/1786091680716.98/warc/CC-MAIN-20260819074055-20260819104055-00525.warc.gz	341655	cc payload verified; Document.iwa root type 10000=TP.DocumentArchive; mime=
CC-MAIN-2026-34-cdx-00059-2	0acdb4e06260367a7840d939682eb0f1caaac561ed19ecdd780a688ee327a0c1	key	keynote	https://designthinkmakebreakrepeat.com/resources/STEP%20Cards.key	https://data.commoncrawl.org/crawl-data/CC-MAIN-2026-34/segments/1786091385189.22/warc/CC-MAIN-20260809002508-20260809032508-00731.warc.gz	2596501	cc payload verified; slide iwa present (Index/MasterSlide-3637.iwa); root type 1; mime=
CC-MAIN-2026-34-cdx-00075-2	34d889394916d1db76861d885ba373b837bf582f86e48bf6874fed425b9a9737	legacy	legacy-unknown	https://gregbrockman.com/f/building-a-culture-where-software-projects-get-done.key	https://data.commoncrawl.org/crawl-data/CC-MAIN-2026-34/segments/1786091385350.21/warc/CC-MAIN-20260810160426-20260810190426-00788.warc.gz	9056021	origin refetch (cc incomplete: truncated=True digest_ok=True zip_ok=False); legacy bundle: members=['index.apxl'] (pre-iWork-13); mime=
CC-MAIN-2026-34-cdx-00091-2	bf3c114e0e8f302acf5dd8d20330e7222bf1ee37605e1bc7399ed40f19f304d1	legacy	legacy-unknown	https://www.lafralluca.com/wp-content/uploads/2015/03/Blog-Finlandia-2013.pages	https://data.commoncrawl.org/crawl-data/CC-MAIN-2026-34/segments/1786091680806.87/warc/CC-MAIN-20260819134558-20260819164558-00492.warc.gz	1792901	cc payload verified; legacy bundle: members=['index.xml'] (pre-iWork-13); mime=
CC-MAIN-2026-34-cdx-00059-1	dcc76ab667e6c77b1464952deac90d0f0b3b7f8274243d6ab0cf9d116ac42e8b	key	keynote	https://designthinkmakebreakrepeat.com/resources/Bodystorming.key	https://data.commoncrawl.org/crawl-data/CC-MAIN-2026-34/segments/1786091385189.22/warc/CC-MAIN-20260809002508-20260809032508-00074.warc.gz	21666632	origin refetch (cc incomplete: truncated=True digest_ok=True zip_ok=False); slide iwa present (Index/MasterSlide-3637.iwa); root type 1; mime=
CC-MAIN-2026-34-cdx-00091-1	ec78943a76ca806260c88a596e00d2f1c25dd1b7429548eb57ee5155b8e9e919	legacy	legacy-unknown	https://www.lafralluca.com/wp-content/uploads/2011/09/26-09-11-Il-Tirreno-Saranno-Famosi.pages	https://data.commoncrawl.org/crawl-data/CC-MAIN-2026-34/segments/1786091680806.87/warc/CC-MAIN-20260819134558-20260819164558-00562.warc.gz	189030	cc payload verified; legacy bundle: members=['index.xml'] (pre-iWork-13); mime=
CC-MAIN-2026-34-cdx-00075-1	68d7bfc36b45a5d7368b811509e82f32206d0c0b66f983e67fb4d91102e3195c	legacy	legacy-unknown	http://www.greenrisingmarketing.com/wp-content/uploads/2013/09/NW-Examiner-June2012-one-pg-CEJN-FI1.pages	https://data.commoncrawl.org/crawl-data/CC-MAIN-2026-34/segments/1786091385622.16/warc/CC-MAIN-20260814023636-20260814053636-00479.warc.gz	5490265	origin refetch (cc incomplete: truncated=True digest_ok=True zip_ok=False); legacy bundle: members=['index.xml'] (pre-iWork-13); mime=
CC-MAIN-2026-34-cdx-00091-4	b88f1dc532ff565d51d882fb28e5349d035973b3925a884aa44ab85f70c8b63f	legacy	legacy-unknown	https://www.lafralluca.com/wp-content/uploads/2015/03/Maredivino2011.pages	https://data.commoncrawl.org/crawl-data/CC-MAIN-2026-34/segments/1786091680806.87/warc/CC-MAIN-20260819134558-20260819164558-00664.warc.gz	352957	cc payload verified; legacy bundle: members=['index.xml'] (pre-iWork-13); mime=
CC-MAIN-2026-34-cdx-00091-3	1016dc9126fe779352c3da854ef63be645bec74e830fbeb391d8f82c2f1ab12c	legacy	legacy-unknown	https://www.lafralluca.com/wp-content/uploads/2015/03/La-Fralluca-Tirreno.pages	https://data.commoncrawl.org/crawl-data/CC-MAIN-2026-34/segments/1786091680806.87/warc/CC-MAIN-20260819134558-20260819164558-00468.warc.gz	158209	cc payload verified; legacy bundle: members=['index.xml'] (pre-iWork-13); mime=
CC-MAIN-2026-34-cdx-00091-6	83d1d7468e6edbdbc552aab253a8074bfbdec4bac8aea16eef58d9c3e0e6c5dc	legacy	legacy-unknown	https://www.lafralluca.com/wp-content/uploads/2015/03/Pitis-Londra-2011.pages	https://data.commoncrawl.org/crawl-data/CC-MAIN-2026-34/segments/1786091680806.87/warc/CC-MAIN-20260819134558-20260819164558-00557.warc.gz	381994	cc payload verified; legacy bundle: members=['index.xml'] (pre-iWork-13); mime=
CC-MAIN-2026-34-cdx-00091-5	78bfac56eabbf2201ea993521de1bbf6da5c8cafa57a9d98cf6720c34e41c5d5	legacy	legacy-unknown	https://www.lafralluca.com/wp-content/uploads/2015/03/Pitis-2008-Grandi-esordi-Veronelli-2012.pages	https://data.commoncrawl.org/crawl-data/CC-MAIN-2026-34/segments/1786091680806.87/warc/CC-MAIN-20260819134558-20260819164558-00950.warc.gz	140854	cc payload verified; legacy bundle: members=['index.xml'] (pre-iWork-13); mime=
CC-MAIN-2026-34-cdx-00091-7	223b909b00e725e61d4b3f3145dea25e4091888e5447f3ae2a8f13b331c284ea	pages	pages	https://lagunanigueldermatology.com/wp-content/uploads/2026/05/Pre-op-Questions-Website.pages	https://data.commoncrawl.org/crawl-data/CC-MAIN-2026-34/segments/1786091385565.71/warc/CC-MAIN-20260813081409-20260813111409-00510.warc.gz	259843	cc payload verified; Document.iwa root type 10000=TP.DocumentArchive; mime=
CC-MAIN-2026-34-cdx-00091-8	8d33bac5de8eecafb2ee5977f1aee5bae0a1eed5452ced85b2b8fbb5c9c70291	pages	pages	https://lakeoswegoveinandaesthetic.com/wp-content/uploads/2021/05/patient-financial-responsibility-.pages	https://data.commoncrawl.org/crawl-data/CC-MAIN-2026-34/segments/1786091385044.1/warc/CC-MAIN-20260808000048-20260808030048-00524.warc.gz	1400228	cc payload verified; Document.iwa root type 10000=TP.DocumentArchive; mime=
CC-MAIN-2026-34-cdx-00139-2	078fadc0c78bb4c8ddde7958661a5f1908c56229243ee0f69349daabfa7e2776	pages	pages	http://www.toralvestad.com/wp-content/uploads/2026/06/CV-2018-Tor-Alvestad-english.pages	https://data.commoncrawl.org/crawl-data/CC-MAIN-2026-34/segments/1786091385525.56/warc/CC-MAIN-20260812165636-20260812195636-00455.warc.gz	565548	cc payload verified; Document.iwa root type 10000=TP.DocumentArchive; mime=
CC-MAIN-2026-34-cdx-00107-1	9acfb0100bc34ac74bf03daabf073404663dabd9030c4f526bbdd7389a13dbc0	pages	pages	https://nikistepanianmft.com/wp-content/uploads/2020/06/PP-telehealth-consent-form.pages	https://data.commoncrawl.org/crawl-data/CC-MAIN-2026-34/segments/1786091680785.94/warc/CC-MAIN-20260819104324-20260819134324-00231.warc.gz	342199	cc payload verified; Document.iwa root type 10000=TP.DocumentArchive; mime=
CC-MAIN-2026-34-cdx-00139-1	e14a63a924775fff581aab7ef14b10191f628ecd49bf5bfc83ef2385627d1061	numbers	numbers	https://www.tonychachere.com/wp-content/uploads/2023/06/Walmart-Stores.numbers	https://data.commoncrawl.org/crawl-data/CC-MAIN-2026-34/segments/1786091385858.80/warc/CC-MAIN-20260815181639-20260815211639-00131.warc.gz	2109492	cc payload verified; Document.iwa root type 1=TN.DocumentArchive; mime=
CC-MAIN-2026-34-cdx-00123-1	fe2facece68e0d72d63898f896251fd61c65954ef513f4620ec08681b6fb17de	pages	pages	https://www.sarahpetrich.com/uploads/2/6/0/4/26041402/where_are_these_deep_abdominals_.pages	https://data.commoncrawl.org/crawl-data/CC-MAIN-2026-34/segments/1786091385546.31/warc/CC-MAIN-20260813020609-20260813050609-00175.warc.gz	4288962	cc payload verified; Document.iwa root type 10000=TP.DocumentArchive; mime=
CC-MAIN-2026-34-cdx-00171-2	4d268c4161c1d2439f34e34bbdff2e2c7774179c010989f428d9ac45fdf4a158	pages	pages	http://www.metodistkirken-odense.dk/wp-content/uploads/2020/01/Mediation-Process-Frequently-Asked-Questions.pages	https://data.commoncrawl.org/crawl-data/CC-MAIN-2026-34/segments/1786091674763.85/warc/CC-MAIN-20260817221418-20260818011418-00803.warc.gz	814989	cc payload verified; Document.iwa root type 10000=TP.DocumentArchive; mime=
CC-MAIN-2026-34-cdx-00187-1	7fadfae05ddabf3b250ccc46150431c160db1baf0439257d73f3eaca06edffc4	key	keynote	https://www.isfjordscentret.gl/media/50ybb0sc/engelsk-sermermiut-bopladsen-aeldste.key	https://data.commoncrawl.org/crawl-data/CC-MAIN-2026-34/segments/1786091385607.42/warc/CC-MAIN-20260813202929-20260813232929-00744.warc.gz	19270142	origin refetch (cc incomplete: truncated=True digest_ok=True zip_ok=False); slide iwa present (Index/Slide-752-2.iwa); root type 1; mime=
CC-MAIN-2026-34-cdx-00187-2	f933b673dc2c9f7c02b6f8437a6143f3d2817c2aee17ed97f3055b5eba781990	key	keynote	https://www.isfjordscentret.gl/media/5tsfyvi3/engelsk-sermermiut-bopladsen-yngste.key	https://data.commoncrawl.org/crawl-data/CC-MAIN-2026-34/segments/1786091385607.42/warc/CC-MAIN-20260813202929-20260813232929-00707.warc.gz	19162089	origin refetch (cc incomplete: truncated=True digest_ok=True zip_ok=False); slide iwa present (Index/Slide-752-2.iwa); root type 1; mime=
CC-MAIN-2026-34-cdx-00171-1	2e925449e3f6e84d76b00e2836e15b19ad9d6231e7b1eeff4b68d0a97b432f75	key	keynote	https://indico.nbi.ku.dk/event/859/contributions/6121/attachments/2060/2890/NBIA_School_DeepCorePINGU_2016.key	https://data.commoncrawl.org/crawl-data/CC-MAIN-2026-34/segments/1786091385565.71/warc/CC-MAIN-20260813081409-20260813111409-00889.warc.gz	136416375	origin refetch (cc incomplete: truncated=True digest_ok=True zip_ok=False); slide iwa present (Index/Slide-83.iwa); root type 1; mime=
CC-MAIN-2026-34-cdx-00187-3	8af0c684723b9846a533ed44468fd9f0022ffb673a834c71298c294a4c03fd97	key	keynote	https://www.isfjordscentret.gl/media/fgdjdiqj/engelsk-isfjeld-gymnasiet-keynote-1.key	https://data.commoncrawl.org/crawl-data/CC-MAIN-2026-34/segments/1786091385607.42/warc/CC-MAIN-20260813202929-20260813232929-00197.warc.gz	76058577	origin refetch (cc incomplete: truncated=True digest_ok=True zip_ok=False); slide iwa present (Index/Slide-714-2.iwa); root type 1; mime=
CC-MAIN-2026-34-cdx-00187-4	249f9484d3359f8773b733b824ff12c5038e5c56d42223bc4c7c962ddc4c6a9d	key	keynote	https://www.isfjordscentret.gl/media/kkvdpxco/engelsk-isfjeld-aeldste-keynote-1.key	https://data.commoncrawl.org/crawl-data/CC-MAIN-2026-34/segments/1786091385607.42/warc/CC-MAIN-20260813202929-20260813232929-00823.warc.gz	76051005	origin refetch (cc incomplete: truncated=True digest_ok=True zip_ok=False); slide iwa present (Index/Slide-714-2.iwa); root type 1; mime=
CC-MAIN-2026-34-cdx-00187-5	f101f7e92a2d7b2307d06eb91303a072a934dcd7ef186845f15d87ffbca981c1	key	keynote	https://www.isfjordscentret.gl/media/ldec53wu/engelsk-sermermiut-bopladsen-gymnasiet.key	https://data.commoncrawl.org/crawl-data/CC-MAIN-2026-34/segments/1786091385607.42/warc/CC-MAIN-20260813202929-20260813232929-00515.warc.gz	18730615	origin refetch (cc incomplete: truncated=True digest_ok=True zip_ok=False); slide iwa present (Index/Slide-752-2.iwa); root type 1; mime=
CC-MAIN-2026-34-cdx-00187-6	f73f6372a525069776ff42f3769ee9cb167bd51cf6004f2c5f2ef2adb42288a2	key	keynote	https://www.isfjordscentret.gl/media/lptbixbn/engelsk_isfjeld-yngste-keynote.key	https://data.commoncrawl.org/crawl-data/CC-MAIN-2026-34/segments/1786091385607.42/warc/CC-MAIN-20260813202929-20260813232929-00792.warc.gz	75930545	origin refetch (cc incomplete: truncated=True digest_ok=True zip_ok=False); slide iwa present (Index/Slide-714-2.iwa); root type 1; mime=
CC-MAIN-2026-34-cdx-00187-8	eb34a2eeee8c4e52642aa219b63dd64b0db5ae1df39ac9cf9bd21a3b1b9cab65	key	keynote	https://www.isfjordscentret.gl/media/vbhnszmu/engelsk-sermermiut-bopladsen-mellem.key	https://data.commoncrawl.org/crawl-data/CC-MAIN-2026-34/segments/1786091385607.42/warc/CC-MAIN-20260813202929-20260813232929-00145.warc.gz	20079641	origin refetch (cc incomplete: truncated=True digest_ok=True zip_ok=False); slide iwa present (Index/Slide-752-2.iwa); root type 1; mime=
CC-MAIN-2026-34-cdx-00187-10	09bf8438dab1cb92ec6b2979f4fee2fc59fd72002a97e3adfa1e3d76f70189c6	key	keynote	https://indico.global/event/10069/contributions/97078/attachments/44242/83500/toyama2019.key	https://data.commoncrawl.org/crawl-data/CC-MAIN-2026-34/segments/1786091385464.24/warc/CC-MAIN-20260812105035-20260812135035-00541.warc.gz	15843435	origin refetch (cc incomplete: truncated=True digest_ok=True zip_ok=False); slide iwa present (Index/MasterSlide-15.iwa); root type 1; mime=
CC-MAIN-2026-34-cdx-00187-7	5bd3020cf8ac3a0e49c16e7f75dec9ba03aec75ec7c774e687ad439a32d883f6	key	keynote	https://www.isfjordscentret.gl/media/rcwoqmag/engelsk_isfjeld-mellem-keynote.key	https://data.commoncrawl.org/crawl-data/CC-MAIN-2026-34/segments/1786091385607.42/warc/CC-MAIN-20260813202929-20260813232929-00072.warc.gz	75099684	origin refetch (cc incomplete: truncated=True digest_ok=True zip_ok=False); slide iwa present (Index/Slide-714-2.iwa); root type 1; mime=
CC-MAIN-2026-34-cdx-00187-11	36d36a54ada482be8ff01b44a947df2b75d70b1c35a354cd6a176fa38630aa54	key	keynote	https://indico.global/event/13754/contributions/119979/attachments/55629/106773/Jacobson_Enigmatic_gravipartitionfunction.key	https://data.commoncrawl.org/crawl-data/CC-MAIN-2026-34/segments/1786091680284.93/warc/CC-MAIN-20260819043921-20260819073921-00325.warc.gz	18669729	origin refetch (cc incomplete: truncated=True digest_ok=True zip_ok=False); slide iwa present (Index/Slide-25513.iwa); root type 1; mime=
CC-MAIN-2026-34-cdx-00187-13	a72af4528e985af159f168641d262a980b0be24b92150bfc2760a7e308456682	key	keynote	https://indico.global/event/13754/contributions/120005/attachments/55650/106821/Veneziano%20-%20Lemai%CC%82tre.GV.key	https://data.commoncrawl.org/crawl-data/CC-MAIN-2026-34/segments/1786091680284.93/warc/CC-MAIN-20260819043921-20260819073921-00000.warc.gz	11488258	origin refetch (cc incomplete: truncated=True digest_ok=True zip_ok=False); slide iwa present (Index/Slide-25916-2.iwa); root type 1; mime=
CC-MAIN-2026-34-cdx-00187-15	d9023b5ae9e2c48b26e5e39f1d14bd4e11b662d4ccbc34582f0234ad1c337755	key	keynote	https://indico.global/event/647/contributions/16589/attachments/5248/8476/UCLA%20DM%202023.key	https://data.commoncrawl.org/crawl-data/CC-MAIN-2026-34/segments/1786091385689.11/warc/CC-MAIN-20260814053915-20260814083915-00720.warc.gz	17340539	origin refetch (cc incomplete: truncated=True digest_ok=True zip_ok=False); slide iwa present (Index/Slide-3554984.iwa); root type 1; mime=
CC-MAIN-2026-34-cdx-00187-14	b32a31c1596309be7a220de0e9e779ffcc237053b50a31041875c4a7802c41ae	key	keynote	https://indico.global/event/647/contributions/16536/attachments/5229/8443/bovy_ucla_dm.key	https://data.commoncrawl.org/crawl-data/CC-MAIN-2026-34/segments/1786091385689.11/warc/CC-MAIN-20260814053915-20260814083915-00030.warc.gz	28623015	origin refetch (cc incomplete: truncated=True digest_ok=True zip_ok=False); slide iwa present (Index/Slide-2645548.iwa); root type 1; mime=
CC-MAIN-2026-34-cdx-00187-16	678a65c529ef71a7f7e0589c417b4a35ab7f4b31f8530edede52e6fa4d406a7e	key	keynote	https://indico.global/event/647/contributions/16623/attachments/5228/8441/UCLA_2023_mbk.key	https://data.commoncrawl.org/crawl-data/CC-MAIN-2026-34/segments/1786091385689.11/warc/CC-MAIN-20260814053915-20260814083915-00890.warc.gz	47302815	origin refetch (cc incomplete: truncated=True digest_ok=True zip_ok=False); slide iwa present (Index/Slide-6129-2.iwa); root type 1; mime=
CC-MAIN-2026-34-cdx-00187-17	9fca45ff15a013e8b5b955e4c0b22c2b528294170ea4a9cc6c207ecf03e2b41f	key	keynote	https://indico.global/event/6797/contributions/57193/attachments/28861/50692/CPT_FPGA_Exercises_v7.key	https://data.commoncrawl.org/crawl-data/CC-MAIN-2026-34/segments/1786091680284.93/warc/CC-MAIN-20260819043921-20260819073921-00044.warc.gz	24307386	origin refetch (cc incomplete: truncated=True digest_ok=True zip_ok=False); slide iwa present (Index/MasterSlide-7880.iwa); root type 1; mime=
CC-MAIN-2026-34-cdx-00187-18	1199f5d2df4a0be8aed76772cfe1f6b8e6aa5db9a70dc3bba8242cbd93ce3a68	key	keynote	https://indico.global/event/805/contributions/23377/attachments/11440/16952/DPF_Pheno_Zupan.key	https://data.commoncrawl.org/crawl-data/CC-MAIN-2026-34/segments/1786091385553.12/warc/CC-MAIN-20260813050936-20260813080936-00829.warc.gz	13867438	origin refetch (cc incomplete: truncated=True digest_ok=True zip_ok=False); slide iwa present (Index/Slide-7.iwa); root type 1; mime=
CC-MAIN-2026-34-cdx-00187-21	2504515a94c0c059d563bc3dbed2402386c5ed142212f71899a87c0b915141fe	pages	pages	https://conwayarkansas.gov/wp-content/uploads/2025/06/BPAB_15Feb18_Agenda.pages	https://data.commoncrawl.org/crawl-data/CC-MAIN-2026-34/segments/1786091385205.8/warc/CC-MAIN-20260809063011-20260809093011-00373.warc.gz	718325	cc payload verified; Document.iwa root type 10000=TP.DocumentArchive; mime=
CC-MAIN-2026-34-cdx-00203-2	b191fa6fd0222f395d3d23f7c020fe1631fe8f65c273e420a15a2e10bae8c8d9	numbers	numbers	https://www.liceoartisticoenzorossi.edu.it/wp-content/uploads/2026/02/Part-time-personale-ATA-ed-educativo-1.numbers	https://data.commoncrawl.org/crawl-data/CC-MAIN-2026-34/segments/1786091385322.54/warc/CC-MAIN-20260810065506-20260810095506-00577.warc.gz	703314	cc payload verified; Document.iwa root type 1=TN.DocumentArchive; mime=
CC-MAIN-2026-34-cdx-00187-19	8fcd99170d783be952012cb924152123cee3fc9ab352674bc4a925af5c94bb6d	key	keynote	https://indico.global/event/805/contributions/23519/attachments/11191/16559/DPF-Pheno%202024.key	https://data.commoncrawl.org/crawl-data/CC-MAIN-2026-34/segments/1786091385699.0/warc/CC-MAIN-20260814084149-20260814114149-00763.warc.gz	51524570	origin refetch (cc incomplete: truncated=True digest_ok=True zip_ok=False); slide iwa present (Index/Slide-22553-2.iwa); root type 1; mime=
CC-MAIN-2026-34-cdx-00203-3	eb128f461cc96679a09b61be652d086d0fcc1a8cebf4edd9a3fb167c1e7bbac2	pages	pages	https://www.elbarbapedana.it/wp-content/uploads/2024/11/CASSOEULA-2023-1-1.pages	https://data.commoncrawl.org/crawl-data/CC-MAIN-2026-34/segments/1786091385861.46/warc/CC-MAIN-20260815212008-20260816002008-00484.warc.gz	1207172	cc payload verified; Document.iwa root type 10000=TP.DocumentArchive; mime=
CC-MAIN-2026-34-cdx-00203-4	fa5a8781e0a2be9805545d65969f58e5a626be5a55a17754ce4fec6cad2cd473	pages	pages	https://www.fabrizioaltieri.it/wordpress/wp-content/uploads/2021/09/Jack-and-the-beanstalk-for-primary-school.pages	https://data.commoncrawl.org/crawl-data/CC-MAIN-2026-34/segments/1786091677690.83/warc/CC-MAIN-20260818102432-20260818132432-00531.warc.gz	609700	cc payload verified; Document.iwa root type 10000=TP.DocumentArchive; mime=
CC-MAIN-2026-34-cdx-00187-20	dffb1d5122738d50310dcbacff7ee9014f9140f9fd7a3ec24d69ae1d91450de0	key	keynote	https://indico.bnl.gov/event/18372/contributions/75182/attachments/46969/79660/BNL.key	https://data.commoncrawl.org/crawl-data/CC-MAIN-2026-34/segments/1786091680716.98/warc/CC-MAIN-20260819074055-20260819104055-00066.warc.gz	41918951	origin refetch (cc incomplete: truncated=True digest_ok=True zip_ok=False); slide iwa present (Index/Slide-17750.iwa); root type 1; mime=
CC-MAIN-2026-34-cdx-00219-1	e8625984c6c3a641b4647d5b3717d95f0c2d5243affe893389289fe6154ff4e2	numbers	numbers	https://www.anam.mx/descargas/alianzas/Precios%20ANAM%20Abril%202024.numbers	https://data.commoncrawl.org/crawl-data/CC-MAIN-2026-34/segments/1786091678553.88/warc/CC-MAIN-20260818193129-20260818223129-00447.warc.gz	1383652	cc payload verified; Document.iwa root type 1=TN.DocumentArchive; mime=
CC-MAIN-2026-34-cdx-00219-2	521c0e1454881daa13e37d58024bbf3eb17c516b277173b06231a0585fc186b3	pages	pages	https://cms.idconline.mx/store/uploads/attachments/DOCUMENT_302913b354c8c7fb2f692b42d145203d.pages	https://data.commoncrawl.org/crawl-data/CC-MAIN-2026-34/segments/1786091385254.10/warc/CC-MAIN-20260809154047-20260809184047-00777.warc.gz	871772	cc payload verified; Document.iwa root type 10000=TP.DocumentArchive; mime=
CC-MAIN-2026-34-cdx-00187-12	25490542647158b2e39db963c1a3e453e8e08b2c2a09dc22f84fd61a6c0258de	key	keynote	https://indico.global/event/13754/contributions/119998/attachments/55642/106805/Dvali_Memory_Burden_Gia_Vatican_June_2024_USB.key	https://data.commoncrawl.org/crawl-data/CC-MAIN-2026-34/segments/1786091680284.93/warc/CC-MAIN-20260819043921-20260819073921-00775.warc.gz	737006576	origin refetch (cc incomplete: truncated=True digest_ok=True zip_ok=False); slide iwa present (Index/Slide-36.iwa); root type 1; mime=
CC-MAIN-2026-34-cdx-00235-2	71b7e1d9f1c7b990deed7e5b48b622ee0efa67ef43bd134f212fbfcf1367fb2f	pages	pages	https://www.peopleskillsconsulting.co.nz/wp-content/uploads/2020/08/Intro-Quiz.pages	https://data.commoncrawl.org/crawl-data/CC-MAIN-2026-34/segments/1786091387263.73/warc/CC-MAIN-20260817095816-20260817125816-00326.warc.gz	2221690	cc payload verified; Document.iwa root type 10000=TP.DocumentArchive; mime=
CC-MAIN-2026-34-cdx-00235-3	0c563c6dee5025da6c0ac4e2b5b17aae05d105a0a0372b1475ef1a2e6c8c2752	pages	pages	https://lindaeklund.one/onewebmedia/Ko%CC%88pevillkor%20hemsida.pages	https://data.commoncrawl.org/crawl-data/CC-MAIN-2026-34/segments/1786091385699.0/warc/CC-MAIN-20260814084149-20260814114149-00243.warc.gz	191463	cc payload verified; Document.iwa root type 10000=TP.DocumentArchive; mime=
CC-MAIN-2026-34-cdx-00251-1	36c18cc02a5b0f8728d091d04b4f3f909bddf41288488c8e1970c6205287b309	pages	pages	https://wmqg.org/wp-content/uploads/2024/11/Open-Bees-924.pages	https://data.commoncrawl.org/crawl-data/CC-MAIN-2026-34/segments/1786091385515.44/warc/CC-MAIN-20260812135259-20260812165259-00070.warc.gz	187912	cc payload verified; Document.iwa root type 10000=TP.DocumentArchive; mime=
CC-MAIN-2026-34-cdx-00203-6	1c4ef496c2799a3723467ca62eaf016dd0693907bc869a8d34f7043409cea161	key	keynote	https://indico.ict.inaf.it/event/2879/contributions/20740/attachments/9430/19393/Welcome-GHz.key	https://data.commoncrawl.org/crawl-data/CC-MAIN-2026-34/segments/1786091385428.43/warc/CC-MAIN-20260811132950-20260811162950-00009.warc.gz	5368224	origin refetch (cc incomplete: truncated=True digest_ok=True zip_ok=False); slide iwa present (Index/Slide-811-2.iwa); root type 1; mime=
CC-MAIN-2026-34-cdx-00235-1	52fa42a09d40e4421600b5dfee11cd46ec88998f718a9c3b78f89bdd2578b181	pages	pages	https://www.faithjourney.co.nz/uploads/8/9/8/3/89838513/holiness.pages	https://data.commoncrawl.org/crawl-data/CC-MAIN-2026-34/segments/1786091385381.39/warc/CC-MAIN-20260810190756-20260810220756-00118.warc.gz	6148067	origin refetch (cc incomplete: truncated=True digest_ok=True zip_ok=False); Document.iwa root type 10000=TP.DocumentArchive; mime=
CC-MAIN-2026-34-cdx-00283-2	47027a105a57716458cd98741b4c474fdbf6ec6be5126e63f4b1fcf2f08bbe89	pages	pages	https://btmavrasya.com.tr/wp-content/uploads/2026/02/BTMavrasya_Kisisel-Verilerin-Korunmasi-Bilgilendirme-Metni_ENG.pages	https://data.commoncrawl.org/crawl-data/CC-MAIN-2026-34/segments/1786091385801.49/warc/CC-MAIN-20260815030115-20260815060115-00944.warc.gz	616111	cc payload verified; Document.iwa root type 10000=TP.DocumentArchive; mime=
CC-MAIN-2026-34-cdx-00283-1	89a8f35ada1518386ecd8cc36be4d7ea438eacb6436e458dab5fd685ebc86c64	pages	pages	https://btmavrasya.com.tr/wp-content/uploads/2026/02/BTMavrasya_Internet-Sistesi-Gizlilik-ve-Cerez-Politikasi_ENG.pages	https://data.commoncrawl.org/crawl-data/CC-MAIN-2026-34/segments/1786091385444.26/warc/CC-MAIN-20260812014208-20260812044208-00651.warc.gz	796981	cc payload verified; Document.iwa root type 10000=TP.DocumentArchive; mime=
CC-MAIN-2026-34-cdx-00283-3	65c78536f24ee7aa54942f315f083b6aba298ce5a1a223908ca40136a677549b	pages	pages	https://btmavrasya.com.tr/wp-content/uploads/2026/02/BTMavrasya_Kisisel-Verilerin-Korunmasi-Politikasi_ENG.pages	https://data.commoncrawl.org/crawl-data/CC-MAIN-2026-34/segments/1786091385801.49/warc/CC-MAIN-20260815030115-20260815060115-00144.warc.gz	737433	cc payload verified; Document.iwa root type 10000=TP.DocumentArchive; mime=
CC-MAIN-2026-34-cdx-00267-1	6d0a262a9ad474d139be22d86601603e29a4a644e30b0bb5f8dc4d90a96e4a2d	key	keynote	https://tpc.ispras.ru/wp-content/uploads/2025/12/lecture11_2025.key	https://data.commoncrawl.org/crawl-data/CC-MAIN-2026-34/segments/1786091385155.29/warc/CC-MAIN-20260808121302-20260808151302-00327.warc.gz	3226143	cc payload verified; slide iwa present (Index/Slide-30.iwa); root type 1; mime=
CC-MAIN-2026-34-cdx-00028-1	abea550cbd660efcdedcbdd1c241e0b88165c41fda825a005185980b356dfe55	pages	pages	https://www.3elkcreekhoa.com/uploads/1/2/6/5/126517685/3_elk_creek_estates_minutes_04_10_26_v2.pages	https://data.commoncrawl.org/crawl-data/CC-MAIN-2026-34/segments/1786091385543.75/warc/CC-MAIN-20260812230232-20260813020232-00507.warc.gz	877612	cc payload verified; Document.iwa root type 10000=TP.DocumentArchive; mime=
CC-MAIN-2026-34-cdx-00283-4	dc522505a0dda9fba8aba07c06681fdbca44da141319133dfe45772c7d8289f5	pages	pages	https://btmavrasya.com.tr/wp-content/uploads/2026/02/BTMavrasya_Veri-Sahibi-Basvuru-Formu_23.12.2025.pages	https://data.commoncrawl.org/crawl-data/CC-MAIN-2026-34/segments/1786091385801.49/warc/CC-MAIN-20260815030115-20260815060115-00682.warc.gz	795798	cc payload verified; Document.iwa root type 10000=TP.DocumentArchive; mime=
CC-MAIN-2026-34-cdx-00299-1	1bfc45745398154c7cd83ce181225a9305e7c16a08594cb10d030e84461650b3	pages	pages	https://ashburton.yoga/wp-content/uploads/2025/11/Workshops-2026-3.pages	https://data.commoncrawl.org/crawl-data/CC-MAIN-2026-34/segments/1786091385151.2/warc/CC-MAIN-20260808090928-20260808120928-00596.warc.gz	2324146	cc payload verified; Document.iwa root type 10000=TP.DocumentArchive; mime=
CC-MAIN-2026-34-cdx-00028-2	80df45718bdd96e512d54401341d30b6d1ca8ec11f3451bf6533fd2105f85311	pages	pages	https://3lingos.com/wp-content/uploads/2023/03/Oral-Spanish-Role-Play-Follow-on-questions-1.pages	https://data.commoncrawl.org/crawl-data/CC-MAIN-2026-34/segments/1786091385416.52/warc/CC-MAIN-20260811102717-20260811132717-00863.warc.gz	248261	cc payload verified; Document.iwa root type 10000=TP.DocumentArchive; mime=
CC-MAIN-2026-34-cdx-00060-1	4c4cb8bbca7b1409875c35a14b5d320d45be0760675468fa8c5ccf5c037a1908	pages	pages	https://www.dkgoregon.com/uploads/8/4/3/3/84337872/application_form_in_pages_01-24-26.pages	https://data.commoncrawl.org/crawl-data/CC-MAIN-2026-34/segments/1786091385610.33/warc/CC-MAIN-20260813233259-20260814023259-00763.warc.gz	296991	cc payload verified; Document.iwa root type 10000=TP.DocumentArchive; mime=
CC-MAIN-2026-34-cdx-00076-1	3bb17db5ab2bf6a4e49b7d1e06acde088fcbe1a49c3acc28ab7e23fe2523adf3	pages	pages	https://www.guitarlessonsinsidesyracuse.com/uploads/2/9/8/8/2988658/strings_of_connection-_the_social_tapestry_woven_by_kids_learning_guitar__2_.pages	https://data.commoncrawl.org/crawl-data/CC-MAIN-2026-34/segments/1786091385385.9/warc/CC-MAIN-20260810221116-20260811011116-00824.warc.gz	337352	cc payload verified; Document.iwa root type 10000=TP.DocumentArchive; mime=
CC-MAIN-2026-34-cdx-00108-2	9b1a5abb75ea639cec2ec14a78ae8125130ac3f650145563e0b1a2e48a2af904	pages	pages	https://www.nurturenatal.com/uploads/1/8/5/9/18593828/nurture_natal_class_descriptions.pages	https://data.commoncrawl.org/crawl-data/CC-MAIN-2026-34/segments/1786091385428.43/warc/CC-MAIN-20260811132950-20260811162950-00078.warc.gz	4960649	cc payload verified; Document.iwa root type 10000=TP.DocumentArchive; mime=
CC-MAIN-2026-34-cdx-00108-3	72edc37f3bf67e7251140b2e6e6b470ac5a58e453cad71201f8efaa2cab8b775	key	keynote	https://odakaya.com/wp-content/uploads/2018/09/2005c7417fca95a8e34886578e651d43-1.key	https://data.commoncrawl.org/crawl-data/CC-MAIN-2026-34/segments/1786091385381.39/warc/CC-MAIN-20260810190756-20260810220756-00250.warc.gz	571263	cc payload verified; slide iwa present (Index/MasterSlide-9402.iwa); root type 1; mime=
CC-MAIN-2026-34-cdx-00076-3	4e398dd85b5e400540c66903cab8c64e6ba60344ebe008262bdb2e89c5e77e7b	pages	pages	https://hainescitywatercontroldistrict.com/wp-content/uploads/Finnace-Report-May-2026.pages	https://data.commoncrawl.org/crawl-data/CC-MAIN-2026-34/segments/1786091385689.11/warc/CC-MAIN-20260814053915-20260814083915-00766.warc.gz	774953	cc payload verified; Document.iwa root type 10000=TP.DocumentArchive; mime=
CC-MAIN-2026-34-cdx-00156-1	ae5fec9ae9d97180d206e2ab05bc2cd898840859188fd4618e6c5b5661b63852	legacy	legacy-unknown	https://mitglieder.adc.de/fileadmin/user_upload/Downloads/Fieldwork_2012/Fieldwork_PiggyBank.key	https://data.commoncrawl.org/crawl-data/CC-MAIN-2026-34/segments/1786091385594.25/warc/CC-MAIN-20260813172703-20260813202703-00529.warc.gz	1979575	cc payload verified; legacy bundle: members=['index.apxl'] (pre-iWork-13); mime=
CC-MAIN-2026-34-cdx-00140-1	16b4195d1cc6db68d43122af193544da7b09c7284d0bd68ecdabb2b695e0e4b2	pages	pages	https://transcendencetoolbox.com/wp-content/uploads/2026/07/Judgment-of-template-Pages.pages	https://data.commoncrawl.org/crawl-data/CC-MAIN-2026-34/segments/1786091680716.98/warc/CC-MAIN-20260819074055-20260819104055-00266.warc.gz	294171	cc payload verified; Document.iwa root type 10000=TP.DocumentArchive; mime=
CC-MAIN-2026-34-cdx-00172-2	6f81e3bb302e809fe9261bac5d6fe9b2710da8691c6da851dca63b73cdefed47	legacy	legacy-unknown	https://hirise.lpl.arizona.edu/cy/hislides/ESP_041134_1720.key	https://data.commoncrawl.org/crawl-data/CC-MAIN-2026-34/segments/1786091385800.97/warc/CC-MAIN-20260814235839-20260815025839-00870.warc.gz	3431450	cc payload verified; legacy bundle: members=['index.apxl'] (pre-iWork-13); mime=
CC-MAIN-2026-34-cdx-00172-1	18b7b21fe793a498eb4b9a71a0d25aad2964b0950716cde01fb053ed9581c2a4	legacy	legacy-unknown	https://hirise.lpl.arizona.edu/ar/hislides/ESP_031221_1315.key	https://data.commoncrawl.org/crawl-data/CC-MAIN-2026-34/segments/1786091385607.42/warc/CC-MAIN-20260813202929-20260813232929-00703.warc.gz	3916943	cc payload verified; legacy bundle: members=['index.apxl'] (pre-iWork-13); mime=
CC-MAIN-2026-34-cdx-00172-3	552b21405da929517cd7aa9d19f4778ce1c2c6ac9f5492e5725636f219b455ba	legacy	legacy-unknown	https://hirise.lpl.arizona.edu/de/hislides/ESP_011765_1780.key	https://data.commoncrawl.org/crawl-data/CC-MAIN-2026-34/segments/1786091385607.42/warc/CC-MAIN-20260813202929-20260813232929-00076.warc.gz	2712945	cc payload verified; legacy bundle: members=['index.apxl'] (pre-iWork-13); mime=
CC-MAIN-2026-34-cdx-00172-5	cb790473e724358d6e620122957c2d910918be9588ab1aa3cf2361d21dbe4bb5	key	keynote	https://hirise.lpl.arizona.edu/es/hislides/ESP_012729_1830.key	https://data.commoncrawl.org/crawl-data/CC-MAIN-2026-34/segments/1786091385607.42/warc/CC-MAIN-20260813202929-20260813232929-00534.warc.gz	2261013	cc payload verified; slide iwa present (Index/MasterSlide-7.iwa); root type 1; mime=
CC-MAIN-2026-34-cdx-00172-4	030cc11ccce6bff73efcc31860fafcd1ce86eba907a60dfd18bc59604e08cf80	legacy	legacy-unknown	https://hirise.lpl.arizona.edu/de/hislides/ESP_030872_1775.key	https://data.commoncrawl.org/crawl-data/CC-MAIN-2026-34/segments/1786091385757.91/warc/CC-MAIN-20260814205606-20260814235606-00162.warc.gz	3671014	cc payload verified; legacy bundle: members=['index.apxl'] (pre-iWork-13); mime=
CC-MAIN-2026-34-cdx-00172-6	33c18e06b23954fb7fb0154e723ff31c12bde3848ca32ad6d73b4529351e7459	legacy	legacy-unknown	https://hirise.lpl.arizona.edu/es/hislides/ESP_025600_1735.key	https://data.commoncrawl.org/crawl-data/CC-MAIN-2026-34/segments/1786091385757.91/warc/CC-MAIN-20260814205606-20260814235606-00708.warc.gz	1760881	cc payload verified; legacy bundle: members=['index.apxl'] (pre-iWork-13); mime=
CC-MAIN-2026-34-cdx-00172-8	245ca2e167fba2df0fdfffe091d7c7f37a753385c04a65906df45668249c53ea	legacy	legacy-unknown	https://hirise.lpl.arizona.edu/fr/hislides/ESP_025228_2550.key	https://data.commoncrawl.org/crawl-data/CC-MAIN-2026-34/segments/1786091683786.95/warc/CC-MAIN-20260819225241-20260820015241-00850.warc.gz	3608111	cc payload verified; legacy bundle: members=['index.apxl'] (pre-iWork-13); mime=
CC-MAIN-2026-34-cdx-00172-7	a41dc010d8555343343538ffec847e60aed765f16b306eb47295599bde50292a	legacy	legacy-unknown	https://hirise.lpl.arizona.edu/es/hislides/ESP_034285_1835.key	https://data.commoncrawl.org/crawl-data/CC-MAIN-2026-34/segments/1786091385607.42/warc/CC-MAIN-20260813202929-20260813232929-00034.warc.gz	3011481	cc payload verified; legacy bundle: members=['index.apxl'] (pre-iWork-13); mime=
CC-MAIN-2026-34-cdx-00172-11	63658aafd9232774780d7d4b7b89f8b312664b95494877be70a949594d28e670	legacy	legacy-unknown	https://hirise.lpl.arizona.edu/fr/hislides/ESP_026462_1740.key	https://data.commoncrawl.org/crawl-data/CC-MAIN-2026-34/segments/1786091683786.95/warc/CC-MAIN-20260819225241-20260820015241-00695.warc.gz	1740136	cc payload verified; legacy bundle: members=['index.apxl'] (pre-iWork-13); mime=
CC-MAIN-2026-34-cdx-00172-10	6b74d4e155e42c7e5f6e3f2cfb6e924c785a0c15a7b525be43b369b2323362b4	legacy	legacy-unknown	https://hirise.lpl.arizona.edu/fr/hislides/ESP_025439_2210.key	https://data.commoncrawl.org/crawl-data/CC-MAIN-2026-34/segments/1786091385757.91/warc/CC-MAIN-20260814205606-20260814235606-00073.warc.gz	3908018	cc payload verified; legacy bundle: members=['index.apxl'] (pre-iWork-13); mime=
CC-MAIN-2026-34-cdx-00172-9	990a39960a11f79b05ad84c6bb48bf831d056daa60b1bc41f810a238d7f9cadd	legacy	legacy-unknown	https://hirise.lpl.arizona.edu/fr/hislides/ESP_025296_1535.key	https://data.commoncrawl.org/crawl-data/CC-MAIN-2026-34/segments/1786091385800.97/warc/CC-MAIN-20260814235839-20260815025839-00851.warc.gz	2855883	cc payload verified; legacy bundle: members=['index.apxl'] (pre-iWork-13); mime=
CC-MAIN-2026-34-cdx-00172-13	98cc5e3f963f2ad0dcfdd1db56a77c00db38591f78d8eebef769cbc2c742100b	legacy	legacy-unknown	https://hirise.lpl.arizona.edu/gr/hislides/ESP_021915_1005.key	https://data.commoncrawl.org/crawl-data/CC-MAIN-2026-34/segments/1786091683786.95/warc/CC-MAIN-20260819225241-20260820015241-00480.warc.gz	5235818	cc payload verified; legacy bundle: members=['index.apxl'] (pre-iWork-13); mime=
CC-MAIN-2026-34-cdx-00172-14	8e59e28d45a81b802d083ffb57194638b0bfa551975bae7e7900e7c364c6bcf5	legacy	legacy-unknown	https://hirise.lpl.arizona.edu/gr/hislides/ESP_025450_1595.key	https://data.commoncrawl.org/crawl-data/CC-MAIN-2026-34/segments/1786091385607.42/warc/CC-MAIN-20260813202929-20260813232929-00358.warc.gz	4536272	cc payload verified; legacy bundle: members=['index.apxl'] (pre-iWork-13); mime=
CC-MAIN-2026-34-cdx-00172-15	6e03c7fbaae0a49e9830f5e16120bfa278ff0f14ea46f6a8fd704c0cb58c182c	key	keynote	https://hirise.lpl.arizona.edu/gr/hislides/ESP_054609_1720.key	https://data.commoncrawl.org/crawl-data/CC-MAIN-2026-34/segments/1786091385607.42/warc/CC-MAIN-20260813202929-20260813232929-00934.warc.gz	1647051	cc payload verified; slide iwa present (Index/MasterSlide-7.iwa); root type 1; mime=
CC-MAIN-2026-34-cdx-00172-12	7cc4c8aff1f89eb8040734384bb1b4003380bd613a9a4dcc015d96e420428bea	legacy	legacy-unknown	https://hirise.lpl.arizona.edu/fr/hislides/ESP_028678_1755.key	https://data.commoncrawl.org/crawl-data/CC-MAIN-2026-34/segments/1786091385800.97/warc/CC-MAIN-20260814235839-20260815025839-00782.warc.gz	7057541	origin refetch (cc incomplete: truncated=True digest_ok=True zip_ok=False); legacy bundle: members=['index.apxl'] (pre-iWork-13); mime=
CC-MAIN-2026-34-cdx-00172-18	3fd7723b798e1203a6b5a0bca849b5e4eb1f0555e8fdaf2e9f5b6306eb20b6e3	legacy	legacy-unknown	https://hirise.lpl.arizona.edu/it/hislides/ESP_022208_1800.key	https://data.commoncrawl.org/crawl-data/CC-MAIN-2026-34/segments/1786091385757.91/warc/CC-MAIN-20260814205606-20260814235606-00663.warc.gz	4536854	cc payload verified; legacy bundle: members=['index.apxl'] (pre-iWork-13); mime=
CC-MAIN-2026-34-cdx-00172-16	71932b0c197ae99bc6f1f298d7f668facda6c21cadfd8f7b170ece46a2ba190a	legacy	legacy-unknown	https://hirise.lpl.arizona.edu/is/hislides/ESP_028162_2310.key	https://data.commoncrawl.org/crawl-data/CC-MAIN-2026-34/segments/1786091385607.42/warc/CC-MAIN-20260813202929-20260813232929-00268.warc.gz	3687026	cc payload verified; legacy bundle: members=['index.apxl'] (pre-iWork-13); mime=
CC-MAIN-2026-34-cdx-00172-17	35e480b296e5c5e30dbc63235aedf6620321e23b6edb1b92b295ff27cfc9be53	legacy	legacy-unknown	https://hirise.lpl.arizona.edu/is/hislides/ESP_036927_1790.key	https://data.commoncrawl.org/crawl-data/CC-MAIN-2026-34/segments/1786091683786.95/warc/CC-MAIN-20260819225241-20260820015241-00677.warc.gz	2092427	cc payload verified; legacy bundle: members=['index.apxl'] (pre-iWork-13); mime=
CC-MAIN-2026-34-cdx-00172-20	f01298e9307ffa78219fa40316b0607d16e6c224b4c4b335c70f3fbe7847b5e2	key	keynote	https://hirise.lpl.arizona.edu/kw/hislides/ESP_041134_1720.key	https://data.commoncrawl.org/crawl-data/CC-MAIN-2026-34/segments/1786091385607.42/warc/CC-MAIN-20260813202929-20260813232929-00464.warc.gz	2161702	cc payload verified; slide iwa present (Index/MasterSlide-7.iwa); root type 1; mime=
CC-MAIN-2026-34-cdx-00172-19	961dbf4268f09cac2d4743fbf307898801676a43e70a31f79d79a7f90d9f28b3	legacy	legacy-unknown	https://hirise.lpl.arizona.edu/it/hislides/ESP_025675_2255.key	https://data.commoncrawl.org/crawl-data/CC-MAIN-2026-34/segments/1786091385800.97/warc/CC-MAIN-20260814235839-20260815025839-00313.warc.gz	2083916	cc payload verified; legacy bundle: members=['index.apxl'] (pre-iWork-13); mime=
CC-MAIN-2026-34-cdx-00172-21	1e080ba108647191f33098ef430702356f249d7d1e51e182320eea2098dd8767	legacy	legacy-unknown	https://hirise.lpl.arizona.edu/la/hislides/ESP_034829_1325.key	https://data.commoncrawl.org/crawl-data/CC-MAIN-2026-34/segments/1786091385800.97/warc/CC-MAIN-20260814235839-20260815025839-00607.warc.gz	3431227	cc payload verified; legacy bundle: members=['index.apxl'] (pre-iWork-13); mime=
CC-MAIN-2026-34-cdx-00172-22	b3d2996cb00523f3f35965e84d61f6c85336edbc867e808321a0bd17b4dde075	legacy	legacy-unknown	https://hirise.lpl.arizona.edu/nl/hislides/ESP_025600_1735.key	https://data.commoncrawl.org/crawl-data/CC-MAIN-2026-34/segments/1786091385757.91/warc/CC-MAIN-20260814205606-20260814235606-00956.warc.gz	2531560	cc payload verified; legacy bundle: members=['index.apxl'] (pre-iWork-13); mime=
CC-MAIN-2026-34-cdx-00172-23	57ee60709f163668d1937ecca3b79b1cfbd83bc4d11e370eed217882c61f7a26	legacy	legacy-unknown	https://hirise.lpl.arizona.edu/nl/hislides/ESP_025675_2255.key	https://data.commoncrawl.org/crawl-data/CC-MAIN-2026-34/segments/1786091385757.91/warc/CC-MAIN-20260814205606-20260814235606-00334.warc.gz	2700065	cc payload verified; legacy bundle: members=['index.apxl'] (pre-iWork-13); mime=
CC-MAIN-2026-34-cdx-00172-25	c6e2d3f40bba6305d49daab703a3cf8c6eebf331ce63382ebfb5d404484a9b7b	legacy	legacy-unknown	https://hirise.lpl.arizona.edu/pt/hislides/ESP_016228_2650.key	https://data.commoncrawl.org/crawl-data/CC-MAIN-2026-34/segments/1786091385607.42/warc/CC-MAIN-20260813202929-20260813232929-00477.warc.gz	5236481	cc payload verified; legacy bundle: members=['index.apxl'] (pre-iWork-13); mime=
CC-MAIN-2026-34-cdx-00172-24	7e19cf71901ee4929e382fd2bb996b75fd0339e51a046da055672a7c42fd2077	legacy	legacy-unknown	https://hirise.lpl.arizona.edu/nl/hislides/ESP_027058_2625.key	https://data.commoncrawl.org/crawl-data/CC-MAIN-2026-34/segments/1786091385800.97/warc/CC-MAIN-20260814235839-20260815025839-00536.warc.gz	2654904	cc payload verified; legacy bundle: members=['index.apxl'] (pre-iWork-13); mime=
CC-MAIN-2026-34-cdx-00172-27	b00ef2d453bbef450ad934a8ef46121eec2c92b87bf43796f299d127ef9c640c	legacy	legacy-unknown	https://hirise.lpl.arizona.edu/pt/hislides/ESP_027059_2055.key	https://data.commoncrawl.org/crawl-data/CC-MAIN-2026-34/segments/1786091683786.95/warc/CC-MAIN-20260819225241-20260820015241-00232.warc.gz	2147437	cc payload verified; legacy bundle: members=['index.apxl'] (pre-iWork-13); mime=
CC-MAIN-2026-34-cdx-00172-26	fbb10d747a796559f55dd56fb905b0c7eed1b95ba0d3775cb3662a3383108486	legacy	legacy-unknown	https://hirise.lpl.arizona.edu/pt/hislides/ESP_024015_1775.key	https://data.commoncrawl.org/crawl-data/CC-MAIN-2026-34/segments/1786091385757.91/warc/CC-MAIN-20260814205606-20260814235606-00907.warc.gz	5236282	cc payload verified; legacy bundle: members=['index.apxl'] (pre-iWork-13); mime=
CC-MAIN-2026-34-cdx-00172-28	1a7d73560f57d9c9921419b6bda2c3a9b24dab91daae2e5baea2bdb7373fa274	legacy	legacy-unknown	https://hirise.lpl.arizona.edu/ru/hislides/ESP_020661_1440.key	https://data.commoncrawl.org/crawl-data/CC-MAIN-2026-34/segments/1786091385607.42/warc/CC-MAIN-20260813202929-20260813232929-00966.warc.gz	3709315	cc payload verified; legacy bundle: members=['index.apxl'] (pre-iWork-13); mime=
CC-MAIN-2026-34-cdx-00172-29	3b49c39460236e3f81d7373e95f0bb7b4b33c72d71048b7fd79005dac02859f2	legacy	legacy-unknown	https://hirise.lpl.arizona.edu/ru/hislides/ESP_025386_1800.key	https://data.commoncrawl.org/crawl-data/CC-MAIN-2026-34/segments/1786091385800.97/warc/CC-MAIN-20260814235839-20260815025839-00947.warc.gz	2551702	cc payload verified; legacy bundle: members=['index.apxl'] (pre-iWork-13); mime=
CC-MAIN-2026-34-cdx-00172-31	79bd9e59d58a3cceec52229e871d8af10e26c3e2883574f3d3666b861a40f473	pages	pages	https://mmrc.caltech.edu/XPS%20Info/XPS%20contacts.pages	https://data.commoncrawl.org/crawl-data/CC-MAIN-2026-34/segments/1786091385861.46/warc/CC-MAIN-20260815212008-20260816002008-00794.warc.gz	232688	cc payload verified; Document.iwa root type 10000=TP.DocumentArchive; mime=
CC-MAIN-2026-34-cdx-00172-30	afd3adc7c5eb24a75375e10ac1ce5211deed0659bb02a362f8d09ef4de388b89	legacy	legacy-unknown	https://hirise.lpl.arizona.edu/ru/hislides/ESP_034572_1755.key	https://data.commoncrawl.org/crawl-data/CC-MAIN-2026-34/segments/1786091683786.95/warc/CC-MAIN-20260819225241-20260820015241-00177.warc.gz	3835004	cc payload verified; legacy bundle: members=['index.apxl'] (pre-iWork-13); mime=
CC-MAIN-2026-34-cdx-00172-32	88b3aa4208ce99d6550cf95221aa63032387ccf4660ac96b6529bd2d9ead95d6	legacy	legacy-unknown	http://www.cs.cmu.edu/~tom/10601_fall2012/recitations/recitation_prob_theory_review.key	https://data.commoncrawl.org/crawl-data/CC-MAIN-2026-34/segments/1786091672082.57/warc/CC-MAIN-20260817130242-20260817160242-00739.warc.gz	4391149	cc payload verified; legacy bundle: members=['index.apxl'] (pre-iWork-13); mime=
CC-MAIN-2026-34-cdx-00172-33	c5b5d668d69a0361a8bdedaa4c302827167f5fa950ebceb696b1dff5869e1353	key	keynote	https://wiki.classe.cornell.edu/pub/CHESS/DataStorageManagement/20150609CHESS-DAQ.key?_t=1783857974	https://data.commoncrawl.org/crawl-data/CC-MAIN-2026-34/segments/1786091385757.91/warc/CC-MAIN-20260814205606-20260814235606-00076.warc.gz	580078	cc payload verified; slide iwa present (Index/MasterSlide-3.iwa); root type 1; mime=
CC-MAIN-2026-34-cdx-00172-35	874cb0b21ef622640d2cce233abc90086017e4e5f4356eaedd656a195e7af0aa	key	keynote	https://www.cs.cornell.edu/projects/band_sifting_filters/download/s16_band_sifting_filters.key	https://data.commoncrawl.org/crawl-data/CC-MAIN-2026-34/segments/1786091385452.6/warc/CC-MAIN-20260812044543-20260812074543-00668.warc.gz	107768592	origin refetch (cc incomplete: truncated=True digest_ok=True zip_ok=False); slide iwa present (Index/Slide-757.iwa); root type 1; mime=
CC-MAIN-2026-34-cdx-00172-39	4e38df2fcfb7278fd94100a07fcd92fdee2313448bfd2dede4748cd53af0e95e	key	keynote	https://ftp.lowell.edu/incoming/FAS2017/14_Nofi.key	https://data.commoncrawl.org/crawl-data/CC-MAIN-2026-34/segments/1786091385964.96/warc/CC-MAIN-20260816123341-20260816153341-00223.warc.gz	10272366	origin refetch (cc incomplete: truncated=True digest_ok=True zip_ok=False); slide iwa present (Index/MasterSlide-2.iwa); root type 1; mime=
CC-MAIN-2026-34-cdx-00172-40	55a61a5829092a241098ee0993c9ce28b2888597465361c17d2449d90d0b23ce	key	keynote	https://ftp.lowell.edu/incoming/FAS2017/29_Levine.key	https://data.commoncrawl.org/crawl-data/CC-MAIN-2026-34/segments/1786091385964.96/warc/CC-MAIN-20260816123341-20260816153341-00818.warc.gz	3784220	cc payload verified; slide iwa present (Index/MasterSlide-5.iwa); root type 1; mime=
CC-MAIN-2026-34-cdx-00203-5	959422d5bbd42266d961b2e67f42e0fbeab3eda13f1b6979d3134b6d237a1540	key	keynote	https://indico.ict.inaf.it/event/2472/contributions/15932/attachments/7453/15414/Bate_Florence_2023_v2.key	https://data.commoncrawl.org/crawl-data/CC-MAIN-2026-34/segments/1786091385205.8/warc/CC-MAIN-20260809063011-20260809093011-00472.warc.gz	601335887	origin refetch (cc incomplete: truncated=True digest_ok=True zip_ok=False); slide iwa present (Index/Slide-2618290.iwa); root type 1; mime=
CC-MAIN-2026-34-cdx-00172-37	732a451edc8a9e53c4a1ad332f82f55b39642811805342ba886473985696e1d3	key	keynote	https://indico.kit.edu/event/402/contributions/4608/attachments/2358/3267/3-FutureCircularColliders-FrankZimmermann-Karlsruhe-1October2018.key	https://data.commoncrawl.org/crawl-data/CC-MAIN-2026-34/segments/1786091385381.39/warc/CC-MAIN-20260810190756-20260810220756-00193.warc.gz	43585894	origin refetch (cc incomplete: truncated=True digest_ok=True zip_ok=False); slide iwa present (Index/MasterSlide.iwa); root type 1; mime=
CC-MAIN-2026-34-cdx-00188-1	78d0e2e9bc4f8d71651c53e2c3e881f8c0a52e02dfec2c2e3c08f53157a6440a	legacy	legacy-unknown	https://svs.gsfc.nasa.gov/vis/a000000/a003700/a003723/Whats_Up_with_Clouds_SVS3723.key	https://data.commoncrawl.org/crawl-data/CC-MAIN-2026-34/segments/1786091385858.80/warc/CC-MAIN-20260815181639-20260815211639-00161.warc.gz	80890738	origin refetch (cc incomplete: truncated=True digest_ok=True zip_ok=False); legacy bundle: members=['index.apxl'] (pre-iWork-13); mime=
CC-MAIN-2026-34-cdx-00188-3	b4c162a0c0aaf0815822ca0c1bc8e889f3a4df11186b6037a0a6b2c1ad3bf39d	legacy	legacy-unknown	https://svs.gsfc.nasa.gov/vis/a000000/a004200/a004232/AR12192_131_GOES-composite_1024_4232.key	https://data.commoncrawl.org/crawl-data/CC-MAIN-2026-34/segments/1786091677317.76/warc/CC-MAIN-20260818072149-20260818102149-00897.warc.gz	67603414	origin refetch (cc incomplete: truncated=True digest_ok=True zip_ok=False); legacy bundle: members=['index.apxl'] (pre-iWork-13); mime=
CC-MAIN-2026-34-cdx-00188-4	a1372efe426b479d6c1f64fdd960049625decf688717cac14318045c53af8761	legacy	legacy-unknown	https://svs.gsfc.nasa.gov/vis/a000000/a004300/a004371/joaquin360_4371.key	https://data.commoncrawl.org/crawl-data/CC-MAIN-2026-34/segments/1786091677910.78/warc/CC-MAIN-20260818132700-20260818162700-00089.warc.gz	29667518	origin refetch (cc incomplete: truncated=True digest_ok=True zip_ok=False); legacy bundle: members=['index.apxl'] (pre-iWork-13); mime=
CC-MAIN-2026-34-cdx-00188-2	ba1ae449e237d7eb812e691226763509fe9d0a83922f19e42bee5ffae1be034e	legacy	legacy-unknown	https://svs.gsfc.nasa.gov/vis/a000000/a003800/a003894/moon_phase_libration_2012_SVS3894.key	https://data.commoncrawl.org/crawl-data/CC-MAIN-2026-34/segments/1786091387263.73/warc/CC-MAIN-20260817095816-20260817125816-00383.warc.gz	112507644	origin refetch (cc incomplete: truncated=True digest_ok=True zip_ok=False); legacy bundle: members=['index.apxl'] (pre-iWork-13); mime=
CC-MAIN-2026-34-cdx-00188-5	41d24d64db4cf0a8ffd6252f49cb14483d3a171476ef8a5ad91654a7b4d3d536	legacy	legacy-unknown	https://svs.gsfc.nasa.gov/vis/a000000/a004400/a004410/hyperwall_global_fade_4410.key	https://data.commoncrawl.org/crawl-data/CC-MAIN-2026-34/segments/1786091677910.78/warc/CC-MAIN-20260818132700-20260818162700-00953.warc.gz	4288102	cc payload verified; legacy bundle: members=['index.apxl'] (pre-iWork-13); mime=
CC-MAIN-2026-34-cdx-00188-6	7b8b74a2b28bfa4911ecd6023a08379598e22ecb38bc77569128c7898cb913b9	legacy	legacy-unknown	https://svs.gsfc.nasa.gov/vis/a000000/a004400/a004410/hyperwall_global_final_4410.key	https://data.commoncrawl.org/crawl-data/CC-MAIN-2026-34/segments/1786091677910.78/warc/CC-MAIN-20260818132700-20260818162700-00795.warc.gz	4047278	cc payload verified; legacy bundle: members=['index.apxl'] (pre-iWork-13); mime=
CC-MAIN-2026-34-cdx-00172-38	71982d4210f64f263dd49200a5ccad991485bf552d261154f0e0af8211ad05b2	key	keynote	https://ftp.lowell.edu/incoming/FAS2016/10_Llama.key	https://data.commoncrawl.org/crawl-data/CC-MAIN-2026-34/segments/1786091385964.96/warc/CC-MAIN-20260816123341-20260816153341-00905.warc.gz	33529939	origin refetch (cc incomplete: truncated=True digest_ok=True zip_ok=False); slide iwa present (Index/MasterSlide-10.iwa); root type 1; mime=
CC-MAIN-2026-34-cdx-00188-8	0d072edc077d00a0da1521a9e69564919a8f5725c9f111b7641ca8d91324b8d9	key	keynote	https://svs.gsfc.nasa.gov/vis/a000000/a004500/a004511/mathhew_v3_annotated_4511.key	https://data.commoncrawl.org/crawl-data/CC-MAIN-2026-34/segments/1786091674763.85/warc/CC-MAIN-20260817221418-20260818011418-00456.warc.gz	29763457	origin refetch (cc incomplete: truncated=True digest_ok=True zip_ok=False); slide iwa present (Index/MasterSlide-8.iwa); root type 1; mime=
CC-MAIN-2026-34-cdx-00188-9	ed2ad6f4bd9a2da164168af424fb4b5023832d3fd8e30fcbd8f52456236e22c0	key	keynote	https://svs.gsfc.nasa.gov/vis/a000000/a004500/a004552/ga.key	https://data.commoncrawl.org/crawl-data/CC-MAIN-2026-34/segments/1786091387263.73/warc/CC-MAIN-20260817095816-20260817125816-00492.warc.gz	2065213	cc payload verified; slide iwa present (Index/MasterSlide-4.iwa); root type 1; mime=
CC-MAIN-2026-34-cdx-00188-11	a87251a8523c77bac230c774e108e2dc20408ed483ac5f39cf911b2964f40f5e	key	keynote	https://svs.gsfc.nasa.gov/vis/a000000/a004500/a004552/id.key	https://data.commoncrawl.org/crawl-data/CC-MAIN-2026-34/segments/1786091387263.73/warc/CC-MAIN-20260817095816-20260817125816-00357.warc.gz	1633769	cc payload verified; slide iwa present (Index/MasterSlide-9.iwa); root type 1; mime=
CC-MAIN-2026-34-cdx-00188-10	03efe32ac7ca7a895fa0b6696eb8292b1198aba33ae9ff383e27082a860499f3	key	keynote	https://svs.gsfc.nasa.gov/vis/a000000/a004500/a004552/ia.key	https://data.commoncrawl.org/crawl-data/CC-MAIN-2026-34/segments/1786091387263.73/warc/CC-MAIN-20260817095816-20260817125816-00794.warc.gz	1604263	cc payload verified; slide iwa present (Index/MasterSlide-1.iwa); root type 1; mime=
CC-MAIN-2026-34-cdx-00188-12	18a084dc0c0d4ff119acaccc93876e142b7e5bd8660917b4b32efe1f60ce9d09	key	keynote	https://svs.gsfc.nasa.gov/vis/a000000/a004500/a004552/il.key	https://data.commoncrawl.org/crawl-data/CC-MAIN-2026-34/segments/1786091387263.73/warc/CC-MAIN-20260817095816-20260817125816-00525.warc.gz	1494296	cc payload verified; slide iwa present (Index/MasterSlide-4.iwa); root type 1; mime=
CC-MAIN-2026-34-cdx-00188-7	47bb9927f30caf7eaead17c9c6c08ffac6424951bf70fc0018d38f25ed1cb393	key	keynote	https://svs.gsfc.nasa.gov/vis/a000000/a004500/a004510/WeeklySeaIceAge_withSqKmGraph_4510.key	https://data.commoncrawl.org/crawl-data/CC-MAIN-2026-34/segments/1786091385546.31/warc/CC-MAIN-20260813020609-20260813050609-00220.warc.gz	73151655	origin refetch (cc incomplete: truncated=True digest_ok=True zip_ok=False); slide iwa present (Index/MasterSlide-11.iwa); root type 1; mime=
CC-MAIN-2026-34-cdx-00188-14	cac2953889d7f2a5465eb984a761c4036ca358a191cd17d107e48103a43bcfd5	key	keynote	https://svs.gsfc.nasa.gov/vis/a000000/a004500/a004552/ky.key	https://data.commoncrawl.org/crawl-data/CC-MAIN-2026-34/segments/1786091387263.73/warc/CC-MAIN-20260817095816-20260817125816-00600.warc.gz	1811369	cc payload verified; slide iwa present (Index/MasterSlide-1.iwa); root type 1; mime=
CC-MAIN-2026-34-cdx-00188-13	8231947c0a04a21a9bc7ef3b900179777ccf0387f917eac9ff2bcd4150ad735a	key	keynote	https://svs.gsfc.nasa.gov/vis/a000000/a004500/a004552/ks.key	https://data.commoncrawl.org/crawl-data/CC-MAIN-2026-34/segments/1786091387263.73/warc/CC-MAIN-20260817095816-20260817125816-00474.warc.gz	1524328	cc payload verified; slide iwa present (Index/MasterSlide-1.iwa); root type 1; mime=
CC-MAIN-2026-34-cdx-00188-15	8c8a29bfeb2f6ac47fbf7d0939a0fbbf52f1bb824128baa76899a05280052daf	key	keynote	https://svs.gsfc.nasa.gov/vis/a000000/a004500/a004552/mo.key	https://data.commoncrawl.org/crawl-data/CC-MAIN-2026-34/segments/1786091387263.73/warc/CC-MAIN-20260817095816-20260817125816-00692.warc.gz	1953612	cc payload verified; slide iwa present (Index/MasterSlide-10.iwa); root type 1; mime=
CC-MAIN-2026-34-cdx-00188-17	5d967bb4f51e026c782e7e2c79c33703d832563a56f9c2e3cb6e750ee8b15aa7	key	keynote	https://svs.gsfc.nasa.gov/vis/a000000/a004500/a004552/nc.key	https://data.commoncrawl.org/crawl-data/CC-MAIN-2026-34/segments/1786091387263.73/warc/CC-MAIN-20260817095816-20260817125816-00591.warc.gz	1494746	cc payload verified; slide iwa present (Index/MasterSlide-10.iwa); root type 1; mime=
CC-MAIN-2026-34-cdx-00188-16	f51b01f19bc2999fdb8a617ba4261e4aa069537a05c20777c02a450b04213de9	key	keynote	https://svs.gsfc.nasa.gov/vis/a000000/a004500/a004552/mt.key	https://data.commoncrawl.org/crawl-data/CC-MAIN-2026-34/segments/1786091387263.73/warc/CC-MAIN-20260817095816-20260817125816-00297.warc.gz	1257377	cc payload verified; slide iwa present (Index/MasterSlide-8.iwa); root type 1; mime=
CC-MAIN-2026-34-cdx-00188-19	7044b6e3b6c447ecfae93b6b9197ea00123f2d01a193df4d77328020aa21951d	key	keynote	https://svs.gsfc.nasa.gov/vis/a000000/a004500/a004552/or_4552.key	https://data.commoncrawl.org/crawl-data/CC-MAIN-2026-34/segments/1786091387263.73/warc/CC-MAIN-20260817095816-20260817125816-00842.warc.gz	1589328	cc payload verified; slide iwa present (Index/MasterSlide-9.iwa); root type 1; mime=
CC-MAIN-2026-34-cdx-00188-21	b7c8090fe6a85995e736d49bddbc90262f910da21925ddd4e3b763ee50ec49e6	key	keynote	https://svs.gsfc.nasa.gov/vis/a000000/a004500/a004552/tn.key	https://data.commoncrawl.org/crawl-data/CC-MAIN-2026-34/segments/1786091387263.73/warc/CC-MAIN-20260817095816-20260817125816-00228.warc.gz	1619861	cc payload verified; slide iwa present (Index/MasterSlide-1.iwa); root type 1; mime=
CC-MAIN-2026-34-cdx-00188-20	de3d8ba59e4f07b104c7c790840640db79c9282b88fbfb22316ca0c44f07b4a0	key	keynote	https://svs.gsfc.nasa.gov/vis/a000000/a004500/a004552/sc.key	https://data.commoncrawl.org/crawl-data/CC-MAIN-2026-34/segments/1786091387263.73/warc/CC-MAIN-20260817095816-20260817125816-00346.warc.gz	1691840	cc payload verified; slide iwa present (Index/MasterSlide.iwa); root type 1; mime=
CC-MAIN-2026-34-cdx-00188-23	8208503a61ef7794c29362dae7dbea88c6a692d859a94ef6ba306e1015de1290	legacy	legacy-unknown	https://svs.gsfc.nasa.gov/vis/a030000/a030100/a030133/0ldest_light_in_the_universe.key	https://data.commoncrawl.org/crawl-data/CC-MAIN-2026-34/segments/1786091387114.72/warc/CC-MAIN-20260817035111-20260817065111-00393.warc.gz	3013027	cc payload verified; legacy bundle: members=['index.apxl'] (pre-iWork-13); mime=
CC-MAIN-2026-34-cdx-00188-18	dbcb20062bead548b2138358cac647fdfc036e9f7bec832c9f482fed3b0e862e	key	keynote	https://svs.gsfc.nasa.gov/vis/a000000/a004500/a004552/ne.key	https://data.commoncrawl.org/crawl-data/CC-MAIN-2026-34/segments/1786091387263.73/warc/CC-MAIN-20260817095816-20260817125816-00633.warc.gz	1470328	cc payload verified; slide iwa present (Index/MasterSlide-8.iwa); root type 1; mime=
CC-MAIN-2026-34-cdx-00188-22	e39468bfa5296560219c7cbed0d0c65cfa1ef560cfebfefdccdfe699e58460ea	key	keynote	https://svs.gsfc.nasa.gov/vis/a000000/a004500/a004552/wy.key	https://data.commoncrawl.org/crawl-data/CC-MAIN-2026-34/segments/1786091387263.73/warc/CC-MAIN-20260817095816-20260817125816-00412.warc.gz	1541290	cc payload verified; slide iwa present (Index/MasterSlide-9.iwa); root type 1; mime=
CC-MAIN-2026-34-cdx-00188-25	708537bc01e197908209e913b1bad95f026d5cefa48956d7c1171d8e04d106ca	key	keynote	https://svs.gsfc.nasa.gov/vis/a030000/a030800/a030839/CF_over_blue_marble_2015_30839.key	https://data.commoncrawl.org/crawl-data/CC-MAIN-2026-34/segments/1786091385460.47/warc/CC-MAIN-20260812074805-20260812104805-00122.warc.gz	10391564	origin refetch (cc incomplete: truncated=True digest_ok=True zip_ok=False); slide iwa present (Index/MasterSlide-2.iwa); root type 1; mime=
CC-MAIN-2026-34-cdx-00188-27	0efa86c89e1317436cb919843c3e6cc97aaeb61a7ee02e4d2788a6e0f8128433	pages	pages	https://rupert.vt.gov/wp-content/uploads/2023/10/SBM-10-08-23.pages	https://data.commoncrawl.org/crawl-data/CC-MAIN-2026-34/segments/1786091681394.92/warc/CC-MAIN-20260819164830-20260819194830-00695.warc.gz	829247	cc payload verified; Document.iwa root type 10000=TP.DocumentArchive; mime=
CC-MAIN-2026-34-cdx-00188-26	79259c0f302ca5a3dff8d32d2624500a35a0c73e7b2f0fb06c0c2efa659accee	key	keynote	https://assets.science.nasa.gov/content/dam/science/missions/rst/events/roman-expanding-our-view-slide-deck-keynote.key	https://data.commoncrawl.org/crawl-data/CC-MAIN-2026-34/segments/1786091385350.21/warc/CC-MAIN-20260810160426-20260810190426-00449.warc.gz	67630904	origin refetch (cc incomplete: truncated=True digest_ok=True zip_ok=False); slide iwa present (Index/Slide-1635-2.iwa); root type 1; mime=
CC-MAIN-2026-34-cdx-00188-24	6a303a3b6b24e57cd46306a4891fb05f1d2e35d7d80573c38d543d72495cca6d	legacy	legacy-unknown	https://svs.gsfc.nasa.gov/vis/a030000/a030500/a030521/california_deepening_drought.key	https://data.commoncrawl.org/crawl-data/CC-MAIN-2026-34/segments/1786091385543.75/warc/CC-MAIN-20260812230232-20260813020232-00685.warc.gz	6981569	origin refetch (cc incomplete: truncated=True digest_ok=True zip_ok=False); legacy bundle: members=['index.apxl'] (pre-iWork-13); mime=
CC-MAIN-2026-34-cdx-00204-4	cfe9a9c70913cf190a55ad8c68aa9a686eea365e20ad772d8276576d6a052a41	pages	pages	https://kromacademy.it/wp-content/uploads/2023/08/MODULO-ADESIONE-IL-POSTO-SEGRETO_PAGES.pages	https://data.commoncrawl.org/crawl-data/CC-MAIN-2026-34/segments/1786091385801.49/warc/CC-MAIN-20260815030115-20260815060115-00055.warc.gz	223532	cc payload verified; Document.iwa root type 10000=TP.DocumentArchive; mime=
CC-MAIN-2026-34-cdx-00204-3	47df1df1711202d4934d9d4538d995bbc54ef6949316ddb42d63ff8469c4fc3c	key	keynote	https://agenda.infn.it/event/50900/sessions/37019/attachments/146554/223298/GGISlides.key	https://data.commoncrawl.org/crawl-data/CC-MAIN-2026-34/segments/1786091385993.82/warc/CC-MAIN-20260816183940-20260816213940-00424.warc.gz	1200295	cc payload verified; slide iwa present (Index/Slide-2644420.iwa); root type 1; mime=
CC-MAIN-2026-34-cdx-00204-5	c36d2f4c025aab435cf0931a751d71cb592519a17a29cdd605c7333f0d511fc1	pages	pages	https://kromacademy.it/wp-content/uploads/2023/09/MODULO-ADESIONE-KROTON-copia-2.pages	https://data.commoncrawl.org/crawl-data/CC-MAIN-2026-34/segments/1786091385801.49/warc/CC-MAIN-20260815030115-20260815060115-00245.warc.gz	796216	cc payload verified; Document.iwa root type 10000=TP.DocumentArchive; mime=
CC-MAIN-2026-34-cdx-00204-6	a57abaec2cb309659141f601b4e4f0ef67f7a48e7a1134a439e3724e0a78830e	pages	pages	https://kromacademy.it/wp-content/uploads/2023/09/MODULO-ADESIONE-MEDUSA.pages	https://data.commoncrawl.org/crawl-data/CC-MAIN-2026-34/segments/1786091385801.49/warc/CC-MAIN-20260815030115-20260815060115-00429.warc.gz	798200	cc payload verified; Document.iwa root type 10000=TP.DocumentArchive; mime=
CC-MAIN-2026-34-cdx-00204-8	37544adb72e5454fab5576c284eae938c33c3b0ada695ca3b22455c065f6bd23	pages	pages	https://www.mondocrea.it/wp-content/uploads/2024/01/IL-MIO-CUORE-IN-FRIULI-tutte.pages	https://data.commoncrawl.org/crawl-data/CC-MAIN-2026-34/segments/1786091385044.1/warc/CC-MAIN-20260808000048-20260808030048-00446.warc.gz	810201	cc payload verified; Document.iwa root type 10000=TP.DocumentArchive; mime=
CC-MAIN-2026-34-cdx-00236-2	a2757a89aac29f213f67f67446e69f89f321168e2ceef2af79e34e86dce2ce40	key	keynote	https://cancerprogressreport.aacr.org/wp-content/uploads/sites/2/2020/09/1701053I_CPR17_Tables_Slides_KNT.key	https://data.commoncrawl.org/crawl-data/CC-MAIN-2026-34/segments/1786091385431.4/warc/CC-MAIN-20260811163319-20260811193319-00123.warc.gz	5027285	cc payload verified; slide iwa present (Index/Slide-22.iwa); root type 1; mime=
CC-MAIN-2026-34-cdx-00236-1	0471e00473db878cd905d89690ee253f8f86c05336a163676fd67d2edb2ee62f	key	keynote	https://cancerprogressreport.aacr.org/wp-content/uploads/sites/2/2020/03/CPR15_Figure_Slides_KNT.key	https://data.commoncrawl.org/crawl-data/CC-MAIN-2026-34/segments/1786091385431.4/warc/CC-MAIN-20260811163319-20260811193319-00431.warc.gz	17149692	origin refetch (cc incomplete: truncated=True digest_ok=True zip_ok=False); slide iwa present (Index/MasterSlide.iwa); root type 1; mime=
CC-MAIN-2026-34-cdx-00236-4	689105afb9a7284cb7720785890f489d62ab21ba3b26d89985d7b8f3ccf92f6d	pages	pages	https://www.aiaahouston.org/Horizons/LnL2005%2007%2026%20Jack%20Bacon%20ISS%20Phantom%20Torque%20Flyer.pages	https://data.commoncrawl.org/crawl-data/CC-MAIN-2026-34/segments/1786091385166.7/warc/CC-MAIN-20260808151638-20260808181638-00459.warc.gz	308425	cc payload verified; Document.iwa root type 10000=TP.DocumentArchive; mime=
CC-MAIN-2026-34-cdx-00204-7	bd5599cb5b495914732672b7f9f096cca914a00ed299b316d0165c891e00b80f	pages	pages	https://www.maniscalcovini.it/wp-content/uploads/2023/05/Sfondo-Facebook-copertina-MAGGIO-2023.pages	https://data.commoncrawl.org/crawl-data/CC-MAIN-2026-34/segments/1786091385553.12/warc/CC-MAIN-20260813050936-20260813080936-00605.warc.gz	20944644	origin refetch (cc incomplete: truncated=True digest_ok=True zip_ok=False); Document.iwa root type 10000=TP.DocumentArchive; mime=
CC-MAIN-2026-34-cdx-00236-5	14afb81d3ee15157abd690371c33fb549149bca5b465e7c391d18b66de2f1082	pages	pages	https://www.aiaahouston.org/Horizons/Signature_experiments.pages	https://data.commoncrawl.org/crawl-data/CC-MAIN-2026-34/segments/1786091385010.77/warc/CC-MAIN-20260807175542-20260807205542-00416.warc.gz	852478	cc payload verified; Document.iwa root type 10000=TP.DocumentArchive; mime=
CC-MAIN-2026-34-cdx-00252-1	cb5c698f9c08da2ddb861664d430cb51dfd89304e55ad6ee14d96d15605c18b5	legacy	legacy-unknown	https://zellous.org/wp-content/uploads/2014/02/Zellous.org-301-Redirect-Mapping-Schedule.numbers	https://data.commoncrawl.org/crawl-data/CC-MAIN-2026-34/segments/1786091385574.53/warc/CC-MAIN-20260813111745-20260813141745-00366.warc.gz	89113	cc payload verified; legacy bundle: members=['index.xml'] (pre-iWork-13); mime=
CC-MAIN-2026-34-cdx-00236-7	f82b2fa40fd407ce13a9d7059d46de109ff024f92d6d8f548635e6592bceff63	pages	pages	https://apostlesonline.org/wp-content/uploads/2026/02/Informal-021526-LARGE.pages	https://data.commoncrawl.org/crawl-data/CC-MAIN-2026-34/segments/1786091674238.48/warc/CC-MAIN-20260817191046-20260817221046-00117.warc.gz	6880465	origin refetch (cc incomplete: truncated=True digest_ok=True zip_ok=False); Document.iwa root type 10000=TP.DocumentArchive; mime=
CC-MAIN-2026-34-cdx-00252-2	f2eff6b857c29e70cf6ca351a2b651ea681e376fc30d0e462a8d0e7d7c151b39	key	keynote	https://www.mathed.page/teaching/art-of-teaching.key	https://data.commoncrawl.org/crawl-data/CC-MAIN-2026-34/segments/1786091385464.24/warc/CC-MAIN-20260812105035-20260812135035-00928.warc.gz	1396487	cc payload verified; slide iwa present (Index/MasterSlide.iwa); root type 1; mime=
CC-MAIN-2026-34-cdx-00236-6	e1944dc6a0d3cda5080b0653e2da70712fc9078b004df406524c344583257afb	key	keynote	https://www.aiaahouston.org/Horizons/Yazell_AIAA_Houston_Section_Weekly_Saturday_2022_03_05.key	https://data.commoncrawl.org/crawl-data/CC-MAIN-2026-34/segments/1786091385010.77/warc/CC-MAIN-20260807175542-20260807205542-00276.warc.gz	45291460	origin refetch (cc incomplete: truncated=True digest_ok=True zip_ok=False); slide iwa present (Index/Slide-2642743.iwa); root type 1; mime=
CC-MAIN-2026-34-cdx-00252-3	ff0023cf68b715be796eeee7acf3c264c5f7f7d04bf0104d6387deec9d535205	key	keynote	https://www.mathed.page/teaching/depth.key	https://data.commoncrawl.org/crawl-data/CC-MAIN-2026-34/segments/1786091385464.24/warc/CC-MAIN-20260812105035-20260812135035-00090.warc.gz	8574279	origin refetch (cc incomplete: truncated=True digest_ok=True zip_ok=False); slide iwa present (Index/MasterSlide-1.iwa); root type 1; mime=
CC-MAIN-2026-34-cdx-00061-2	06f1410197fc12ba4fe82028df26ebd8ff9ac224621a4f148c8fb958a0220afe	pages	pages	https://www.drillvisionsystems.com/uploads/1/1/7/1/117191679/drillvision_rugged_ultra-compact_hd_bullet_camera_1.pages	https://data.commoncrawl.org/crawl-data/CC-MAIN-2026-34/segments/1786091385301.19/warc/CC-MAIN-20260810004910-20260810034910-00681.warc.gz	4618641	cc payload verified; Document.iwa root type 10000=TP.DocumentArchive; mime=
CC-MAIN-2026-34-cdx-00061-1	09b0cc93f6da6d18af8dc3fbdad62ef05ea9cb2c1b412c818bb96ae6bb03ee7e	pages	pages	https://downtownguelph.com/wp-content/uploads/2026/03/DGBA.JAN2026.MINUTES.pages	https://data.commoncrawl.org/crawl-data/CC-MAIN-2026-34/segments/1786091384984.23/warc/CC-MAIN-20260807145234-20260807175234-00343.warc.gz	256620	cc payload verified; Document.iwa root type 10000=TP.DocumentArchive; mime=
CC-MAIN-2026-34-cdx-00236-3	5e210df320d0ea194f6c78e46a5110552ca42fb08546145ea02c3e7cbc47b8b1	key	keynote	https://www.aiaahouston.org/Horizons/2017_EGC_NASA_AIAA.key	https://data.commoncrawl.org/crawl-data/CC-MAIN-2026-34/segments/1786091385010.77/warc/CC-MAIN-20260807175542-20260807205542-00907.warc.gz	336449320	origin refetch (cc incomplete: truncated=True digest_ok=True zip_ok=False); slide iwa present (Index/MasterSlide-121-2.iwa); root type 1; mime=
CC-MAIN-2026-34-cdx-00268-1	62a036e8e920163a45e4a5c9f46c1eaf0cefca02e1f73f9ec8c8d6c466475702	key	keynote	https://old.luntry.ru/wp-content/uploads/2025/02/bezopasnost_ml_klasterov_kubernetes_v2_2_1-2.key	https://data.commoncrawl.org/crawl-data/CC-MAIN-2026-34/segments/1786091385187.51/warc/CC-MAIN-20260808212239-20260809002239-00948.warc.gz	8049127	origin refetch (cc incomplete: truncated=True digest_ok=True zip_ok=False); slide iwa present (Index/Slide-1335-2.iwa); root type 1; mime=
CC-MAIN-2026-34-cdx-00077-1	675f65591c27e5b48e9c450e8f44801022b0e66329cff611038a6bf6bb28848d	numbers	numbers	https://hayappy.com/wp/wp-content/uploads/2026/01/9d943412f384eb12a8c35120591fbbd2.key	https://data.commoncrawl.org/crawl-data/CC-MAIN-2026-34/segments/1786091385800.97/warc/CC-MAIN-20260814235839-20260815025839-00806.warc.gz	3623174	cc payload verified; Document.iwa root type 1=TN.DocumentArchive; mime=
CC-MAIN-2026-34-cdx-00093-1	647863968b26d0c52541ad5d537e682d91b73bff1ca1cc9a2a60916856ad493e	pages	pages	https://ledinaction.com/wp-content/uploads/2016/02/Off-Road-LED-Price-List-2014.pages	https://data.commoncrawl.org/crawl-data/CC-MAIN-2026-34/segments/1786091385858.80/warc/CC-MAIN-20260815181639-20260815211639-00475.warc.gz	533453	cc payload verified; Document.iwa root type 10000=TP.DocumentArchive; mime=
CC-MAIN-2026-34-cdx-00125-3	5f81854f90cfc25ef07b2460e95b5c7d0d67071eb6c71e144e68633e5f51d67d	key	keynote	https://senseiichiba.com/sidouan/Download?file_path=20241009_121923_921101.key&doc_id=00001180	https://data.commoncrawl.org/crawl-data/CC-MAIN-2026-34/segments/1786091385044.1/warc/CC-MAIN-20260808000048-20260808030048-00621.warc.gz	928352	cc payload verified; slide iwa present (Index/Slide-3992982-2.iwa); root type 1; mime=
CC-MAIN-2026-34-cdx-00093-2	5a89929253a121fb828aa29b880f7321185bb369d097590bc66cd70149105f7b	numbers	numbers	https://lesberensonmd.com/wp-content/uploads/2021/09/DatafromDoD.numbers	https://data.commoncrawl.org/crawl-data/CC-MAIN-2026-34/segments/1786091385381.39/warc/CC-MAIN-20260810190756-20260810220756-00543.warc.gz	1196779	cc payload verified; Document.iwa root type 1=TN.DocumentArchive; mime=
CC-MAIN-2026-34-cdx-00125-2	194b6b804f6579f342a2dbf83b318cbc13c3a73ec14776901e316ebae81818f8	key	keynote	https://senseiichiba.com/sidouan/Download?file_path=20241009_115544_169222.key&doc_id=00001179	https://data.commoncrawl.org/crawl-data/CC-MAIN-2026-34/segments/1786091385401.5/warc/CC-MAIN-20260811011751-20260811041751-00437.warc.gz	2723314	cc payload verified; slide iwa present (Index/Slide-3992982-2.iwa); root type 1; mime=
CC-MAIN-2026-34-cdx-00157-1	8e92cf882b539990c973070003b996acf7c4711ae1a053dea5175fb1f75f2ddf	pages	pages	https://astrid-lindgren-schule-ulm.de/wp-content/uploads/2022/10/Sonderpaedagogischer-Dienst-Meldung-eines-sonderpaed.-Beratungs-Unterstuetzungsbedarfs.pages	https://data.commoncrawl.org/crawl-data/CC-MAIN-2026-34/segments/1786091385594.25/warc/CC-MAIN-20260813172703-20260813202703-00110.warc.gz	918053	cc payload verified; Document.iwa root type 10000=TP.DocumentArchive; mime=
CC-MAIN-2026-34-cdx-00125-1	90bd16a63a6fadaa265d96794e6400c71295941e0a8b006a9b41a6b6876a6e7e	key	keynote	https://frank.seesink.com/presentations/NYSERNet-Connect-Fall2025/NYSERNetConnect2025.key	https://data.commoncrawl.org/crawl-data/CC-MAIN-2026-34/segments/1786091385452.6/warc/CC-MAIN-20260812044543-20260812074543-00801.warc.gz	10892229	origin refetch (cc incomplete: truncated=True digest_ok=True zip_ok=False); slide iwa present (Index/Slide-16587.iwa); root type 1; mime=
CC-MAIN-2026-34-cdx-00173-1	8c111fe893e3caa30d7e52017c94d66c7fbf47c295afbf6dd8db81859eee4e53	legacy	legacy-unknown	http://cba.mit.edu/events/14.05.BB/Rejeski.key	https://data.commoncrawl.org/crawl-data/CC-MAIN-2026-34/segments/1786091386141.90/warc/CC-MAIN-20260816214409-20260817004409-00517.warc.gz	3999661	cc payload verified; legacy bundle: members=['index.apxl'] (pre-iWork-13); mime=
CC-MAIN-2026-34-cdx-00157-2	5de28ef469139121cd5dfac1f99eee3992b5be5c9beaeb7125473e3a9278a60b	key	keynote	https://www.bibelportal.de/bibelleseplaene/chronologischer_Bibelleseplan_bibleriches-org.key	https://data.commoncrawl.org/crawl-data/CC-MAIN-2026-34/segments/1786091385385.9/warc/CC-MAIN-20260810221116-20260811011116-00857.warc.gz	708780	cc payload verified; slide iwa present (Index/Slide-2652176.iwa); root type 1; mime=
CC-MAIN-2026-34-cdx-00173-5	d8d6a7714bfeb818b97005f61ae6d612c969b4e161ba1ae13e1ce2e3b34ea9e3	key	keynote	https://www.cs.purdue.edu/homes/hmaji/teaching/Fall%202015/lectures/00.key	https://data.commoncrawl.org/crawl-data/CC-MAIN-2026-34/segments/1786091385961.45/warc/CC-MAIN-20260816093115-20260816123115-00604.warc.gz	609791	cc payload verified; slide iwa present (Index/MasterSlide-5.iwa); root type 1; mime=
CC-MAIN-2026-34-cdx-00173-6	c7a568f0b65540bfb291d79205aec12d10ad5cf0b7b5299cbb0eb3668042ec41	pages	pages	https://rucool.marine.rutgers.edu/hurricane/slides/Aristizabal_EGO_meeting.pages	https://data.commoncrawl.org/crawl-data/CC-MAIN-2026-34/segments/1786091385044.1/warc/CC-MAIN-20260808000048-20260808030048-00424.warc.gz	361304	cc payload verified; Document.iwa root type 10000=TP.DocumentArchive; mime=
CC-MAIN-2026-34-cdx-00173-2	a17d4780056410af674d63d49cd592fe5e71b6e39586f1aaa7b6e794d67f128a	key	keynote	https://indico.mit.edu/event/876/contributions/2670/attachments/1034/1766/IDEA_detector-concept-FCC-US-2024.key	https://data.commoncrawl.org/crawl-data/CC-MAIN-2026-34/segments/1786091674763.85/warc/CC-MAIN-20260817221418-20260818011418-00810.warc.gz	111742889	origin refetch (cc incomplete: truncated=True digest_ok=True zip_ok=False); slide iwa present (Index/Slide-252-2.iwa); root type 1; mime=
CC-MAIN-2026-34-cdx-00173-8	cfa23349c069f35476ae8e879837d058f66de170b76aee37b6811219cd607d34	key	keynote	https://web.stanford.edu/class/archive/cs/cs107/cs107.1224/lectures/01/01-Introduction.key	https://data.commoncrawl.org/crawl-data/CC-MAIN-2026-34/segments/1786091385993.82/warc/CC-MAIN-20260816183940-20260816213940-00611.warc.gz	23258345	origin refetch (cc incomplete: truncated=True digest_ok=True zip_ok=False); slide iwa present (Index/Slide-3.iwa); root type 1; mime=
CC-MAIN-2026-34-cdx-00173-9	aef4b287e8d9f18747670104056bdae39321d1ae980727932336e2efaed0a828	key	keynote	https://web.stanford.edu/class/archive/cs/cs107/cs107.1224/lectures/09/09-FloatingPoint.key	https://data.commoncrawl.org/crawl-data/CC-MAIN-2026-34/segments/1786091385993.82/warc/CC-MAIN-20260816183940-20260816213940-00123.warc.gz	11277590	origin refetch (cc incomplete: truncated=True digest_ok=True zip_ok=False); slide iwa present (Index/Slide-3.iwa); root type 1; mime=
CC-MAIN-2026-34-cdx-00173-12	122a2376a1307dbb130882a2241f568819e7da77d54454fde6db98fb95692c80	key	keynote	https://indico.cfnssbu.physics.sunysb.edu/event/357/contributions/1720/attachments/771/1227/CFNS_Presentation.key	https://data.commoncrawl.org/crawl-data/CC-MAIN-2026-34/segments/1786091673393.86/warc/CC-MAIN-20260817160715-20260817190715-00242.warc.gz	2962355	cc payload verified; slide iwa present (Index/Slide-4436570.iwa); root type 1; mime=
CC-MAIN-2026-34-cdx-00173-10	3f528089d27670ea8c12a37a30d1c46872c3f12e9d4d370d0576391829c7acf4	key	keynote	https://indico.cfnssbu.physics.sunysb.edu/event/111/contributions/957/attachments/324/512/CFNS_2024%20june%204b.key	https://data.commoncrawl.org/crawl-data/CC-MAIN-2026-34/segments/1786091672082.57/warc/CC-MAIN-20260817130242-20260817160242-00595.warc.gz	30208850	origin refetch (cc incomplete: truncated=True digest_ok=True zip_ok=False); slide iwa present (Index/Slide-8060.iwa); root type 1; mime=
CC-MAIN-2026-34-cdx-00173-13	cd227ce08bd2d1285b15dfa81c0c266ed4feee790322a21667fbf3d3df8d3498	key	keynote	https://gradynewsource.uga.edu/wp-content/uploads/2017/11/ONLINE_TELE_TOWN_HALL-1.key	https://data.commoncrawl.org/crawl-data/CC-MAIN-2026-34/segments/1786091678553.88/warc/CC-MAIN-20260818193129-20260818223129-00597.warc.gz	979300	cc payload verified; slide iwa present (Index/MasterSlide-3817.iwa); root type 1; mime=
CC-MAIN-2026-34-cdx-00173-14	ded3db1a004dcd8d401a1a9edc3410b20cbd38b46894ed856de3928b85177a6e	key	keynote	https://gradynewsource.uga.edu/wp-content/uploads/2018/03/uga-1-1.key	https://data.commoncrawl.org/crawl-data/CC-MAIN-2026-34/segments/1786091677317.76/warc/CC-MAIN-20260818072149-20260818102149-00845.warc.gz	1355290	cc payload verified; slide iwa present (Index/MasterSlide-3637.iwa); root type 1; mime=
CC-MAIN-2026-34-cdx-00173-11	1015254c616203f24ab9906e65beaad5f2f3f8682b7ce7c824648059c4a4e717	key	keynote	https://indico.cfnssbu.physics.sunysb.edu/event/111/contributions/961/attachments/347/568/20240610_HeavyIonAndJets_CFNSSummerSchool_YiChen_v15.key	https://data.commoncrawl.org/crawl-data/CC-MAIN-2026-34/segments/1786091672082.57/warc/CC-MAIN-20260817130242-20260817160242-00243.warc.gz	58166953	origin refetch (cc incomplete: truncated=True digest_ok=True zip_ok=False); slide iwa present (Index/Slide-1272688.iwa); root type 1; mime=
CC-MAIN-2026-34-cdx-00173-17	341fb2ce63aab4eb847ed5b48ede391f8ad6c5c2c9e5e158b60c6d982e740922	legacy	legacy-unknown	http://vislab-ccom.unh.edu/~schwehr/rt/present/video-2-more-advanced-emacs.key	https://data.commoncrawl.org/crawl-data/CC-MAIN-2026-34/segments/1786091386141.90/warc/CC-MAIN-20260816214409-20260817004409-00013.warc.gz	4745011	cc payload verified; legacy bundle: members=['index.apxl'] (pre-iWork-13); mime=
CC-MAIN-2026-34-cdx-00205-1	2f4673d44438c47b787ebf78b898ff4c10d4d5412cd34e2e90c5b334ccd2ef36	pages	pages	https://www.ordinearchitettilecco.it/wp-content/uploads/2020/09/inarcassa_DELEGA-PAGES.pages	https://data.commoncrawl.org/crawl-data/CC-MAIN-2026-34/segments/1786091683786.95/warc/CC-MAIN-20260819225241-20260820015241-00372.warc.gz	902406	cc payload verified; Document.iwa root type 10000=TP.DocumentArchive; mime=
CC-MAIN-2026-34-cdx-00205-2	d2bcca8bd724abe9d2054020d388084903c7ba28f0ef46175292024e85708573	pages	pages	https://www.pizzeriamyosotis.it/wp-content/uploads/2024/04/menu-cucina-estate-2024.pages	https://data.commoncrawl.org/crawl-data/CC-MAIN-2026-34/segments/1786091678553.88/warc/CC-MAIN-20260818193129-20260818223129-00442.warc.gz	801125	cc payload verified; Document.iwa root type 10000=TP.DocumentArchive; mime=
CC-MAIN-2026-34-cdx-00205-3	dd965179a23cefabf52b0fdb04fdd7c915fa7456a2036ad8bdeb9c206882f7bf	pages	pages	https://www.signoradeicalzini.it/wp-content/Proposta-scuole-Alessandra-Racca_scuola-secondaria-di-primo-grado.pages	https://data.commoncrawl.org/crawl-data/CC-MAIN-2026-34/segments/1786091387120.69/warc/CC-MAIN-20260817065350-20260817095350-00672.warc.gz	150856	cc payload verified; Document.iwa root type 10000=TP.DocumentArchive; mime=
CC-MAIN-2026-34-cdx-00205-4	bea1a0d2ec130a4b536e6a0b516181de9aeb7356f81fa6741f710295d74e11d9	key	keynote	https://www.societaitalianadesign.it/wp-content/uploads/2026/05/FORMAT-PRESENTAZIONE-SID26_loghi.key	https://data.commoncrawl.org/crawl-data/CC-MAIN-2026-34/segments/1786091385961.45/warc/CC-MAIN-20260816093115-20260816123115-00133.warc.gz	2798361	cc payload verified; slide iwa present (Index/Slide-784-2.iwa); root type 1; mime=
CC-MAIN-2026-34-cdx-00205-5	ab78e6ebf7c84bda769e7df7b8ab05ef631527f7551e982027bb8c77402d2cbb	pages	pages	https://www.spi-firenze.it/wp-content/uploads/2018/07/Locandina-Baldassarro.pages	https://data.commoncrawl.org/crawl-data/CC-MAIN-2026-34/segments/1786091385148.14/warc/CC-MAIN-20260808060658-20260808090658-00282.warc.gz	489009	cc payload verified; Document.iwa root type 10000=TP.DocumentArchive; mime=
CC-MAIN-2026-34-cdx-00221-1	68365f0b2e5c3acca9f8d4a0f5d46583e50fd57bd7977a38aaba1866d536371f	pages	pages	https://documents.artlogic.net/vivienneroberts/documents/40e9a3836bf299b43066377b3cd9b0c1.pages?access_key=692ad4aadb544dd7acd94083b2ef5935322725f2910afbf62ec96ce1671bea1c	https://data.commoncrawl.org/crawl-data/CC-MAIN-2026-34/segments/1786091385301.19/warc/CC-MAIN-20260810004910-20260810034910-00215.warc.gz	315409	cc payload verified; Document.iwa root type 10000=TP.DocumentArchive; mime=
CC-MAIN-2026-34-cdx-00173-15	ffd17f0a6dede1a84b8d32ad4ccb60a1389c3aea5d1e8ba305081b7ff65a199e	legacy	legacy-unknown	http://vislab-ccom.unh.edu/~schwehr/rt/present/25-r-statistics.key	https://data.commoncrawl.org/crawl-data/CC-MAIN-2026-34/segments/1786091386141.90/warc/CC-MAIN-20260816214409-20260817004409-00796.warc.gz	159242386	origin refetch (cc incomplete: truncated=True digest_ok=True zip_ok=False); legacy bundle: members=['index.apxl'] (pre-iWork-13); mime=
CC-MAIN-2026-34-cdx-00221-3	5c82aee24d64ebe06c9543a49dfb0a2ae4db6072f3488fc7eb8c0ce66589c12d	key	keynote	https://matthew.brecknell.net/posts/sel4-integrity-theorems/sel4-integrity-theorems.key	https://data.commoncrawl.org/crawl-data/CC-MAIN-2026-34/segments/1786091385861.46/warc/CC-MAIN-20260815212008-20260816002008-00886.warc.gz	3664161	cc payload verified; slide iwa present (Index/Slide-5676749.iwa); root type 1; mime=
CC-MAIN-2026-34-cdx-00221-4	56d7a840072e9a3165c8c9b86099bd16820f5c666fa5ba7e68915629484d1498	key	keynote	http://brianmclaren.net/wp-content/uploads/2018/04/santa-barbara-clergy.key	https://data.commoncrawl.org/crawl-data/CC-MAIN-2026-34/segments/1786091385322.54/warc/CC-MAIN-20260810065506-20260810095506-00040.warc.gz	3377753	cc payload verified; slide iwa present (Index/Slide-3.iwa); root type 1; mime=
CC-MAIN-2026-34-cdx-00173-16	0cf723af06ef96df9a55cd21b4e0dea04094137728e2d23cb53ff6e9a86009f0	legacy	legacy-unknown	http://vislab-ccom.unh.edu/~schwehr/rt/present/9-babel-bash-scripting.key	https://data.commoncrawl.org/crawl-data/CC-MAIN-2026-34/segments/1786091386141.90/warc/CC-MAIN-20260816214409-20260817004409-00683.warc.gz	15133031	origin refetch (cc incomplete: truncated=True digest_ok=True zip_ok=False); legacy bundle: members=['index.apxl'] (pre-iWork-13); mime=
CC-MAIN-2026-34-cdx-00221-5	51c6da51390e0c7245ce5a36819ea1fb6f5de40bdc6088bcdbd3f124dbf0b8ff	numbers	numbers	https://dvvfw3pu42z1e.cloudfront.net/assets/custom/001159/documents/power-of-3-template.numbers	https://data.commoncrawl.org/crawl-data/CC-MAIN-2026-34/segments/1786091679845.84/warc/CC-MAIN-20260818223410-20260819013410-00449.warc.gz	600746	cc payload verified; Document.iwa root type 1=TN.DocumentArchive; mime=
CC-MAIN-2026-34-cdx-00221-6	2995f2151b41e76ee6ed5b951c2955da76988981e7665d9ccf1948404efd0046	numbers	numbers	https://coco-lo.net/wpt/wp-content/uploads/5a692938559705ae720310e371e06a60.numbers	https://data.commoncrawl.org/crawl-data/CC-MAIN-2026-34/segments/1786091387120.69/warc/CC-MAIN-20260817065350-20260817095350-00158.warc.gz	820452	cc payload verified; Document.iwa root type 1=TN.DocumentArchive; mime=
CC-MAIN-2026-34-cdx-00221-7	76f95117ebe8bd78d79f68a547ce7bf5e5832f8964f05faced6ea1931cad0993	numbers	numbers	https://coco-lo.net/wpt/wp-content/uploads/f5f12bf4caf844704a85e0395db12240-1.numbers	https://data.commoncrawl.org/crawl-data/CC-MAIN-2026-34/segments/1786091387120.69/warc/CC-MAIN-20260817065350-20260817095350-00529.warc.gz	823230	cc payload verified; Document.iwa root type 1=TN.DocumentArchive; mime=
CC-MAIN-2026-34-cdx-00237-2	4047e81b0665ab68b875492ca97a46edb0eddad2857c8813674a03fc8c30b13f	pages	pages	https://www.bcss.org/wp-content/uploads/2026/07/BCSS-Call-for-Board-2026-Application-Package.pages	https://data.commoncrawl.org/crawl-data/CC-MAIN-2026-34/segments/1786091385010.77/warc/CC-MAIN-20260807175542-20260807205542-00043.warc.gz	1053269	cc payload verified; Document.iwa root type 10000=TP.DocumentArchive; mime=
CC-MAIN-2026-34-cdx-00253-1	87c43398c4aa69c332bfb050e4d59484c8eea0e83141c735a485ee24418da9eb	pages	pages	http://www.buch-car.pl/wp-content/uploads/2018/11/RODO-Polityka-Prywatnosci.pages	https://data.commoncrawl.org/crawl-data/CC-MAIN-2026-34/segments/1786091385757.91/warc/CC-MAIN-20260814205606-20260814235606-00762.warc.gz	779148	cc payload verified; Document.iwa root type 10000=TP.DocumentArchive; mime=
CC-MAIN-2026-34-cdx-00046-1	7c21d7cd1aa8fc69a5b3497697744af4b168f40fa905b74e3e9c0fdd0d1d6825	legacy	legacy-unknown	http://borkware.com/cocoaconf/humble-header.key	https://data.commoncrawl.org/crawl-data/CC-MAIN-2026-34/segments/1786091385565.71/warc/CC-MAIN-20260813081409-20260813111409-00966.warc.gz	2887401	cc payload verified; legacy bundle: members=['index.apxl'] (pre-iWork-13); mime=
CC-MAIN-2026-34-cdx-00046-2	72651d1ea621ec5c76bede4b6a850fb5bbbad2cc598d3e93647275f5a3374dc9	legacy	legacy-unknown	http://borkware.com/cocoaconf/InsideTheBracket.key	https://data.commoncrawl.org/crawl-data/CC-MAIN-2026-34/segments/1786091385565.71/warc/CC-MAIN-20260813081409-20260813111409-00854.warc.gz	693615	cc payload verified; legacy bundle: members=['index.apxl'] (pre-iWork-13); mime=
CC-MAIN-2026-34-cdx-00221-2	3b285bcea788add97710bc7bd071bf893f63fe14d9caac7008b810f1763c67b2	legacy	legacy-unknown	https://www.ausnog.net/sites/default/files/ausnog-2013/presentations/D02%20P01-BREWERJ-TVWS-TECH-RURAL-TCOM-APRICOT-2013.keynote.key	https://data.commoncrawl.org/crawl-data/CC-MAIN-2026-34/segments/1786091385295.50/warc/CC-MAIN-20260809214541-20260810004541-00271.warc.gz	49368842	origin refetch (cc incomplete: truncated=True digest_ok=True zip_ok=False); legacy bundle: members=['index.apxl'] (pre-iWork-13); mime=
CC-MAIN-2026-34-cdx-00237-1	23ea78a2a297d873b052af9c62d3efdd7023f20eea511a7859139447cbaeaae2	pages	pages	https://www.baldernockgarden.org/wp-content/uploads/Winter-is-coming-in-case-you-hadnt-noticed-BGC-NL-Dec-2025.pages	https://data.commoncrawl.org/crawl-data/CC-MAIN-2026-34/segments/1786091386141.90/warc/CC-MAIN-20260816214409-20260817004409-00408.warc.gz	15678396	origin refetch (cc incomplete: truncated=True digest_ok=True zip_ok=False); Document.iwa root type 10000=TP.DocumentArchive; mime=
CC-MAIN-2026-34-cdx-00062-1	288a7f8a380fea8f8a97e24bdfd2b130c95fa49a9507df18cd2d74af734a6f35	key	keynote	https://www.dyalog.com/uploads/conference/aplseeds22/presentations/U01_WhatIsAKmer.key	https://data.commoncrawl.org/crawl-data/CC-MAIN-2026-34/segments/1786091384908.68/warc/CC-MAIN-20260807101845-20260807131845-00955.warc.gz	1373284	cc payload verified; slide iwa present (Index/Slide-24054.iwa); root type 1; mime=
CC-MAIN-2026-34-cdx-00078-1	eba343cf501f063b2a813f5d7fb766a5ce613ea466d1541a5bafe69035f5fb0e	key	keynote	https://highfivecreate.com/download/sitemap_template.key	https://data.commoncrawl.org/crawl-data/CC-MAIN-2026-34/segments/1786091678553.88/warc/CC-MAIN-20260818193129-20260818223129-00192.warc.gz	757694	cc payload verified; slide iwa present (Index/MasterSlide-3637.iwa); root type 1; mime=
CC-MAIN-2026-34-cdx-00110-1	871561ec626d99185b00f8a04777064f82dd4a03ff73a8c23f7d48989888dcf1	legacy	legacy-unknown	http://www.our-true-story-book.com/Our-True-Story-Book_-_Chapter_02.pages	https://data.commoncrawl.org/crawl-data/CC-MAIN-2026-34/segments/1786091385738.18/warc/CC-MAIN-20260814144954-20260814174954-00057.warc.gz	194746	cc payload verified; legacy bundle: members=['index.xml'] (pre-iWork-13); mime=
CC-MAIN-2026-34-cdx-00110-2	5ba4e20b46cc8bc91b149b3a587966c1e1a8fe5942f3871b9d4d714b5219bc9d	legacy	legacy-unknown	http://www.our-true-story-book.com/Our-True-Story-Book_-_Chapter_05.pages	https://data.commoncrawl.org/crawl-data/CC-MAIN-2026-34/segments/1786091385738.18/warc/CC-MAIN-20260814144954-20260814174954-00804.warc.gz	375768	cc payload verified; legacy bundle: members=['index.xml'] (pre-iWork-13); mime=
CC-MAIN-2026-34-cdx-00110-3	6d4b69d17543b58397d26b929a847439fbe275a07052f36a6e0e2044b7352bfc	legacy	legacy-unknown	http://www.our-true-story-book.com/Our-True-Story-Book_-_Chapter_08.pages	https://data.commoncrawl.org/crawl-data/CC-MAIN-2026-34/segments/1786091385738.18/warc/CC-MAIN-20260814144954-20260814174954-00199.warc.gz	572986	cc payload verified; legacy bundle: members=['index.xml'] (pre-iWork-13); mime=
CC-MAIN-2026-34-cdx-00110-4	b60adf4fe06e8071f0a550ad871309c7e2c82709e7ea2d8a77d252bebed9c96e	legacy	legacy-unknown	http://www.our-true-story-book.com/Our-True-Story-Book_-_Chapter_105.pages	https://data.commoncrawl.org/crawl-data/CC-MAIN-2026-34/segments/1786091385738.18/warc/CC-MAIN-20260814144954-20260814174954-00259.warc.gz	1139833	cc payload verified; legacy bundle: members=['index.xml'] (pre-iWork-13); mime=
CC-MAIN-2026-34-cdx-00110-5	bee760000489c405030c19e447cd4c8f7b27e3ce330ef0fa8a64de1f523ebea8	legacy	legacy-unknown	http://www.our-true-story-book.com/Our-True-Story-Book_-_Chapter_111.pages	https://data.commoncrawl.org/crawl-data/CC-MAIN-2026-34/segments/1786091385738.18/warc/CC-MAIN-20260814144954-20260814174954-00518.warc.gz	1479225	cc payload verified; legacy bundle: members=['index.xml'] (pre-iWork-13); mime=
CC-MAIN-2026-34-cdx-00110-6	deb907198a51b200ad0709b729627ebbf9f9ff0f688bd1da1d1b3b87bda20e9f	legacy	legacy-unknown	http://www.our-true-story-book.com/Our-True-Story-Book_-_Chapter_14.pages	https://data.commoncrawl.org/crawl-data/CC-MAIN-2026-34/segments/1786091385738.18/warc/CC-MAIN-20260814144954-20260814174954-00458.warc.gz	536188	cc payload verified; legacy bundle: members=['index.xml'] (pre-iWork-13); mime=
CC-MAIN-2026-34-cdx-00110-7	f762da4a7dd87efb6d7bd52bf954ddd2237805386c7b80a16aec55b826204229	legacy	legacy-unknown	http://www.our-true-story-book.com/Our-True-Story-Book_-_Chapter_16.pages	https://data.commoncrawl.org/crawl-data/CC-MAIN-2026-34/segments/1786091385738.18/warc/CC-MAIN-20260814144954-20260814174954-00172.warc.gz	464664	cc payload verified; legacy bundle: members=['index.xml'] (pre-iWork-13); mime=
CC-MAIN-2026-34-cdx-00110-8	bc78d9b968acec45871ea11da11e35cfcf793016bafb878a1afa5bb7f331d1b5	legacy	legacy-unknown	http://www.our-true-story-book.com/Our-True-Story-Book_-_Chapter_21.pages	https://data.commoncrawl.org/crawl-data/CC-MAIN-2026-34/segments/1786091385738.18/warc/CC-MAIN-20260814144954-20260814174954-00750.warc.gz	474191	cc payload verified; legacy bundle: members=['index.xml'] (pre-iWork-13); mime=
CC-MAIN-2026-34-cdx-00110-9	e8fd8cb868f46d74b46d7a62f74d19d88a81707894e21fa7cf17014e607dbdd8	legacy	legacy-unknown	http://www.our-true-story-book.com/Our-True-Story-Book_-_Chapter_23.pages	https://data.commoncrawl.org/crawl-data/CC-MAIN-2026-34/segments/1786091385738.18/warc/CC-MAIN-20260814144954-20260814174954-00112.warc.gz	435487	cc payload verified; legacy bundle: members=['index.xml'] (pre-iWork-13); mime=
CC-MAIN-2026-34-cdx-00110-10	3fd8818b0ab85fd101754af21e397e391ca920f1ff1c0c321b2ee1ab8cb8666a	legacy	legacy-unknown	http://www.our-true-story-book.com/Our-True-Story-Book_-_Chapter_29.pages	https://data.commoncrawl.org/crawl-data/CC-MAIN-2026-34/segments/1786091385738.18/warc/CC-MAIN-20260814144954-20260814174954-00254.warc.gz	607499	cc payload verified; legacy bundle: members=['index.xml'] (pre-iWork-13); mime=
CC-MAIN-2026-34-cdx-00126-1	763799db62d43ac4906616516bc5dce98ed7e0292c1744ff074d21342de22068	legacy	legacy-unknown	http://www.shaikhmuhaiyaddeenabout.com/Our-True-Story-Song_-_Song_01-New.pages	https://data.commoncrawl.org/crawl-data/CC-MAIN-2026-34/segments/1786091385401.5/warc/CC-MAIN-20260811011751-20260811041751-00551.warc.gz	208028	cc payload verified; legacy bundle: members=['index.xml'] (pre-iWork-13); mime=
CC-MAIN-2026-34-cdx-00126-2	0671ac27a4bac78a4fb42f39c784912545958814fefe85c20582bfb5e46b14f2	pages	pages	https://www.shellnazihistory.com/wp-content/uploads/2018/08/Marcel-Metze.pages	https://data.commoncrawl.org/crawl-data/CC-MAIN-2026-34/segments/1786091385546.31/warc/CC-MAIN-20260813020609-20260813050609-00501.warc.gz	368760	cc payload verified; Document.iwa root type 10000=TP.DocumentArchive; mime=
CC-MAIN-2026-34-cdx-00142-1	7e31810eb36bf30d69c9a86d126884bbad9029cba1e0e52ae433e3d2f00c59fb	key	keynote	https://s.u-d-l.com/public/2/8/d/1c44ae-32a003-d9644d/UDL%E5%BA%94%E8%81%98%E8%80%85%E5%A7%93%E5%90%8D_%E5%BA%94%E8%81%98%E8%81%8C%E4%BD%8D_Team_%E5%9F%8E%E5%B8%82.key	https://data.commoncrawl.org/crawl-data/CC-MAIN-2026-34/segments/1786091385350.21/warc/CC-MAIN-20260810160426-20260810190426-00934.warc.gz	646575	cc payload verified; slide iwa present (Index/Slide-32.iwa); root type 1; mime=
CC-MAIN-2026-34-cdx-00046-5	05608cc0ed849bbbf4609351ea28d261b8987779058c64edddca230147a289c2	key	keynote	https://boydlighting.com/wp-content/uploads/2022/11/Modified-Boyd-1.key	https://data.commoncrawl.org/crawl-data/CC-MAIN-2026-34/segments/1786091385594.25/warc/CC-MAIN-20260813172703-20260813202703-00100.warc.gz	28268197	origin refetch (cc incomplete: truncated=True digest_ok=True zip_ok=False); slide iwa present (Index/Slide-6223780.iwa); root type 1; mime=
CC-MAIN-2026-34-cdx-00158-2	3a0187ff13e71e7e64f8c7419093613387cf9c342ea02fe4bb4e8d875fe768c1	pages	pages	https://cryptoparty-tuebingen.de/files/20260717/Quellen%20zu%20Vortrag.pages	https://data.commoncrawl.org/crawl-data/CC-MAIN-2026-34/segments/1786091385751.81/warc/CC-MAIN-20260814175232-20260814205232-00687.warc.gz	240772	cc payload verified; Document.iwa root type 10000=TP.DocumentArchive; mime=
CC-MAIN-2026-34-cdx-00158-1	1132f0aa39be85a2ec07ea7fc102c7ea11a7db1e0678086764b0cb3e08b1c9e8	numbers	numbers	https://clemens-august-schule-bonn.de/wp-content/uploads/2024/07/Leer-7.numbers	https://data.commoncrawl.org/crawl-data/CC-MAIN-2026-34/segments/1786091385546.31/warc/CC-MAIN-20260813020609-20260813050609-00622.warc.gz	13092544	origin refetch (cc incomplete: truncated=True digest_ok=True zip_ok=False); Document.iwa root type 1=TN.DocumentArchive; mime=
CC-MAIN-2026-34-cdx-00174-1	70699bd2790f9b3817b910f530598f2d1d7648db89f630dd5b931c143a7f98e8	key	keynote	https://makeabilitylab.cs.washington.edu/media/talks/Li_AltgeovizFacilitatingAccessibleGeovisualization_IEEEVIS2024_Talk.key	https://data.commoncrawl.org/crawl-data/CC-MAIN-2026-34/segments/1786091385964.96/warc/CC-MAIN-20260816123341-20260816153341-00551.warc.gz	265762099	origin refetch (cc incomplete: truncated=True digest_ok=True zip_ok=False); slide iwa present (Index/Slide-2644856.iwa); root type 1; mime=
CC-MAIN-2026-34-cdx-00174-2	43bcaba17b33a00d1c3c059dfa23f4da48770be452fc8c377e9eefc6c2c04da1	key	keynote	https://makeabilitylab.cs.washington.edu/media/talks/Su_FlymethroughHumanAiCollaborative3DIndoorMappingWithCommodityDrones_UIST2025_Talk.key	https://data.commoncrawl.org/crawl-data/CC-MAIN-2026-34/segments/1786091385964.96/warc/CC-MAIN-20260816123341-20260816153341-00525.warc.gz	820514092	origin refetch (cc incomplete: truncated=True digest_ok=True zip_ok=False); slide iwa present (Index/Slide-2652150.iwa); root type 1; mime=
CC-MAIN-2026-34-cdx-00174-3	073ab0e7f213243f1063c277a881e11a9a8cf127fc43a32c53000ddd6d0817d1	key	keynote	https://makeabilitylab.cs.washington.edu/media/talks/Su_SonifyarContextAwareSoundGenerationInAugmentedReality_UIST2024_Talk.key	https://data.commoncrawl.org/crawl-data/CC-MAIN-2026-34/segments/1786091385964.96/warc/CC-MAIN-20260816123341-20260816153341-00814.warc.gz	701234477	origin refetch (cc incomplete: truncated=True digest_ok=True zip_ok=False); slide iwa present (Index/Slide-2653467-2.iwa); root type 1; mime=
CC-MAIN-2026-34-cdx-00174-4	c3582f317d543011f761b0eecfcc6a87794781c46349333ffb571365ea9a5c06	key	keynote	https://events.icecube.wisc.edu/event/243/contributions/10698/attachments/8189/10764/ML_Delaware.key	https://data.commoncrawl.org/crawl-data/CC-MAIN-2026-34/segments/1786091682406.79/warc/CC-MAIN-20260819195004-20260819225004-00087.warc.gz	65282003	origin refetch (cc incomplete: truncated=True digest_ok=True zip_ok=False); slide iwa present (Index/Slide-4020928.iwa); root type 1; mime=
CC-MAIN-2026-34-cdx-00174-5	311219ee22843ad4795082aeac001a6aea149c103ed5a2a4dd2f43a7d64326da	legacy	legacy-unknown	https://events.icecube.wisc.edu/event/52/contributions/3509/attachments/2874/3154/MANTS_Cascade_Reconstruction.key	https://data.commoncrawl.org/crawl-data/CC-MAIN-2026-34/segments/1786091682406.79/warc/CC-MAIN-20260819195004-20260819225004-00136.warc.gz	46877840	origin refetch (cc incomplete: truncated=True digest_ok=True zip_ok=False); legacy bundle: members=['index.apxl'] (pre-iWork-13); mime=
CC-MAIN-2026-34-cdx-00174-8	7253a6d256ca442eb0b368bd788d830ad514a4f04a2b8a521251138e7ae0a110	numbers	numbers	https://online210.psych.wisc.edu/wp-content/uploads/PSY-210_Unit_Materials/PSY-210_Unit14_Materials/PSY-210_SummarySkills_Spreadsheet_Numbers.numbers	https://data.commoncrawl.org/crawl-data/CC-MAIN-2026-34/segments/1786091385301.19/warc/CC-MAIN-20260810004910-20260810034910-00405.warc.gz	866537	cc payload verified; Document.iwa root type 1=TN.DocumentArchive; mime=
CC-MAIN-2026-34-cdx-00174-9	0cfcdebc4521d2fdbeaa89517242f5fcf7c4d19786d864892668c90c7c8b1f03	legacy	legacy-unknown	https://dedis.cs.yale.edu/cloud/papers/hotdep13-iRec-slides.key	https://data.commoncrawl.org/crawl-data/CC-MAIN-2026-34/segments/1786091385010.77/warc/CC-MAIN-20260807175542-20260807205542-00893.warc.gz	2525540	cc payload verified; legacy bundle: members=['index.apxl'] (pre-iWork-13); mime=
CC-MAIN-2026-34-cdx-00174-6	23912d2b2649987ff2d0bac8548ac697a9db93eabd05e8ad7b149e893d7228be	key	keynote	https://events.icecube.wisc.edu/event/82/contributions/5229/attachments/4416/4837/radioDetectionIPA2017.key	https://data.commoncrawl.org/crawl-data/CC-MAIN-2026-34/segments/1786091682406.79/warc/CC-MAIN-20260819195004-20260819225004-00656.warc.gz	69511878	origin refetch (cc incomplete: truncated=True digest_ok=True zip_ok=False); slide iwa present (Index/Slide-82.iwa); root type 1; mime=
CC-MAIN-2026-34-cdx-00190-1	622e8ba26512c2dd1bb68cf98e038814c265e8c90fea0fb68edc2a4659afe71d	legacy	legacy-unknown	https://hep.physics.uoc.gr/Slides/Spring_2013/MansHenningson.key	https://data.commoncrawl.org/crawl-data/CC-MAIN-2026-34/segments/1786091385546.31/warc/CC-MAIN-20260813020609-20260813050609-00092.warc.gz	1586551	cc payload verified; legacy bundle: members=['index.apxl'] (pre-iWork-13); mime=
CC-MAIN-2026-34-cdx-00206-1	dc219ceef7bef226f564d80abc4dd201e896f63d01f059d16642f43ce8f8b362	pages	pages	http://www.tavernatregufi.it/download/autunno-inverno-2023-2024-43%20(1).pages	https://data.commoncrawl.org/crawl-data/CC-MAIN-2026-34/segments/1786091385258.30/warc/CC-MAIN-20260809184318-20260809214318-00580.warc.gz	267948	cc payload verified; Document.iwa root type 10000=TP.DocumentArchive; mime=
CC-MAIN-2026-34-cdx-00174-7	08081da5da88254fdeba66fd25d108dbfe8c6402124b6295a619e4fba42687cc	key	keynote	https://events.icecube.wisc.edu/event/84/contributions/5554/attachments/4704/5153/maxico.key	https://data.commoncrawl.org/crawl-data/CC-MAIN-2026-34/segments/1786091682406.79/warc/CC-MAIN-20260819195004-20260819225004-00486.warc.gz	65675553	origin refetch (cc incomplete: truncated=True digest_ok=True zip_ok=False); slide iwa present (Index/MasterSlide-3625.iwa); root type 1; mime=
CC-MAIN-2026-34-cdx-00206-2	0839b6d296730b6277bc92a8ebe9e5eaa15cf3f698bbb280be897622773b740b	pages	pages	https://master.unibo.it/nuovi-media-linguaggi-societa/it/il-master/scheda-titoli-2025_26.docx/@@download/file/Scheda%20titoli%20A.A.%202026_27.pages	https://data.commoncrawl.org/crawl-data/CC-MAIN-2026-34/segments/1786091387097.89/warc/CC-MAIN-20260817004738-20260817034738-00662.warc.gz	926558	cc payload verified; Document.iwa root type 10000=TP.DocumentArchive; mime=
CC-MAIN-2026-34-cdx-00206-4	c721e5e22dbe60469507099d69f6fbfd7973ae5d3e1e3c52951a821e7ab2c44b	numbers	numbers	https://twiki.di.uniroma1.it/pub/Intro_algo/AD/WebHome/MatEs22Marzo18.numbers	https://data.commoncrawl.org/crawl-data/CC-MAIN-2026-34/segments/1786091385311.32/warc/CC-MAIN-20260810035143-20260810065143-00582.warc.gz	587828	cc payload verified; Document.iwa root type 1=TN.DocumentArchive; mime=
CC-MAIN-2026-34-cdx-00206-6	3383a82d3b324a6c55fd4c0aa429c2a411783a7caa12eaf602e673cf4ea0b49d	numbers	numbers	https://twiki.di.uniroma1.it/pub/Intro_algo/AD/WebHome/PrenIntrAlgGiu19.numbers	https://data.commoncrawl.org/crawl-data/CC-MAIN-2026-34/segments/1786091385311.32/warc/CC-MAIN-20260810035143-20260810065143-00295.warc.gz	766720	cc payload verified; Document.iwa root type 1=TN.DocumentArchive; mime=
CC-MAIN-2026-34-cdx-00206-5	799368e38f7f0f0cd2023c1b2dbca0bf5a42168a45b36328713baeae83691fe4	key	keynote	https://twiki.di.uniroma1.it/pub/Intro_algo/AD/WebHome/OperazioniHaep.key	https://data.commoncrawl.org/crawl-data/CC-MAIN-2026-34/segments/1786091385311.32/warc/CC-MAIN-20260810035143-20260810065143-00043.warc.gz	578688	cc payload verified; slide iwa present (Index/MasterSlide.iwa); root type 1; mime=
CC-MAIN-2026-34-cdx-00222-2	6d8a150085b3d1712dede0e8471683f8d91edb2928ac12c7f5c203f195e18262	pages	pages	https://sites.create-cdn.net/sitefiles/68/5/6/685601/2020_data_protection_membership_form_info.pages	https://data.commoncrawl.org/crawl-data/CC-MAIN-2026-34/segments/1786091385751.81/warc/CC-MAIN-20260814175232-20260814205232-00150.warc.gz	474668	cc payload verified; Document.iwa root type 10000=TP.DocumentArchive; mime=
CC-MAIN-2026-34-cdx-00206-7	b48e519e154a979b78db40c476fabe09b968aacfb0c89a1ba0c5677249be7b8c	pages	pages	https://viadellacreativita.it/wp-content/uploads/2025/08/Via-della-Creativita-Bando-7-ita.pages	https://data.commoncrawl.org/crawl-data/CC-MAIN-2026-34/segments/1786091385582.55/warc/CC-MAIN-20260813142326-20260813172326-00234.warc.gz	1404737	cc payload verified; Document.iwa root type 10000=TP.DocumentArchive; mime=
CC-MAIN-2026-34-cdx-00222-1	dec2eb5e02187dcb0bcb7475f051b9af10e75d632fd8bd5ec716643a18e24f14	pages	pages	https://www.cornerstonecommunity.net/wp-content/uploads/2022/02/2.13-Outline.pages	https://data.commoncrawl.org/crawl-data/CC-MAIN-2026-34/segments/1786091385010.77/warc/CC-MAIN-20260807175542-20260807205542-00924.warc.gz	674116	cc payload verified; Document.iwa root type 10000=TP.DocumentArchive; mime=
CC-MAIN-2026-34-cdx-00222-3	dfd8d16858a94072ab808aa6934f6dcb4804332c6b88bcff90f7e0c6916bc96d	numbers	numbers	https://assets.ctfassets.net/mb2ty0185mk8/4jjqJPe2BEwJNCIikrU4JP/632c55daf3f235b5e02d597e65a4fe8d/ServiceTitan_Marketing_Pro_-__Non-Linked_Campaign_Mapping_Rules.numbers	https://data.commoncrawl.org/crawl-data/CC-MAIN-2026-34/segments/1786091385800.97/warc/CC-MAIN-20260814235839-20260815025839-00787.warc.gz	241873	cc payload verified; Document.iwa root type 1=TN.DocumentArchive; mime=
CC-MAIN-2026-34-cdx-00222-4	bbd6db163060068b56650d50d3dfca082b7ab6fdab5ce1f9443a4dd51c4fa076	key	keynote	https://indico.dns-oarc.net/event/46/contributions/1005/attachments/950/1766/DNS%20centrality.key	https://data.commoncrawl.org/crawl-data/CC-MAIN-2026-34/segments/1786091385322.54/warc/CC-MAIN-20260810065506-20260810095506-00875.warc.gz	1208201	cc payload verified; slide iwa present (Index/Slide-25513.iwa); root type 1; mime=
CC-MAIN-2026-34-cdx-00222-7	78c13c00986e2016bc255d9dd8230c74235810236e49d833829b7389e71c7d61	legacy	legacy-unknown	https://www.dueweke.net/uploads/6/8/1/2/6812583/star-fire.pages	https://data.commoncrawl.org/crawl-data/CC-MAIN-2026-34/segments/1786091385184.15/warc/CC-MAIN-20260808182008-20260808212008-00658.warc.gz	89525	cc payload verified; legacy bundle: members=['index.xml'] (pre-iWork-13); mime=
CC-MAIN-2026-34-cdx-00222-6	d090f2a9e123eb10699947199aa79562d6e3bce0e6fed24da32fcc8ba0d5f24a	key	keynote	https://indico.dns-oarc.net/event/51/contributions/1129/attachments/1078/2189/DATA.key	https://data.commoncrawl.org/crawl-data/CC-MAIN-2026-34/segments/1786091385582.55/warc/CC-MAIN-20260813142326-20260813172326-00153.warc.gz	965453	cc payload verified; slide iwa present (Index/Slide-14367.iwa); root type 1; mime=
CC-MAIN-2026-34-cdx-00222-15	b7612f4a779fedf6424db30c42f16ba4ab7ec071d09f83d9e9e73b5391429fd1	pages	pages	https://dfait.federalrepublicofwestpapua.net/wp-content/uploads/2021/07/JFK-vs-Allen-Dulles-Review-Louise-Byrne.pages	https://data.commoncrawl.org/crawl-data/CC-MAIN-2026-34/segments/1786091385166.7/warc/CC-MAIN-20260808151638-20260808181638-00187.warc.gz	921351	cc payload verified; Document.iwa root type 10000=TP.DocumentArchive; mime=
CC-MAIN-2026-34-cdx-00222-14	1d3f1667cd272cba73041c3dcd4986e0497d66d16c35a2713f400be48ef01997	pages	pages	https://www.feature3.net/wp-content/uploads/2023/06/SEO-SoccerDays-Content.pages	https://data.commoncrawl.org/crawl-data/CC-MAIN-2026-34/segments/1786091385295.50/warc/CC-MAIN-20260809214541-20260810004541-00230.warc.gz	843837	cc payload verified; Document.iwa root type 10000=TP.DocumentArchive; mime=
CC-MAIN-2026-34-cdx-00222-5	fb218152b2f85a761d679b6c841ebb76e9752c500c68f8ec6c58d12e3fc905db	key	keynote	https://indico.dns-oarc.net/event/46/contributions/977/attachments/934/1773/OARC-aggr-nsec3-presentation.key	https://data.commoncrawl.org/crawl-data/CC-MAIN-2026-34/segments/1786091385322.54/warc/CC-MAIN-20260810065506-20260810095506-00090.warc.gz	5629585	origin refetch (cc incomplete: truncated=True digest_ok=True zip_ok=False); slide iwa present (Index/Slide-5263-2.iwa); root type 1; mime=
CC-MAIN-2026-34-cdx-00238-2	44d11ec89c328286f5d4dd60c2c61f8dcab1cff5e2c014e7c026bf45b63e401b	pages	pages	https://www.canineassistants.org/wp-content/uploads/2022/03/Financial-Aid-Application-2022-23.pages	https://data.commoncrawl.org/crawl-data/CC-MAIN-2026-34/segments/1786091385460.47/warc/CC-MAIN-20260812074805-20260812104805-00199.warc.gz	883749	cc payload verified; Document.iwa root type 10000=TP.DocumentArchive; mime=
CC-MAIN-2026-34-cdx-00238-4	bbc4fc99ae8cb6bace8fe809e005c54ed71bee32a3f916d73bb58fa9aa6ecaf3	numbers	numbers	https://files.causeofamerica.org/docs/2020%20UT%20Utah%20clerk%20transactions%20summary%20election%20personnel.numbers	https://data.commoncrawl.org/crawl-data/CC-MAIN-2026-34/segments/1786091385328.58/warc/CC-MAIN-20260810130157-20260810160157-00199.warc.gz	108410	cc payload verified; Document.iwa root type 1=TN.DocumentArchive; mime=
CC-MAIN-2026-34-cdx-00238-1	ec3d89eb701aa7426fdc6fca1204cee86e03af7ec717bae67224bc37ede8347c	numbers	numbers	https://www.cambridgecitywide.org/uploads/1/2/5/9/125984883/cambridge_property_database_fy2016__2__3.numbers	https://data.commoncrawl.org/crawl-data/CC-MAIN-2026-34/segments/1786091387114.72/warc/CC-MAIN-20260817035111-20260817065111-00091.warc.gz	22142281	origin refetch (cc incomplete: truncated=True digest_ok=True zip_ok=False); Document.iwa root type 1=TN.DocumentArchive; mime=
CC-MAIN-2026-34-cdx-00238-6	a12887dc38e597dd71eb33a7d8628c08d94db6d9d98c02005c8cd3ed3a109a0c	numbers	numbers	https://files.causeofamerica.org/docs/2021-co-el-paso-county-voting-equipment-components-jvslch2.csv.numbers	https://data.commoncrawl.org/crawl-data/CC-MAIN-2026-34/segments/1786091385328.58/warc/CC-MAIN-20260810130157-20260810160157-00602.warc.gz	246321	cc payload verified; Document.iwa root type 1=TN.DocumentArchive; mime=
CC-MAIN-2026-34-cdx-00238-3	7806f02c39e2f2ac116ebcee98b634fb5d5a108e9b8102c308462124569fa8c9	numbers	numbers	https://files.causeofamerica.org/docs/2019-co-sos-rla-cvr-to-audit-board-comparison-round-3.numbers	https://data.commoncrawl.org/crawl-data/CC-MAIN-2026-34/segments/1786091385328.58/warc/CC-MAIN-20260810130157-20260810160157-00019.warc.gz	15041108	origin refetch (cc incomplete: truncated=True digest_ok=True zip_ok=False); Document.iwa root type 1=TN.DocumentArchive; mime=
CC-MAIN-2026-34-cdx-00238-8	04a201224e162fa5d70b029f4499df9b109387fb86055ce1c8b3bf0a32788f31	numbers	numbers	https://files.causeofamerica.org/docs/2022-co-cdos-sos-primary-election-ballot-manifest-by-county-cheyenne.csv.numbers	https://data.commoncrawl.org/crawl-data/CC-MAIN-2026-34/segments/1786091385328.58/warc/CC-MAIN-20260810130157-20260810160157-00924.warc.gz	200236	cc payload verified; Document.iwa root type 1=TN.DocumentArchive; mime=
CC-MAIN-2026-34-cdx-00238-7	3f213b07fda96b9235206a3f2eb7d01065940c7a7a8b26641b2677d193319329	numbers	numbers	https://files.causeofamerica.org/docs/2022%20UT%20Lt%20Gov%20HAVA%20HHS%20Transactions.numbers	https://data.commoncrawl.org/crawl-data/CC-MAIN-2026-34/segments/1786091385328.58/warc/CC-MAIN-20260810130157-20260810160157-00063.warc.gz	153225	cc payload verified; Document.iwa root type 1=TN.DocumentArchive; mime=
CC-MAIN-2026-34-cdx-00238-9	46707051c7b2ce2f5eb4c67aa6ee72ad413b0ea4d95084f76ddae5d835373003	numbers	numbers	https://files.causeofamerica.org/docs/2022-co-cdos-sos-primary-election-ballot-manifest-by-county-gilpin.csv.numbers	https://data.commoncrawl.org/crawl-data/CC-MAIN-2026-34/segments/1786091385328.58/warc/CC-MAIN-20260810130157-20260810160157-00494.warc.gz	180095	cc payload verified; Document.iwa root type 1=TN.DocumentArchive; mime=
CC-MAIN-2026-34-cdx-00238-5	cd433d56b8bc2893d044288c75f50aa88a1a80842ad8d9493f9cbb6feaf2b7c7	numbers	numbers	https://files.causeofamerica.org/docs/2020-co-sos-rla-cvr-to-audit-board-interpretation-comparison-round-1-primary-election.numbers	https://data.commoncrawl.org/crawl-data/CC-MAIN-2026-34/segments/1786091385328.58/warc/CC-MAIN-20260810130157-20260810160157-00835.warc.gz	14679959	origin refetch (cc incomplete: truncated=True digest_ok=True zip_ok=False); Document.iwa root type 1=TN.DocumentArchive; mime=
CC-MAIN-2026-34-cdx-00238-11	c9d1c077b89714586f6510deb9c82bbd9ec4be33c4d19ec928e4bccba10aae12	numbers	numbers	https://files.causeofamerica.org/docs/UND%20Dominion%20DVS%20Equipment%20Specs%202299HD2.numbers	https://data.commoncrawl.org/crawl-data/CC-MAIN-2026-34/segments/1786091385328.58/warc/CC-MAIN-20260810130157-20260810160157-00710.warc.gz	262957	cc payload verified; Document.iwa root type 1=TN.DocumentArchive; mime=
CC-MAIN-2026-34-cdx-00238-10	e2a16a0c8b4e1b7288c46a7e464bac96022328ba5271bd33837a2d28b61f80f3	numbers	numbers	https://files.causeofamerica.org/docs/2022-co-cdos-sos-primary-election-contests-list-rla-round-1.csv.numbers	https://data.commoncrawl.org/crawl-data/CC-MAIN-2026-34/segments/1786091385328.58/warc/CC-MAIN-20260810130157-20260810160157-00874.warc.gz	572812	cc payload verified; Document.iwa root type 1=TN.DocumentArchive; mime=
CC-MAIN-2026-34-cdx-00238-12	e919039e28968fb4bd9e1a48e837dd07f24016ced4c28857eb2cda1530f30ddb	numbers	numbers	https://files.causeofamerica.org/docs/UND%20Dominion%20DVS%20Equipment%20Specs%203D624L2.numbers	https://data.commoncrawl.org/crawl-data/CC-MAIN-2026-34/segments/1786091385328.58/warc/CC-MAIN-20260810130157-20260810160157-00973.warc.gz	243041	cc payload verified; Document.iwa root type 1=TN.DocumentArchive; mime=
CC-MAIN-2026-34-cdx-00238-13	e138671a9f2b281f2346bd07f6a7b1f699a6c8df27c3dc2d3bb80f69b7644b85	numbers	numbers	https://cdrky.org/wp-content/uploads/911-Budget-2017-2022-Calculator.numbers	https://data.commoncrawl.org/crawl-data/CC-MAIN-2026-34/segments/1786091681394.92/warc/CC-MAIN-20260819164830-20260819194830-00987.warc.gz	304174	cc payload verified; Document.iwa root type 1=TN.DocumentArchive; mime=
CC-MAIN-2026-34-cdx-00238-18	7234b7200f39384feb17d87f128096ffd6e584ecc56f5f6bb1f2e3663b7c70be	pages	pages	https://www.chattahoocheeplantationwomensclub.org/uploads/1/4/6/5/14653894/diy_beauty_ingredients.pages	https://data.commoncrawl.org/crawl-data/CC-MAIN-2026-34/segments/1786091384964.66/warc/CC-MAIN-20260807103001-20260807133001-00257.warc.gz	327940	cc payload verified; Document.iwa root type 10000=TP.DocumentArchive; mime=
CC-MAIN-2026-34-cdx-00238-19	fabc81c683aedd5b3ab9fd92993e290441b63ab91ebbee03b3dfafdf770ce11c	pages	pages	https://www.chattahoocheeplantationwomensclub.org/uploads/1/4/6/5/14653894/diy_beauty_resources.pages	https://data.commoncrawl.org/crawl-data/CC-MAIN-2026-34/segments/1786091384964.66/warc/CC-MAIN-20260807103001-20260807133001-00876.warc.gz	128178	cc payload verified; Document.iwa root type 10000=TP.DocumentArchive; mime=
CC-MAIN-2026-34-cdx-00238-21	7ff689dad47a63922223beb67905e7f02e3d9ca55f9d042c59854b281fc6d584	pages	pages	https://www.clia1995.org/uploads/1/0/5/6/105624705/login_instructions_for_students_-_3-2020.pages	https://data.commoncrawl.org/crawl-data/CC-MAIN-2026-34/segments/1786091385464.24/warc/CC-MAIN-20260812105035-20260812135035-00994.warc.gz	865936	cc payload verified; Document.iwa root type 10000=TP.DocumentArchive; mime=
CC-MAIN-2026-34-cdx-00238-20	00f424565b502dbf541ade1fefc555771baa4fdbc50e108ca3cf49caf39c335c	pages	pages	https://www.chattahoocheeplantationwomensclub.org/uploads/1/4/6/5/14653894/diy_lotions_oils_and_make-up.pages	https://data.commoncrawl.org/crawl-data/CC-MAIN-2026-34/segments/1786091384964.66/warc/CC-MAIN-20260807103001-20260807133001-00625.warc.gz	155097	cc payload verified; Document.iwa root type 10000=TP.DocumentArchive; mime=
CC-MAIN-2026-34-cdx-00254-1	1bd116a4fa8fe7e5ea5406b0acb7e65412ae7d191dba95583919bdec8855df87	pages	pages	https://domaukcyjnyiglica.pl/wp-content/uploads/2024/09/umowa-przyjecia-dziela.pages	https://data.commoncrawl.org/crawl-data/CC-MAIN-2026-34/segments/1786091385543.75/warc/CC-MAIN-20260812230232-20260813020232-00725.warc.gz	850735	cc payload verified; Document.iwa root type 10000=TP.DocumentArchive; mime=
CC-MAIN-2026-34-cdx-00238-23	7454cac632a1379adb88cc67a3b5ec000827d0b1d19c32c47a5b0636ad79db1e	legacy	legacy-unknown	http://www.cmc3.org/conferences/past/2013/fall/presentations/pat_mckeague.key	https://data.commoncrawl.org/crawl-data/CC-MAIN-2026-34/segments/1786091385582.55/warc/CC-MAIN-20260813142326-20260813172326-00140.warc.gz	3727002	cc payload verified; legacy bundle: members=['index.apxl'] (pre-iWork-13); mime=
CC-MAIN-2026-34-cdx-00238-22	2406adf5cf9996552c12158bb3b22667622326a4447bbc8ce6ee4a615521eaa1	key	keynote	https://indico.cmb-s4.org/event/51/contributions/1339/subcontributions/124/attachments/975/2487/S4_IPR.key	https://data.commoncrawl.org/crawl-data/CC-MAIN-2026-34/segments/1786091385328.36/warc/CC-MAIN-20260810095832-20260810125832-00101.warc.gz	10147864	origin refetch (cc incomplete: truncated=True digest_ok=True zip_ok=False); slide iwa present (Index/Slide-2644420.iwa); root type 1; mime=
CC-MAIN-2026-34-cdx-00254-2	06249ae8f67f68773eb96ed220521eb9d63c9ebb020e83e2eab4fe0d91526106	key	keynote	https://indico.meson.if.uj.edu.pl/event/3/contributions/288/attachments/173/409/Krakow-Pub-Talk_24_06_2023.key	https://data.commoncrawl.org/crawl-data/CC-MAIN-2026-34/segments/1786091678506.74/warc/CC-MAIN-20260818162855-20260818192855-00423.warc.gz	198845198	origin refetch (cc incomplete: truncated=True digest_ok=True zip_ok=False); slide iwa present (Index/Slide-179-2.iwa); root type 1; mime=
CC-MAIN-2026-34-cdx-00015-2	c184e5a76807b5f7faadc9bb66389562c568a7964107f802f8724cd50553b403	key	keynote	https://ipbriopreto.org.br/downloads/ppd-02-2024.key	https://data.commoncrawl.org/crawl-data/CC-MAIN-2026-34/segments/1786091385961.45/warc/CC-MAIN-20260816093115-20260816123115-00175.warc.gz	3372596	cc payload verified; slide iwa present (Index/Slide-82744.iwa); root type 1; mime=
CC-MAIN-2026-34-cdx-00173-7	e7b799f765f292cfc3dae10fa548b0a20116fd7bd909b79a661adaf86b470f31	key	keynote	https://graphics.stanford.edu/projects/wavesolver/assets/wavesolver2018_v7.key	https://data.commoncrawl.org/crawl-data/CC-MAIN-2026-34/segments/1786091385438.28/warc/CC-MAIN-20260811193657-20260811223657-00133.warc.gz	506885405	origin refetch (cc incomplete: truncated=True digest_ok=True zip_ok=False); slide iwa present (Index/Slide-66.iwa); root type 1; mime=
CC-MAIN-2026-34-cdx-00015-1	af8b2da1d5ec43c06b96ae112046298c7f1db45d53b4c7ac35e2cf09aa4ca775	key	keynote	https://ipbriopreto.org.br/downloads/ppd-00-2024.key	https://data.commoncrawl.org/crawl-data/CC-MAIN-2026-34/segments/1786091672082.57/warc/CC-MAIN-20260817130242-20260817160242-00185.warc.gz	17638705	origin refetch (cc incomplete: truncated=True digest_ok=True zip_ok=False); slide iwa present (Index/Slide-16776.iwa); root type 1; mime=
CC-MAIN-2026-34-cdx-00015-5	6b0473ef498e6aae632b215f3802f76c2d4fae0eccea7ff04b0b321cd064728a	key	keynote	https://ipbriopreto.org.br/downloads/ppd-09-2024.key	https://data.commoncrawl.org/crawl-data/CC-MAIN-2026-34/segments/1786091385993.82/warc/CC-MAIN-20260816183940-20260816213940-00640.warc.gz	5050010	cc payload verified; slide iwa present (Index/Slide-82744.iwa); root type 1; mime=
CC-MAIN-2026-34-cdx-00015-3	be349b2048139dd8018a41d7a7dcab0f2f1a9490986a9186b673ea045b9ff0b1	key	keynote	https://ipbriopreto.org.br/downloads/ppd-05-2024.key	https://data.commoncrawl.org/crawl-data/CC-MAIN-2026-34/segments/1786091385961.45/warc/CC-MAIN-20260816093115-20260816123115-00660.warc.gz	5507516	origin refetch (cc incomplete: truncated=True digest_ok=True zip_ok=False); slide iwa present (Index/Slide-82744.iwa); root type 1; mime=
CC-MAIN-2026-34-cdx-00047-1	6594d75f99b665342463f549fd48cbf989966d9d28b2d2580bc6945f18942822	key	keynote	https://www.brendanmartin.com/wp-content/uploads/2019/10/prince2agile.key	https://data.commoncrawl.org/crawl-data/CC-MAIN-2026-34/segments/1786091678553.88/warc/CC-MAIN-20260818193129-20260818223129-00458.warc.gz	472557	cc payload verified; slide iwa present (Index/MasterSlide-9093.iwa); root type 1; mime=
CC-MAIN-2026-34-cdx-00015-4	b9c4288d0256b987be801f77c754323d7c95cef332716068467dda9e977ed72e	key	keynote	https://ipbriopreto.org.br/downloads/ppd-08-2024.key	https://data.commoncrawl.org/crawl-data/CC-MAIN-2026-34/segments/1786091673393.86/warc/CC-MAIN-20260817160715-20260817190715-00145.warc.gz	6294761	origin refetch (cc incomplete: truncated=True digest_ok=True zip_ok=False); slide iwa present (Index/Slide-82744.iwa); root type 1; mime=
CC-MAIN-2026-34-cdx-00047-3	7160af8889a1e3f965a7d39a421d1392ae99a5063c66602d07416dc22c4f92ea	pages	pages	https://catering.bunksandwiches.com/wp-content/uploads/2026/07/Delivery-Fees-Pages-.pages	https://data.commoncrawl.org/crawl-data/CC-MAIN-2026-34/segments/1786091385964.96/warc/CC-MAIN-20260816123341-20260816153341-00508.warc.gz	151394	cc payload verified; Document.iwa root type 10000=TP.DocumentArchive; mime=
CC-MAIN-2026-34-cdx-00031-1	494113af7010ba28b74bb2c3174d43723f340a6dd38f42fa4343101489f2aa6e	pages	pages	http://agility-hundeschule.com/.cm4all/uproc.php/0/Flugblatt%20-%20Termine%202018.pages?cdp=a&_=161000d0608	https://data.commoncrawl.org/crawl-data/CC-MAIN-2026-34/segments/1786091678506.74/warc/CC-MAIN-20260818162855-20260818192855-00066.warc.gz	2424717	cc payload verified; Document.iwa root type 10000=TP.DocumentArchive; mime=
CC-MAIN-2026-34-cdx-00015-6	5089b9c75d798da688e6d239e860db1ec7075907843891fd8307a5013edaee74	key	keynote	https://ipbriopreto.org.br/downloads/ppd-12-2024.key	https://data.commoncrawl.org/crawl-data/CC-MAIN-2026-34/segments/1786091385961.45/warc/CC-MAIN-20260816093115-20260816123115-00464.warc.gz	5537127	origin refetch (cc incomplete: truncated=True digest_ok=True zip_ok=False); slide iwa present (Index/Slide-82744.iwa); root type 1; mime=
CC-MAIN-2026-34-cdx-00063-1	a720beed1ab23f4520e5e8bb93d944cd7a472840c7535b28dc255db7e8762d40	numbers	numbers	https://egmtemperingga.com/wp-content/uploads/2026/04/PATTERN-SUBMITTAL-FORM-2015.numbers	https://data.commoncrawl.org/crawl-data/CC-MAIN-2026-34/segments/1786091385223.27/warc/CC-MAIN-20260809093337-20260809123337-00227.warc.gz	800465	cc payload verified; Document.iwa root type 1=TN.DocumentArchive; mime=
CC-MAIN-2026-34-cdx-00047-2	2cad108d0a4cc1a69ef4e7d1934eeca5785045dc689b0ec5f2c32a0158bd5f62	key	keynote	https://brionnedavisglobal.com/wp-content/uploads/2020/10/Brionnes-ONLINE-COURSE-.key	https://data.commoncrawl.org/crawl-data/CC-MAIN-2026-34/segments/1786091385961.45/warc/CC-MAIN-20260816093115-20260816123115-00243.warc.gz	34692763	origin refetch (cc incomplete: truncated=True digest_ok=True zip_ok=False); slide iwa present (Index/MasterSlide.iwa); root type 1; mime=
CC-MAIN-2026-34-cdx-00079-2	f79528af4410384aca58669555b4250dec73d1b27a3c54b7a562cca4662bb9dc	pages	pages	https://www.homeworkforyou.com/static_media/uploadedfiles/BIOL%202402%20Research%20Project.pages	https://data.commoncrawl.org/crawl-data/CC-MAIN-2026-34/segments/1786091385184.15/warc/CC-MAIN-20260808182008-20260808212008-00444.warc.gz	848572	cc payload verified; Document.iwa root type 10000=TP.DocumentArchive; mime=
CC-MAIN-2026-34-cdx-00079-1	66ba951f59eafd09c5b6bfd43702d1f3697db6f33e3c448dfaae0750f672baf3	numbers	numbers	https://www.hokudaicoach.com/wp-content/uploads/2021/12/2eedc9f2649ca63bc36646e1bd19dad7.numbers	https://data.commoncrawl.org/crawl-data/CC-MAIN-2026-34/segments/1786091385710.35/warc/CC-MAIN-20260814114419-20260814144419-00889.warc.gz	1241479	cc payload verified; Document.iwa root type 1=TN.DocumentArchive; mime=
CC-MAIN-2026-34-cdx-00111-1	774ab3e72672b7831f8bb02deb54f99baed7c528701be30a0e161dbdb43896ec	pages	pages	https://data.over-blog-kiwi.com/2/41/28/12/20260119/ob_882afe_affiche-biqualif-2026.pages	https://data.commoncrawl.org/crawl-data/CC-MAIN-2026-34/segments/1786091385415.17/warc/CC-MAIN-20260811072451-20260811102451-00832.warc.gz	4095299	cc payload verified; Document.iwa root type 10000=TP.DocumentArchive; mime=
CC-MAIN-2026-34-cdx-00143-1	d1d5888a10f218e812920e4e74e91de3f68cad349b3bb30ee669e282c1fb407c	pages	pages	https://www.unitedstatesdarts.com/uploads/1/1/7/6/117662226/cnn_darts_in_america.pages	https://data.commoncrawl.org/crawl-data/CC-MAIN-2026-34/segments/1786091385982.61/warc/CC-MAIN-20260816153610-20260816183610-00315.warc.gz	645555	cc payload verified; Document.iwa root type 10000=TP.DocumentArchive; mime=
CC-MAIN-2026-34-cdx-00079-4	603c676d57f4ad28e1d62580b463356638ed82bdf32d4c3dd3923873235adbd5	numbers	numbers	https://www.homeworkforyou.com/static_media/uploadedfiles/Research%20Project%20List%20of%20Conditions.numbers	https://data.commoncrawl.org/crawl-data/CC-MAIN-2026-34/segments/1786091385184.15/warc/CC-MAIN-20260808182008-20260808212008-00880.warc.gz	717904	cc payload verified; Document.iwa root type 1=TN.DocumentArchive; mime=
CC-MAIN-2026-34-cdx-00079-5	aa9c0057b23dcf2f4add21a0d10074ddf8366f05b35c9c657906083075f1583c	pages	pages	https://www.homeworkforyou.com/static_media/uploadedfiles/temp%20asign%201%20pro%201175.pages	https://data.commoncrawl.org/crawl-data/CC-MAIN-2026-34/segments/1786091385993.82/warc/CC-MAIN-20260816183940-20260816213940-00339.warc.gz	102602	cc payload verified; Document.iwa root type 10000=TP.DocumentArchive; mime=
CC-MAIN-2026-34-cdx-00143-2	fee5410949c0dbc5ff82f32665d6e164954a2c286bac1de8a160853f6ecbdf65	pages	pages	https://www.valleyfieldfarm.com/wp-content/uploads/2025/05/Valleyfield-single-dose-Breeding-contracy-2025.pages	https://data.commoncrawl.org/crawl-data/CC-MAIN-2026-34/segments/1786091385607.42/warc/CC-MAIN-20260813202929-20260813232929-00324.warc.gz	703044	cc payload verified; Document.iwa root type 10000=TP.DocumentArchive; mime=
CC-MAIN-2026-34-cdx-00143-3	faae56ee6748f49796de35c0260b048d1a37d2d3686d609b82d129adba958433	pages	pages	https://www.valleywoodturners.com/uploads/7/0/0/1/70010729/dale_larson_works.pages	https://data.commoncrawl.org/crawl-data/CC-MAIN-2026-34/segments/1786091680284.93/warc/CC-MAIN-20260819043921-20260819073921-00903.warc.gz	5544188	origin refetch (cc incomplete: truncated=True digest_ok=True zip_ok=False); Document.iwa root type 10000=TP.DocumentArchive; mime=
CC-MAIN-2026-34-cdx-00159-2	b3424357900bcfe927c9a211aa60d0a7cd6c9e28d0e3760c0b27ab5464a982d7	pages	pages	https://www.ebrief.de/uploads/Vorlage_e_Brief_Schadensmeldung_DE_01_2026_5913cc6c45.pages	https://data.commoncrawl.org/crawl-data/CC-MAIN-2026-34/segments/1786091385223.27/warc/CC-MAIN-20260809093337-20260809123337-00860.warc.gz	716125	cc payload verified; Document.iwa root type 10000=TP.DocumentArchive; mime=
CC-MAIN-2026-34-cdx-00159-1	1790a30e7982d64c2592310092768f9cc7bbaff4f58d9f1b6dffcaa09047f403	pages	pages	https://www.ebrief.de/uploads/Vorlage_e_Brief_DE_01_2026_dfedecb6f9.pages	https://data.commoncrawl.org/crawl-data/CC-MAIN-2026-34/segments/1786091385223.27/warc/CC-MAIN-20260809093337-20260809123337-00278.warc.gz	716300	cc payload verified; Document.iwa root type 10000=TP.DocumentArchive; mime=
CC-MAIN-2026-34-cdx-00207-2	23f294e7ca3223dfa6d15311e6a6495ed1327e46460de377f24ddef9db7ccff0	pages	pages	https://i-campus.hokkyodai.ac.jp/hug/.assets/HUG%E4%BD%BF%E7%94%A8%E7%94%B3%E8%BE%BC%E6%9B%B8%28%E5%AD%A6%E5%A4%96%E8%80%85%E7%94%A8%29.pages	https://data.commoncrawl.org/crawl-data/CC-MAIN-2026-34/segments/1786091385439.63/warc/CC-MAIN-20260811223931-20260812013931-00574.warc.gz	848546	cc payload verified; Document.iwa root type 10000=TP.DocumentArchive; mime=
CC-MAIN-2026-34-cdx-00207-1	964b85d1b8b9e58a557ef2cc2c7db25cf81dbef27e6949b2c09c4739df91e28f	pages	pages	https://i-campus.hokkyodai.ac.jp/hug/.assets/HUG%E4%BD%BF%E7%94%A8%E7%94%B3%E8%BE%BC%E6%9B%B8%28%E5%AD%A6%E5%86%85%E8%80%85%E7%94%A8%29.pages	https://data.commoncrawl.org/crawl-data/CC-MAIN-2026-34/segments/1786091385439.63/warc/CC-MAIN-20260811223931-20260812013931-00681.warc.gz	856981	cc payload verified; Document.iwa root type 10000=TP.DocumentArchive; mime=
CC-MAIN-2026-34-cdx-00079-3	5f2ccdce6074e108599abcf7578e3c0ee2dfa5cae6e9f2baddf6bac4fdf11325	key	keynote	https://www.homeworkforyou.com/static_media/uploadedfiles/Melissa's%20chap%206.key	https://data.commoncrawl.org/crawl-data/CC-MAIN-2026-34/segments/1786091678506.74/warc/CC-MAIN-20260818162855-20260818192855-00680.warc.gz	79556240	origin refetch (cc incomplete: truncated=True digest_ok=True zip_ok=False); slide iwa present (Index/Slide-633-2.iwa); root type 1; mime=
CC-MAIN-2026-34-cdx-00207-5	81706ab71fe9b69e5da14fb2deae12f18846e421f1155de97478818c162877d6	numbers	numbers	https://aoiro-chiba.jp/wp/wp-content/uploads/2024/03/c01662dad0a3c6bb2b529b0609938994.numbers	https://data.commoncrawl.org/crawl-data/CC-MAIN-2026-34/segments/1786091385710.35/warc/CC-MAIN-20260814114419-20260814144419-00874.warc.gz	792484	cc payload verified; Document.iwa root type 1=TN.DocumentArchive; mime=
CC-MAIN-2026-34-cdx-00223-1	3a3c332f1bc6f4ae8a76b287a837e38907ac93a3a3bd4bb2a9f1aa0e9f636802	pages	pages	https://resources.finalsite.net/files/t_file_download/v1773771249/ccsk12inus/a3itriynvt8it9lyeub4/CHSPTOmeeting3-6-26.pages	https://data.commoncrawl.org/crawl-data/CC-MAIN-2026-34/segments/1786091385953.65/warc/CC-MAIN-20260816062741-20260816092741-00109.warc.gz	706587	cc payload verified; Document.iwa root type 10000=TP.DocumentArchive; mime=
CC-MAIN-2026-34-cdx-00223-2	b89105e822d01621a3b2dfb9c527a6a4ad147849e677b9a3c25af65e5f67276e	pages	pages	https://resources.finalsite.net/files/t_file_download/v1773771494/ccsk12inus/w0ll2pyqt8erudz7enin/CHSPTOgenmtg2-6-26.pages	https://data.commoncrawl.org/crawl-data/CC-MAIN-2026-34/segments/1786091385953.65/warc/CC-MAIN-20260816062741-20260816092741-00399.warc.gz	713994	cc payload verified; Document.iwa root type 10000=TP.DocumentArchive; mime=
CC-MAIN-2026-34-cdx-00223-3	4f875977d35dac88682548fcf96df3d0d2385298bde1cc07b96b9345c9ef3cb8	pages	pages	https://resources.finalsite.net/files/t_file_download/v1773771803/ccsk12inus/xwhryvmxoqjrsnigprpp/PTONovgenmeetingminutes11-13-25.pages	https://data.commoncrawl.org/crawl-data/CC-MAIN-2026-34/segments/1786091385953.65/warc/CC-MAIN-20260816062741-20260816092741-00123.warc.gz	743725	cc payload verified; Document.iwa root type 10000=TP.DocumentArchive; mime=
CC-MAIN-2026-34-cdx-00223-4	8dfa5f6792922b701eebcfeeb20b47221de970766b79c7a2faa388d3558214b5	pages	pages	https://resources.finalsite.net/files/t_file_download/v1773771936/ccsk12inus/dyfnhstjl8exzpw0spnt/PTOgenmeetingminutes9-19-25.pages	https://data.commoncrawl.org/crawl-data/CC-MAIN-2026-34/segments/1786091385953.65/warc/CC-MAIN-20260816062741-20260816092741-00149.warc.gz	700869	cc payload verified; Document.iwa root type 10000=TP.DocumentArchive; mime=
CC-MAIN-2026-34-cdx-00207-3	69b995b12fba9dd62c4bfc9d75b97a622311a4397030b22d8b36a1e9c3f299c4	legacy	legacy-unknown	https://www.astr.tohoku.ac.jp/jgrg21/presentations/I29-01-jgrgr21-peloso.key	https://data.commoncrawl.org/crawl-data/CC-MAIN-2026-34/segments/1786091385439.63/warc/CC-MAIN-20260811223931-20260812013931-00822.warc.gz	6004439	origin refetch (cc incomplete: truncated=True digest_ok=True zip_ok=False); legacy bundle: members=['index.apxl'] (pre-iWork-13); mime=
CC-MAIN-2026-34-cdx-00223-5	8f373688f882e2f98df537f38e7914183e98e5eb0b4e9da1bebe922726eee02c	pages	pages	https://resources.finalsite.net/files/t_file_download/v1773772093/ccsk12inus/tzrquzsrln5xoyj7zqvw/CHSminutesgeneralmeeting8-29-25.pages	https://data.commoncrawl.org/crawl-data/CC-MAIN-2026-34/segments/1786091385953.65/warc/CC-MAIN-20260816062741-20260816092741-00757.warc.gz	748285	cc payload verified; Document.iwa root type 10000=TP.DocumentArchive; mime=
CC-MAIN-2026-34-cdx-00223-6	465c81a85a37063983ac3c959e6a3c983e3d278620acaee8e61286403824ffde	pages	pages	https://resources.finalsite.net/files/t_file_download/v1778794338/ccsk12inus/flvsshtkv4pgwyyhvsst/PTOgeneralmeetingminutesMay12026.pages	https://data.commoncrawl.org/crawl-data/CC-MAIN-2026-34/segments/1786091385953.65/warc/CC-MAIN-20260816062741-20260816092741-00197.warc.gz	713637	cc payload verified; Document.iwa root type 10000=TP.DocumentArchive; mime=
CC-MAIN-2026-34-cdx-00207-4	d8b641223e3c67dd9b637b68979ed1df4c9240f36796a0da7dde795b656bfb1b	legacy	legacy-unknown	https://www.astr.tohoku.ac.jp/jgrg21/presentations/O28-05-JGRG21_saikawa.key	https://data.commoncrawl.org/crawl-data/CC-MAIN-2026-34/segments/1786091385439.63/warc/CC-MAIN-20260811223931-20260812013931-00514.warc.gz	12826465	origin refetch (cc incomplete: truncated=True digest_ok=True zip_ok=False); legacy bundle: members=['index.apxl'] (pre-iWork-13); mime=
CC-MAIN-2026-34-cdx-00223-7	551dcf726d773f1511ef935d01b2e93faf62fe3dc6d3f822dabfe10c3173df8a	key	keynote	https://resources.finalsite.net/files/t_file_download/v1784829108/bsd100org/txobztvkyrhzcoljd5mr/WebsiteOne-YearReviewSurvey_1.key	https://data.commoncrawl.org/crawl-data/CC-MAIN-2026-34/segments/1786091385328.36/warc/CC-MAIN-20260810095832-20260810125832-00679.warc.gz	2129841	cc payload verified; slide iwa present (Index/Slide-26177.iwa); root type 1; mime=
CC-MAIN-2026-34-cdx-00239-1	1ea99385959d4c2351b47cca7496eadc4ee06af4e894dad8e2d8e32e7b574662	pages	pages	https://www.crhf.org/wp-content/uploads/2017/01/Year-Report-2016.pages	https://data.commoncrawl.org/crawl-data/CC-MAIN-2026-34/segments/1786091385254.10/warc/CC-MAIN-20260809154047-20260809184047-00119.warc.gz	10526404	origin refetch (cc incomplete: truncated=True digest_ok=True zip_ok=False); Document.iwa root type 10000=TP.DocumentArchive; mime=
CC-MAIN-2026-34-cdx-00223-8	f2f94892fed72af353896b615e04d49fe84d6ad2aea8a26355e243dbe7ab11d5	key	keynote	https://g-three.net/wp-content/uploads/2020/11/21db1816230f4fe7cfbbfbded0fc6073.key	https://data.commoncrawl.org/crawl-data/CC-MAIN-2026-34/segments/1786091385574.53/warc/CC-MAIN-20260813111745-20260813141745-00903.warc.gz	4522378	cc payload verified; slide iwa present (Index/MasterSlide-9833.iwa); root type 1; mime=
CC-MAIN-2026-34-cdx-00239-3	2bb490dc3bad128ad7ac163d0844fb4d306efbfe3e6c1c79b562ede793345cc6	key	keynote	https://www.deeplearningbook.org/slides/02_linear_algebra.key	https://data.commoncrawl.org/crawl-data/CC-MAIN-2026-34/segments/1786091385582.55/warc/CC-MAIN-20260813142326-20260813172326-00214.warc.gz	18251285	origin refetch (cc incomplete: truncated=True digest_ok=True zip_ok=False); slide iwa present (Index/Slide-16.iwa); root type 1; mime=
CC-MAIN-2026-34-cdx-00239-4	6602ed10b456abd311f40adb4cbedda7d4f7787af3baab02ac3fe1d21fd3d48d	key	keynote	https://www.deeplearningbook.org/slides/batch_norm.key	https://data.commoncrawl.org/crawl-data/CC-MAIN-2026-34/segments/1786091385582.55/warc/CC-MAIN-20260813142326-20260813172326-00824.warc.gz	2518346	cc payload verified; slide iwa present (Index/MasterSlide-3.iwa); root type 1; mime=
CC-MAIN-2026-34-cdx-00255-1	833dd99e8806e5105e191c78787c4c52224cf60f9aed609c48c3c81cd6fca2fa	pages	pages	https://kultura.oil.lublin.pl/wp-content/uploads/2023/05/Formularz_zgloszeniowy_-VII_konkurs_literacki-.pages	https://data.commoncrawl.org/crawl-data/CC-MAIN-2026-34/segments/1786091385328.36/warc/CC-MAIN-20260810095832-20260810125832-00517.warc.gz	250990	cc payload verified; Document.iwa root type 10000=TP.DocumentArchive; mime=
CC-MAIN-2026-34-cdx-00239-5	3850f7c3dd011e8aeac3bc486fa7420ff91c13245c5343fd6a0cbb6d4f0eadb4	key	keynote	https://seville2017.drupaldays.org/sites/default/files/basic-pages/DrupalDeveloperDays-session-template.v2.key	https://data.commoncrawl.org/crawl-data/CC-MAIN-2026-34/segments/1786091385565.71/warc/CC-MAIN-20260813081409-20260813111409-00395.warc.gz	1918304	cc payload verified; slide iwa present (Index/Slide-14594.iwa); root type 1; mime=
CC-MAIN-2026-34-cdx-00271-2	759bf711fc97c2ecdb130345184f8b4403dbbf97baaeec4f847960798701f47d	pages	pages	https://provgs.ru/files/POPD_VGS.pages	https://data.commoncrawl.org/crawl-data/CC-MAIN-2026-34/segments/1786091385010.77/warc/CC-MAIN-20260807175542-20260807205542-00167.warc.gz	364080	cc payload verified; Document.iwa root type 10000=TP.DocumentArchive; mime=
CC-MAIN-2026-34-cdx-00271-1	0bd303a67ad7aaef15c5288f74c4252734d8e874c178f83069d24a556a9bd241	pages	pages	http://pravadolshhikov.ru/wp-content/uploads/2018/04/pdf-Povestka-12.04.pages	https://data.commoncrawl.org/crawl-data/CC-MAIN-2026-34/segments/1786091387114.72/warc/CC-MAIN-20260817035111-20260817065111-00480.warc.gz	787048	cc payload verified; Document.iwa root type 10000=TP.DocumentArchive; mime=
CC-MAIN-2026-34-cdx-00239-2	f18816cc25ef82936fc9ed684bc5617d0485e794cd6d560c0508a064a2f41ef7	key	keynote	https://indico.cta-observatory.org/event/5561/contributions/45929/attachments/26256/38548/LST-mazin-ctaoschool-2024.key	https://data.commoncrawl.org/crawl-data/CC-MAIN-2026-34/segments/1786091387097.89/warc/CC-MAIN-20260817004738-20260817034738-00512.warc.gz	104363702	origin refetch (cc incomplete: truncated=True digest_ok=True zip_ok=False); slide iwa present (Index/Slide-4486786.iwa); root type 1; mime=
